ISO-10303-21;
HEADER;
FILE_DESCRIPTION (( 'STEP AP203' ),
    '1' );
FILE_NAME ('M-COMA-340012-B.STEP',
    '2024-08-20T09:09:03',
    ( '' ),
    ( '' ),
    'SwSTEP 2.0',
    'SolidWorks 2019',
    '' );
FILE_SCHEMA (( 'CONFIG_CONTROL_DESIGN' ));
ENDSEC;

DATA;
#1 = AXIS2_PLACEMENT_3D ( 'NONE', #2190, #2983, #371 ) ;
#2 = CARTESIAN_POINT ( 'NONE',  ( 0.3557443960555174423, 165.4696592018601393, -180.0797264082861773 ) ) ;
#3 = DIRECTION ( 'NONE',  ( 0.000000000000000000, 0.3522337680564202600, 0.9359120539029166519 ) ) ;
#4 = VERTEX_POINT ( 'NONE', #1590 ) ;
#5 = CARTESIAN_POINT ( 'NONE',  ( 30.74638141706809691, 147.6091021480238226, -167.1718625217506542 ) ) ;
#6 = EDGE_CURVE ( 'NONE', #1162, #1827, #2427, .T. ) ;
#7 = SHAPE_DEFINITION_REPRESENTATION ( #2855, #2829 ) ;
#8 = DIRECTION ( 'NONE',  ( -0.004944046975061859063, 0.01088478573707893880, 0.9999285363659576875 ) ) ;
#9 = ORIENTED_EDGE ( 'NONE', *, *, #1514, .F. ) ;
#10 = ADVANCED_FACE ( 'NONE', ( #1623 ), #2655, .F. ) ;
#11 = FACE_OUTER_BOUND ( 'NONE', #835, .T. ) ;
#12 = CARTESIAN_POINT ( 'NONE',  ( 11.74885466313691573, 208.5096711903894402, -159.5344575563746332 ) ) ;
#13 = DIRECTION ( 'NONE',  ( -0.004944046975061859930, 0.01088478573707893707, 0.9999285363659576875 ) ) ;
#14 = CARTESIAN_POINT ( 'NONE',  ( -33.25545660995214803, 218.0095501720113020, -163.3331545649010650 ) ) ;
#15 = CARTESIAN_POINT ( 'NONE',  ( -22.26758178613500760, 197.4415929613330150, -155.5378309912250643 ) ) ;
#16 = LINE ( 'NONE', #558, #2926 ) ;
#17 = EDGE_LOOP ( 'NONE', ( #972, #1542, #1703, #69 ) ) ;
#18 = CARTESIAN_POINT ( 'NONE',  ( -5.764745313825156536, 164.7348264575746271, -155.7147500032575635 ) ) ;
#19 = CARTESIAN_POINT ( 'NONE',  ( -10.64424376465254696, 163.3110285799804444, -180.0858173014539716 ) ) ;
#20 = ORIENTED_EDGE ( 'NONE', *, *, #3346, .T. ) ;
#21 = DIRECTION ( 'NONE',  ( 1.000000000000000000, 8.531256904833195040E-16, -9.286754012891882187E-18 ) ) ;
#22 = ORIENTED_EDGE ( 'NONE', *, *, #1025, .T. ) ;
#23 = ORIENTED_EDGE ( 'NONE', *, *, #1345, .T. ) ;
#24 = CIRCLE ( 'NONE', #909, 3.999999999999999112 ) ;
#25 = CARTESIAN_POINT ( 'NONE',  ( -30.13440450868840159, 151.4144224734105535, -185.0778400798410530 ) ) ;
#26 = DIRECTION ( 'NONE',  ( 0.9999877781250671172, 5.381554972533323956E-05, 0.004943754077442170589 ) ) ;
#27 = EDGE_CURVE ( 'NONE', #396, #854, #797, .T. ) ;
#28 = CARTESIAN_POINT ( 'NONE',  ( -22.12267949585223192, 179.9621083446270120, -184.6573723309583102 ) ) ;
#29 = DIRECTION ( 'NONE',  ( 0.004944046975062000443, -0.01088478573707908105, -0.9999285363659576875 ) ) ;
#30 = ADVANCED_FACE ( 'NONE', ( #1081 ), #1325, .F. ) ;
#31 = EDGE_LOOP ( 'NONE', ( #3119, #905, #784, #1376, #1220, #1029, #1195, #1397, #2760, #1324, #2973, #656 ) ) ;
#32 = CIRCLE ( 'NONE', #2651, 1.999999999999990896 ) ;
#33 = CARTESIAN_POINT ( 'NONE',  ( -5.683734648495124553, 164.5564738369415068, -172.0990757230749750 ) ) ;
#34 = PLANE ( 'NONE',  #820 ) ;
#35 = AXIS2_PLACEMENT_3D ( 'NONE', #3191, #2358, #3429 ) ;
#36 = VERTEX_POINT ( 'NONE', #534 ) ;
#37 = CARTESIAN_POINT ( 'NONE',  ( 11.73872594357487387, 212.9135119311717972, -156.9179503666915991 ) ) ;
#38 = VECTOR ( 'NONE', #2349, 999.9999999999998863 ) ;
#39 = VERTEX_POINT ( 'NONE', #3223 ) ;
#40 = CIRCLE ( 'NONE', #2436, 1.700000000000017275 ) ;
#41 = ORIENTED_EDGE ( 'NONE', *, *, #1789, .T. ) ;
#42 = VECTOR ( 'NONE', #1513, 1000.000000000000114 ) ;
#43 = DIRECTION ( 'NONE',  ( 0.000000000000000000, 0.01088491877120073038, 0.9999407575168363094 ) ) ;
#44 = DIRECTION ( 'NONE',  ( 0.000000000000000000, 0.9999407575168363094, -0.01088491877120073038 ) ) ;
#45 = LINE ( 'NONE', #1646, #1040 ) ;
#46 = ADVANCED_FACE ( 'NONE', ( #2129 ), #782, .T. ) ;
#47 = B_SPLINE_CURVE_WITH_KNOTS ( 'NONE', 3,
 ( #2894, #331, #3432, #2118, #2099, #265, #246, #771, #3195, #3176, #1053, #2383 ),
 .UNSPECIFIED., .F., .F.,
 ( 4, 2, 2, 2, 2, 4 ),
 ( 0.000000000000000000, 0.0002120866455269206834, 0.0004241732910538413667, 0.0008483465821075804932, 0.001272519873161319457, 0.001696693164215058421 ),
 .UNSPECIFIED. ) ;
#48 = DIRECTION ( 'NONE',  ( -0.004645884459284533446, 0.3522282340390548439, 0.9359026054581320864 ) ) ;
#49 = CARTESIAN_POINT ( 'NONE',  ( -18.95687032497506763, 194.1461028609131176, -152.9796150811571636 ) ) ;
#50 = VECTOR ( 'NONE', #876, 1000.000000000000114 ) ;
#51 = ORIENTED_EDGE ( 'NONE', *, *, #937, .F. ) ;
#52 = DIRECTION ( 'NONE',  ( 0.004944046975061859930, -0.01088478573707893360, -0.9999285363659576875 ) ) ;
#53 = EDGE_CURVE ( 'NONE', #2017, #1162, #1964, .T. ) ;
#54 = CARTESIAN_POINT ( 'NONE',  ( 31.36103774222176455, 150.6497479960387409, -184.4143323149521905 ) ) ;
#55 = VERTEX_POINT ( 'NONE', #3205 ) ;
#56 = CARTESIAN_POINT ( 'NONE',  ( -19.65328635139156077, 160.6605009443828749, -151.3433283141924335 ) ) ;
#57 = AXIS2_PLACEMENT_3D ( 'NONE', #2438, #48, #1108 ) ;
#58 = ORIENTED_EDGE ( 'NONE', *, *, #2262, .T. ) ;
#59 = ORIENTED_EDGE ( 'NONE', *, *, #3442, .F. ) ;
#60 = CARTESIAN_POINT ( 'NONE',  ( -30.57073222257621481, 151.2688094613511112, -155.1855393492979829 ) ) ;
#61 = CARTESIAN_POINT ( 'NONE',  ( -26.22024586657727951, 150.7194738116612598, -157.0489208799637595 ) ) ;
#62 = CARTESIAN_POINT ( 'NONE',  ( 8.589554005578456497, 165.5021862305926561, -155.0375825139473704 ) ) ;
#63 = CARTESIAN_POINT ( 'NONE',  ( 27.26176529614422250, 150.7255093673932436, -156.4944658309611043 ) ) ;
#64 = CARTESIAN_POINT ( 'NONE',  ( -27.81219027735863136, 150.7302731910575062, -156.0568381790080537 ) ) ;
#65 = EDGE_LOOP ( 'NONE', ( #282, #1167, #3380, #3274 ) ) ;
#66 = EDGE_CURVE ( 'NONE', #348, #1575, #1884, .T. ) ;
#67 = DIRECTION ( 'NONE',  ( 0.004944046975062000443, -0.01088478573707908105, -0.9999285363659576875 ) ) ;
#68 = CARTESIAN_POINT ( 'NONE',  ( 18.76117868220302043, 163.1118028499794832, -152.3869143828053438 ) ) ;
#69 = ORIENTED_EDGE ( 'NONE', *, *, #66, .F. ) ;
#70 = EDGE_CURVE ( 'NONE', #1482, #2444, #3239, .T. ) ;
#71 = CARTESIAN_POINT ( 'NONE',  ( -18.97701301791239104, 161.9256001844801176, -152.2384276977127229 ) ) ;
#72 = DIRECTION ( 'NONE',  ( 0.000000000000000000, -0.9359127059959955197, 0.3522320353903845569 ) ) ;
#73 = ORIENTED_EDGE ( 'NONE', *, *, #1854, .F. ) ;
#74 = EDGE_LOOP ( 'NONE', ( #3192, #2169 ) ) ;
#75 = CYLINDRICAL_SURFACE ( 'NONE', #3188, 31.99999999999998934 ) ;
#76 = VECTOR ( 'NONE', #2922, 1000.000000000000000 ) ;
#77 = CARTESIAN_POINT ( 'NONE',  ( -11.61938870656998546, 166.3331170897118341, -185.1486928297417194 ) ) ;
#78 = CIRCLE ( 'NONE', #3038, 35.94690529099829490 ) ;
#79 = DIRECTION ( 'NONE',  ( 0.000000000000000000, 0.9999407575168363094, -0.01088491877119457038 ) ) ;
#80 = CARTESIAN_POINT ( 'NONE',  ( 0.4051848658061359409, 132.3627663464338013, -189.7198094524962926 ) ) ;
#81 = PLANE ( 'NONE',  #297 ) ;
#82 = ORIENTED_EDGE ( 'NONE', *, *, #1170, .F. ) ;
#83 = CARTESIAN_POINT ( 'NONE',  ( -25.67664622055297130, 145.3655958826320784, -189.5306287767359379 ) ) ;
#84 = CARTESIAN_POINT ( 'NONE',  ( 18.61282134624563156, 163.3750338174868943, -152.4256524354210569 ) ) ;
#85 = CC_DESIGN_PERSON_AND_ORGANIZATION_ASSIGNMENT ( #1449, #975, ( #440 ) ) ;
#86 = ORIENTED_EDGE ( 'NONE', *, *, #1252, .T. ) ;
#87 = VECTOR ( 'NONE', #3397, 1000.000000000000114 ) ;
#88 = CARTESIAN_POINT ( 'NONE',  ( -18.88343993445476698, 162.0971890398484447, -152.3053243779404511 ) ) ;
#89 = LINE ( 'NONE', #3323, #2716 ) ;
#90 = EDGE_CURVE ( 'NONE', #104, #348, #3271, .T. ) ;
#91 = ORIENTED_EDGE ( 'NONE', *, *, #900, .F. ) ;
#92 = EDGE_LOOP ( 'NONE', ( #2868, #836, #23, #1967 ) ) ;
#93 = CIRCLE ( 'NONE', #1814, 28.59999999999998366 ) ;
#94 = EDGE_CURVE ( 'NONE', #1346, #2640, #2846, .T. ) ;
#95 = LINE ( 'NONE', #571, #3014 ) ;
#96 = CIRCLE ( 'NONE', #1375, 9.999999999999992895 ) ;
#97 = PLANE ( 'NONE',  #305 ) ;
#98 = VECTOR ( 'NONE', #1245, 1000.000000000000227 ) ;
#99 = PLANE ( 'NONE',  #2713 ) ;
#100 = FACE_OUTER_BOUND ( 'NONE', #1950, .T. ) ;
#101 = CARTESIAN_POINT ( 'NONE',  ( -17.77999690200985938, 132.7699771316785871, -152.3114769121897041 ) ) ;
#102 = LINE ( 'NONE', #3022, #3108 ) ;
#103 = CARTESIAN_POINT ( 'NONE',  ( 19.25542878710650641, 162.2176922117873801, -152.1620500592064786 ) ) ;
#104 = VERTEX_POINT ( 'NONE', #1394 ) ;
#105 = DIRECTION ( 'NONE',  ( -2.006394976986770684E-16, -0.9999407575168361983, 0.01088491877119424772 ) ) ;
#106 = ORIENTED_EDGE ( 'NONE', *, *, #1279, .F. ) ;
#107 = ORIENTED_EDGE ( 'NONE', *, *, #1645, .T. ) ;
#108 = ADVANCED_FACE ( 'NONE', ( #583 ), #2705, .T. ) ;
#109 = CIRCLE ( 'NONE', #2844, 1.999999999999990896 ) ;
#110 = DIRECTION ( 'NONE',  ( 0.000000000000000000, -0.9999407575168364204, 0.01088491877118685260 ) ) ;
#111 = CARTESIAN_POINT ( 'NONE',  ( 0.4002408188309498072, 132.3736511321704370, -188.7198809161300233 ) ) ;
#112 = EDGE_CURVE ( 'NONE', #748, #2528, #2418, .T. ) ;
#113 = CYLINDRICAL_SURFACE ( 'NONE', #2656, 2.000000000000004441 ) ;
#114 = CARTESIAN_POINT ( 'NONE',  ( 27.65801033024413158, 150.7403880167788941, -155.1276418563954849 ) ) ;
#115 = CARTESIAN_POINT ( 'NONE',  ( -26.92361836816657927, 150.7253458586918100, -156.5094865231855579 ) ) ;
#116 = CARTESIAN_POINT ( 'NONE',  ( 25.46968195106870070, 146.2186893942785559, -142.7433510466564712 ) ) ;
#117 = CARTESIAN_POINT ( 'NONE',  ( 19.50598765408654955, 161.7540213105210114, -151.9725807873460610 ) ) ;
#118 = EDGE_LOOP ( 'NONE', ( #3413, #1309, #1724, #3310 ) ) ;
#119 = CARTESIAN_POINT ( 'NONE',  ( -18.39760819500319755, 162.9757699974695413, -152.5457362690008267 ) ) ;
#120 = CARTESIAN_POINT ( 'NONE',  ( 11.37848458078005009, 162.6935093856978938, -184.6220369261897929 ) ) ;
#121 = ORIENTED_EDGE ( 'NONE', *, *, #1025, .F. ) ;
#122 = ORIENTED_EDGE ( 'NONE', *, *, #171, .F. ) ;
#123 = EDGE_CURVE ( 'NONE', #1076, #2266, #1932, .T. ) ;
#124 = CARTESIAN_POINT ( 'NONE',  ( 26.76002574110636090, 145.8858969984691214, -141.7332769688570693 ) ) ;
#125 = DIRECTION ( 'NONE',  ( 0.000000000000000000, 0.9999407575168363094, -0.01088491877119485488 ) ) ;
#126 = CARTESIAN_POINT ( 'NONE',  ( 26.84856775600225021, 182.6133889941556561, -178.7491924292937711 ) ) ;
#127 = EDGE_CURVE ( 'NONE', #1823, #1575, #1463, .T. ) ;
#128 = DIRECTION ( 'NONE',  ( 0.000000000000000000, -0.9359127059959950756, 0.3522320353903860557 ) ) ;
#129 = CIRCLE ( 'NONE', #677, 1.599999999999991207 ) ;
#130 = CARTESIAN_POINT ( 'NONE',  ( 6.306230595055438926, 166.8787529373012433, -170.0649289145644332 ) ) ;
#131 = CARTESIAN_POINT ( 'NONE',  ( 19.11104076418830289, 162.4812052117476640, -152.2428483046545296 ) ) ;
#132 = ADVANCED_FACE ( 'NONE', ( #706 ), #949, .F. ) ;
#133 = AXIS2_PLACEMENT_3D ( 'NONE', #1801, #3372, #404 ) ;
#134 = ORIENTED_EDGE ( 'NONE', *, *, #1465, .T. ) ;
#135 = LINE ( 'NONE', #1192, #961 ) ;
#136 = DIRECTION ( 'NONE',  ( 0.000000000000000000, -0.9359127059959930772, 0.3522320353903913848 ) ) ;
#137 = EDGE_LOOP ( 'NONE', ( #2667, #1556, #2234, #2357 ) ) ;
#138 = ORIENTED_EDGE ( 'NONE', *, *, #724, .F. ) ;
#139 = COORDINATED_UNIVERSAL_TIME_OFFSET ( 8, 0, .AHEAD. ) ;
#140 = CARTESIAN_POINT ( 'NONE',  ( 0.1678706110031576715, 132.8852360618128898, -141.7232397069533079 ) ) ;
#141 = ORIENTED_EDGE ( 'NONE', *, *, #1519, .F. ) ;
#142 = FACE_BOUND ( 'NONE', #258, .T. ) ;
#143 = CIRCLE ( 'NONE', #2767, 35.94690529099798226 ) ;
#144 = CARTESIAN_POINT ( 'NONE',  ( 0.1621951361393628999, 132.8977311550352169, -140.5753806145212366 ) ) ;
#145 = DIRECTION ( 'NONE',  ( -0.004645884459284543855, 0.3522282340390547328, 0.9359026054581319753 ) ) ;
#146 = ADVANCED_FACE ( 'NONE', ( #183 ), #684, .T. ) ;
#147 = DIRECTION ( 'NONE',  ( 0.004944046975061859063, -0.01088478573707893186, -0.9999285363659575765 ) ) ;
#148 = CARTESIAN_POINT ( 'NONE',  ( 26.56871976253316703, 150.7873252950261644, -189.7910081715080253 ) ) ;
#149 = EDGE_LOOP ( 'NONE', ( #2115, #1765, #464, #410 ) ) ;
#150 = LINE ( 'NONE', #1716, #2471 ) ;
#151 = EDGE_CURVE ( 'NONE', #1521, #804, #2305, .T. ) ;
#152 = DIRECTION ( 'NONE',  ( 0.004944046975061859063, -0.01088478573707842359, -0.9999285363659575765 ) ) ;
#153 = CARTESIAN_POINT ( 'NONE',  ( -8.644145607070084836, 172.4687601645304653, -180.2004146263815016 ) ) ;
#154 = ORIENTED_EDGE ( 'NONE', *, *, #3253, .F. ) ;
#155 = CIRCLE ( 'NONE', #3010, 33.00000000000001421 ) ;
#156 = ORIENTED_EDGE ( 'NONE', *, *, #639, .T. ) ;
#157 = DIRECTION ( 'NONE',  ( -3.205384430647085565E-16, 0.9999407575168364204, -0.01088491877119481671 ) ) ;
#158 = LINE ( 'NONE', #3350, #2878 ) ;
#159 = ORIENTED_EDGE ( 'NONE', *, *, #3079, .T. ) ;
#160 = VECTOR ( 'NONE', #507, 1000.000000000000227 ) ;
#161 = FACE_OUTER_BOUND ( 'NONE', #1046, .T. ) ;
#162 = CARTESIAN_POINT ( 'NONE',  ( 9.071080868421724119, 165.9773663785032909, -151.5566326425218904 ) ) ;
#163 = CARTESIAN_POINT ( 'NONE',  ( 0.2173110807537758926, 171.6917270918229406, -152.1461404693836528 ) ) ;
#164 = CARTESIAN_POINT ( 'NONE',  ( -26.73604057928998401, 151.3943212243762275, -155.4412980650112672 ) ) ;
#165 = CARTESIAN_POINT ( 'NONE',  ( -9.200034874444025235, 166.6906978356710454, -152.4308045313009643 ) ) ;
#166 = ADVANCED_FACE ( 'NONE', ( #1774 ), #2543, .F. ) ;
#167 = ORIENTED_EDGE ( 'NONE', *, *, #2179, .F. ) ;
#168 = DIRECTION ( 'NONE',  ( -0.004645884459284544722, 0.3522282340390547328, 0.9359026054581320864 ) ) ;
#169 = CARTESIAN_POINT ( 'NONE',  ( -16.38196829969783863, 162.8885519172573879, -150.6322792247856341 ) ) ;
#170 = LINE ( 'NONE', #1554, #1709 ) ;
#171 = EDGE_CURVE ( 'NONE', #2087, #1760, #2523, .T. ) ;
#172 = ORIENTED_EDGE ( 'NONE', *, *, #1301, .T. ) ;
#173 = ORIENTED_EDGE ( 'NONE', *, *, #2848, .T. ) ;
#174 = PERSON_AND_ORGANIZATION ( #2362, #2108 ) ;
#175 = DIRECTION ( 'NONE',  ( 2.006394976986768959E-16, 0.9999407575168361983, -0.01088491877119504396 ) ) ;
#176 = ORIENTED_EDGE ( 'NONE', *, *, #3020, .T. ) ;
#177 = CARTESIAN_POINT ( 'NONE',  ( -33.26443915999968937, 196.8685755865437841, -151.1028152694878770 ) ) ;
#178 = DIRECTION ( 'NONE',  ( 0.000000000000000000, -0.9359127059959950756, 0.3522320353903860557 ) ) ;
#179 = DIRECTION ( 'NONE',  ( 0.000000000000000000, -0.9999407575168361983, 0.01088491877119450273 ) ) ;
#180 = LINE ( 'NONE', #2067, #2486 ) ;
#181 = CARTESIAN_POINT ( 'NONE',  ( 0.9060831996387633813, 151.4160929547367402, -184.9243816666177054 ) ) ;
#182 = ORIENTED_EDGE ( 'NONE', *, *, #2609, .F. ) ;
#183 = FACE_OUTER_BOUND ( 'NONE', #2429, .T. ) ;
#184 = CARTESIAN_POINT ( 'NONE',  ( 0.3557443960555080054, 132.4716142038039095, -179.7205240888596336 ) ) ;
#185 = VECTOR ( 'NONE', #1768, 1000.000000000000227 ) ;
#186 = DIRECTION ( 'NONE',  ( -0.004645884459284523038, 0.3522282340390548439, 0.9359026054581319753 ) ) ;
#187 =( BOUNDED_SURFACE ( )  B_SPLINE_SURFACE ( 3, 2, ( 
 ( #2747, #61, #2188 ),
 ( #2207, #1969, #857 ),
 ( #1921, #1157, #1106 ),
 ( #3048, #644, #2981 ),
 ( #351, #2172, #1712 ),
 ( #838, #1905, #573 ),
 ( #592, #2714, #1399 ),
 ( #1417, #1121, #2484 ),
 ( #2731, #2551, #2308 ),
 ( #2257, #941, #2835 ),
 ( #2872, #1764, #1796 ),
 ( #1183, #435, #2813 ) ),
 .UNSPECIFIED., .F., .F., .F. ) 
 B_SPLINE_SURFACE_WITH_KNOTS ( ( 4, 2, 2, 2, 2, 4 ),
 ( 3, 3 ),
 ( 0.000000000000000000, 0.0004334512585993208385, 0.0006501768878989812577, 0.0008669025171986416770, 0.001300353775797962515, 0.001733805034397283354 ),
 ( 0.000000000000000000, 1.000000000000000000 ),
 .UNSPECIFIED. ) 
 GEOMETRIC_REPRESENTATION_ITEM ( )  RATIONAL_B_SPLINE_SURFACE ( (
 ( 1.000000000000000000, 0.8876253645985930918, 1.000000000000000000),
 ( 1.000000000000000000, 0.8877155431724622625, 1.000000000000000000),
 ( 1.000000000000000000, 0.8821376127929131394, 1.000000000000000000),
 ( 1.000000000000000000, 0.8674535863262669011, 1.000000000000000000),
 ( 1.000000000000000000, 0.8614375996481701270, 1.000000000000000000),
 ( 1.000000000000000000, 0.8477654214624180673, 1.000000000000000000),
 ( 1.000000000000000000, 0.8401382991331646233, 1.000000000000000000),
 ( 1.000000000000000000, 0.8149524588290076865, 1.000000000000000000),
 ( 1.000000000000000000, 0.7956312035741849309, 1.000000000000000000),
 ( 1.000000000000000000, 0.7534052032361741036, 1.000000000000000000),
 ( 1.000000000000000000, 0.7310359053780274285, 1.000000000000000000),
 ( 1.000000000000000000, 0.7071067811865460184, 1.000000000000000000) ) ) 
 REPRESENTATION_ITEM ( '' )  SURFACE ( )  );
#188 = VERTEX_POINT ( 'NONE', #1229 ) ;
#189 = ORIENTED_EDGE ( 'NONE', *, *, #2520, .T. ) ;
#190 = ADVANCED_FACE ( 'NONE', ( #1737 ), #2251, .F. ) ;
#191 = DIRECTION ( 'NONE',  ( 0.000000000000000000, 0.01088491877119481498, 0.9999407575168361983 ) ) ;
#192 = CARTESIAN_POINT ( 'NONE',  ( 27.90793853109654066, 151.5999421617617031, -154.8400306793615187 ) ) ;
#193 = ORIENTED_EDGE ( 'NONE', *, *, #2327, .T. ) ;
#194 = EDGE_CURVE ( 'NONE', #2880, #804, #624, .T. ) ;
#195 = DIRECTION ( 'NONE',  ( 0.000000000000000000, 0.9359127059959950756, -0.3522320353903856671 ) ) ;
#196 = FACE_BOUND ( 'NONE', #1003, .T. ) ;
#197 = DIRECTION ( 'NONE',  ( -0.004645884459284543855, 0.3522282340390547328, 0.9359026054581319753 ) ) ;
#198 = AXIS2_PLACEMENT_3D ( 'NONE', #2557, #2051, #1208 ) ;
#199 = CARTESIAN_POINT ( 'NONE',  ( -26.19538785782007650, 151.2332261075437145, -156.0244035801690643 ) ) ;
#200 = CARTESIAN_POINT ( 'NONE',  ( 18.21956311049257593, 164.0623919849941785, -152.4741162500785947 ) ) ;
#201 = B_SPLINE_CURVE_WITH_KNOTS ( 'NONE', 3,
 ( #3177, #1837, #1597, #2662 ),
 .UNSPECIFIED., .F., .F.,
 ( 4, 4 ),
 ( -3.577708764000775215E-05, 0.006124374002030306616 ),
 .UNSPECIFIED. ) ;
#202 = EDGE_LOOP ( 'NONE', ( #3012, #2342, #1985, #332, #2316 ) ) ;
#203 = DIRECTION ( 'NONE',  ( 0.004944046975061859063, -0.01088478573707840624, -0.9999285363659575765 ) ) ;
#204 = AXIS2_PLACEMENT_3D ( 'NONE', #2850, #412, #2355 ) ;
#205 = DIRECTION ( 'NONE',  ( -0.004645884459284542987, 0.3522282340390547328, 0.9359026054581319753 ) ) ;
#206 = ORIENTED_EDGE ( 'NONE', *, *, #1430, .F. ) ;
#207 = ORIENTED_EDGE ( 'NONE', *, *, #2196, .T. ) ;
#208 = B_SPLINE_CURVE_WITH_KNOTS ( 'NONE', 3,
 ( #2181, #561, #780, #2703, #1356, #1303, #2409, #19, #3252, #1078 ),
 .UNSPECIFIED., .F., .F.,
 ( 4, 2, 2, 2, 4 ),
 ( 0.000000000000000000, 0.0004028468721293591804, 0.0008056937442587183609, 0.001208540616388077433, 0.001611387488517436722 ),
 .UNSPECIFIED. ) ;
#209 = CARTESIAN_POINT ( 'NONE',  ( 0.4051848658060132613, 132.3627663464333750, -189.7198094524963210 ) ) ;
#210 = CIRCLE ( 'NONE', #3064, 1.599999999999991207 ) ;
#211 = EDGE_CURVE ( 'NONE', #1575, #2528, #1516, .T. ) ;
#212 = ORIENTED_EDGE ( 'NONE', *, *, #94, .F. ) ;
#213 = CARTESIAN_POINT ( 'NONE',  ( 26.65423391142943288, 145.3667461942305010, -189.4249556453764285 ) ) ;
#214 = CARTESIAN_POINT ( 'NONE',  ( 8.843059327922679458, 165.7802639959307953, -150.5390345060306174 ) ) ;
#215 = LINE ( 'NONE', #945, #185 ) ;
#216 = ADVANCED_FACE ( 'NONE', ( #1979 ), #3060, .F. ) ;
#217 = CARTESIAN_POINT ( 'NONE',  ( -22.32887277165305306, 175.2127985823447034, -142.8983488815447629 ) ) ;
#218 = CARTESIAN_POINT ( 'NONE',  ( -33.26924322662542721, 208.1603019354852506, -155.3524958741608373 ) ) ;
#219 = AXIS2_PLACEMENT_3D ( 'NONE', #3158, #1920, #2239 ) ;
#220 = VERTEX_POINT ( 'NONE', #1459 ) ;
#221 = DIRECTION ( 'NONE',  ( 5.834362940687619195E-18, 0.9999407575168363094, -0.01088491877119495722 ) ) ;
#222 = DIRECTION ( 'NONE',  ( -0.004943754084597145985, 0.000000000000000000, 0.9999877795731060282 ) ) ;
#223 = EDGE_LOOP ( 'NONE', ( #3086, #3348, #2003, #794 ) ) ;
#224 = DIRECTION ( 'NONE',  ( 0.000000000000000000, 0.9999407575168364204, -0.01088491877118777894 ) ) ;
#225 = CALENDAR_DATE ( 2024, 20, 8 ) ;
#226 = DIRECTION ( 'NONE',  ( -5.328805985588574485E-15, 0.9999407575168361983, -0.01088491877119452528 ) ) ;
#227 = ORIENTED_EDGE ( 'NONE', *, *, #2350, .T. ) ;
#228 = ORIENTED_EDGE ( 'NONE', *, *, #345, .F. ) ;
#229 = CARTESIAN_POINT ( 'NONE',  ( -5.832056057746981104, 164.8830174090538492, -142.1012196320961891 ) ) ;
#230 = DIRECTION ( 'NONE',  ( 0.000000000000000000, -0.9359127059959930772, 0.3522320353903913848 ) ) ;
#231 = CARTESIAN_POINT ( 'NONE',  ( 20.27683649395714838, 160.3538620643339527, -151.5950884969804235 ) ) ;
#232 = DIRECTION ( 'NONE',  ( 0.004944046975061859063, -0.01088478573707893186, -0.9999285363659575765 ) ) ;
#233 = EDGE_CURVE ( 'NONE', #2976, #2356, #135, .T. ) ;
#234 = DIRECTION ( 'NONE',  ( 0.000000000000000000, -0.9359127059959930772, 0.3522320353903913848 ) ) ;
#235 = CARTESIAN_POINT ( 'NONE',  ( 26.40556621235624135, 151.1465232243495223, -156.7933664714542772 ) ) ;
#236 = ORIENTED_EDGE ( 'NONE', *, *, #90, .T. ) ;
#237 = DIRECTION ( 'NONE',  ( -0.004943754084600995337, 0.000000000000000000, 0.9999877795731060282 ) ) ;
#238 = EDGE_CURVE ( 'NONE', #304, #867, #2283, .T. ) ;
#239 = CARTESIAN_POINT ( 'NONE',  ( -19.82890332634038799, 175.2129331212190095, -142.8859894963511579 ) ) ;
#240 = ORIENTED_EDGE ( 'NONE', *, *, #2609, .T. ) ;
#241 = DIRECTION ( 'NONE',  ( -0.004645884459284543855, 0.3522282340390547328, 0.9359026054581319753 ) ) ;
#242 = CIRCLE ( 'NONE', #2474, 1.799999999999992939 ) ;
#243 = CARTESIAN_POINT ( 'NONE',  ( 0.1678706110031574494, 132.8852360618129751, -141.7232397069532794 ) ) ;
#244 = VERTEX_POINT ( 'NONE', #1998 ) ;
#245 = ORIENTED_EDGE ( 'NONE', *, *, #2117, .F. ) ;
#246 = CARTESIAN_POINT ( 'NONE',  ( 31.21746253351646416, 150.9664777956909631, -155.1210239069121712 ) ) ;
#247 = CARTESIAN_POINT ( 'NONE',  ( -30.49046455029517944, 150.8339824349758658, -184.8965749001787060 ) ) ;
#248 = CARTESIAN_POINT ( 'NONE',  ( 13.67807762815582606, 166.5736540280300630, -152.5239076751841480 ) ) ;
#249 = PLANE ( 'NONE',  #2097 ) ;
#250 = AXIS2_PLACEMENT_3D ( 'NONE', #3164, #1824, #2939 ) ;
#251 = DIRECTION ( 'NONE',  ( -0.9999877781250670061, -5.381554972450175136E-05, -0.004943754077442179262 ) ) ;
#252 = DIRECTION ( 'NONE',  ( 0.004944046975061859930, -0.01088478573707893360, -0.9999285363659575765 ) ) ;
#253 = VERTEX_POINT ( 'NONE', #1477 ) ;
#254 = EDGE_CURVE ( 'NONE', #2274, #803, #150, .T. ) ;
#255 = CARTESIAN_POINT ( 'NONE',  ( -6.890342289790818420, 164.8927025434865072, -155.4098942787640567 ) ) ;
#256 = LINE ( 'NONE', #1572, #1321 ) ;
#257 = AXIS2_PLACEMENT_3D ( 'NONE', #636, #394, #72 ) ;
#258 = EDGE_LOOP ( 'NONE', ( #2680, #2986 ) ) ;
#259 = EDGE_CURVE ( 'NONE', #568, #253, #3151, .T. ) ;
#260 = ORIENTED_EDGE ( 'NONE', *, *, #254, .T. ) ;
#261 = VECTOR ( 'NONE', #952, 1000.000000000000227 ) ;
#262 = LINE ( 'NONE', #2637, #1421 ) ;
#263 = ORIENTED_EDGE ( 'NONE', *, *, #1794, .F. ) ;
#264 = ORIENTED_EDGE ( 'NONE', *, *, #951, .T. ) ;
#265 = CARTESIAN_POINT ( 'NONE',  ( 31.26572501294533879, 150.8836959624425162, -155.2306675767243007 ) ) ;
#266 = CARTESIAN_POINT ( 'NONE',  ( 27.22317667787895701, 150.7223499339762327, -156.7847065126522068 ) ) ;
#267 = FACE_OUTER_BOUND ( 'NONE', #1658, .T. ) ;
#268 = APPROVAL_PERSON_ORGANIZATION ( #765, #2863, #516 ) ;
#269 = LINE ( 'NONE', #1875, #3224 ) ;
#270 = CARTESIAN_POINT ( 'NONE',  ( -26.29802936949278092, 196.8825738735701520, -151.0735018100490379 ) ) ;
#271 = FACE_OUTER_BOUND ( 'NONE', #2146, .T. ) ;
#272 = VERTEX_POINT ( 'NONE', #1994 ) ;
#273 = AXIS2_PLACEMENT_3D ( 'NONE', #772, #3211, #230 ) ;
#274 = DIRECTION ( 'NONE',  ( 0.000000000000000000, -0.01088491877119429629, -0.9999407575168363094 ) ) ;
#275 = DIRECTION ( 'NONE',  ( -0.9999877781250670061, -5.381554972533323956E-05, -0.004943754077442168854 ) ) ;
#276 = ORIENTED_EDGE ( 'NONE', *, *, #1471, .F. ) ;
#277 = VERTEX_POINT ( 'NONE', #2332 ) ;
#278 = EDGE_CURVE ( 'NONE', #2552, #244, #3208, .T. ) ;
#279 = APPROVAL_DATE_TIME ( #2094, #2863 ) ;
#280 = DIRECTION ( 'NONE',  ( -0.004645884459284544722, 0.3522282340390547328, 0.9359026054581320864 ) ) ;
#281 = VERTEX_POINT ( 'NONE', #2029 ) ;
#282 = ORIENTED_EDGE ( 'NONE', *, *, #2935, .F. ) ;
#283 = ADVANCED_FACE ( 'NONE', ( #2860 ), #999, .T. ) ;
#284 = CARTESIAN_POINT ( 'NONE',  ( -30.42475697314482375, 150.9425661962437175, -184.9639027067530890 ) ) ;
#285 = FACE_OUTER_BOUND ( 'NONE', #3398, .T. ) ;
#286 = CARTESIAN_POINT ( 'NONE',  ( 27.35666594620552061, 151.4284014765921711, -183.7936619132813689 ) ) ;
#287 = LINE ( 'NONE', #1038, #545 ) ;
#288 = CARTESIAN_POINT ( 'NONE',  ( -17.77999690200987004, 164.0604546252041303, -152.6520913968664956 ) ) ;
#289 = ORIENTED_EDGE ( 'NONE', *, *, #1185, .F. ) ;
#290 = CARTESIAN_POINT ( 'NONE',  ( -12.44764944012210073, 166.7039520476192536, -152.6545020958443786 ) ) ;
#291 = CARTESIAN_POINT ( 'NONE',  ( 20.20965057279254751, 194.9930097642211706, -150.8008307323590032 ) ) ;
#292 = ORIENTED_EDGE ( 'NONE', *, *, #425, .T. ) ;
#293 = CARTESIAN_POINT ( 'NONE',  ( -17.86960729650778035, 163.9054053111210010, -152.6495086721305938 ) ) ;
#294 = AXIS2_PLACEMENT_3D ( 'NONE', #428, #168, #1498 ) ;
#295 = ORIENTED_EDGE ( 'NONE', *, *, #127, .F. ) ;
#296 = EDGE_CURVE ( 'NONE', #499, #2604, #1579, .T. ) ;
#297 = AXIS2_PLACEMENT_3D ( 'NONE', #3284, #3332, #1942 ) ;
#298 = CARTESIAN_POINT ( 'NONE',  ( 18.20967501654244103, 194.9929021331217029, -150.8107182405138644 ) ) ;
#299 = DIRECTION ( 'NONE',  ( -0.004944046975061860798, 0.01088478573707841839, 0.9999285363659577985 ) ) ;
#300 = EDGE_CURVE ( 'NONE', #364, #1177, #129, .T. ) ;
#301 = CARTESIAN_POINT ( 'NONE',  ( 0.2173110807537758926, 171.6917270918229406, -152.1461404693836528 ) ) ;
#302 = LINE ( 'NONE', #1368, #160 ) ;
#303 = DIRECTION ( 'NONE',  ( 0.000000000000000000, 0.9999407575168361983, -0.01088491877119481151 ) ) ;
#304 = VERTEX_POINT ( 'NONE', #700 ) ;
#305 = AXIS2_PLACEMENT_3D ( 'NONE', #1138, #1938, #877 ) ;
#306 = FACE_OUTER_BOUND ( 'NONE', #1676, .T. ) ;
#307 = DIRECTION ( 'NONE',  ( -0.004944046975061859930, 0.01088478573707893707, 0.9999285363659576875 ) ) ;
#308 = CIRCLE ( 'NONE', #1313, 1.000000000000002220 ) ;
#309 = ORIENTED_EDGE ( 'NONE', *, *, #1264, .T. ) ;
#310 = CARTESIAN_POINT ( 'NONE',  ( 0.1678706110031574494, 132.8852360618129751, -141.7232397069532794 ) ) ;
#311 = VECTOR ( 'NONE', #2664, 1000.000000000000114 ) ;
#312 = ORIENTED_EDGE ( 'NONE', *, *, #805, .F. ) ;
#313 = CONICAL_SURFACE ( 'NONE', #1930, 28.59999999999998366, 0.7853981633974566057 ) ;
#314 = VERTEX_POINT ( 'NONE', #983 ) ;
#315 = CIRCLE ( 'NONE', #1820, 31.99999999999998934 ) ;
#316 = DIRECTION ( 'NONE',  ( -1.734723475976814983E-15, 0.9999407575168363094, -0.01088491877120073038 ) ) ;
#317 = EDGE_CURVE ( 'NONE', #2654, #2390, #405, .T. ) ;
#318 = DIRECTION ( 'NONE',  ( 0.000000000000000000, 0.9999407575168363094, -0.01088491877120073038 ) ) ;
#319 = CARTESIAN_POINT ( 'NONE',  ( 9.405074868932002730, 170.3609994720210636, -190.0889425791047245 ) ) ;
#320 = CARTESIAN_POINT ( 'NONE',  ( 27.36852989466332176, 150.7276020939418402, -156.3022179498082949 ) ) ;
#321 = ADVANCED_FACE ( 'NONE', ( #271 ), #2954, .F. ) ;
#322 = CARTESIAN_POINT ( 'NONE',  ( -19.78986055221009721, 194.9908571422321870, -150.9985808954566551 ) ) ;
#323 = AXIS2_PLACEMENT_3D ( 'NONE', #1254, #157, #191 ) ;
#324 = ORIENTED_EDGE ( 'NONE', *, *, #1514, .T. ) ;
#325 = CARTESIAN_POINT ( 'NONE',  ( -24.79825156908557560, 145.8985206972326125, -188.9916981785835333 ) ) ;
#326 = CARTESIAN_POINT ( 'NONE',  ( 19.66438319921173772, 161.4566158891819896, -151.8192403308345604 ) ) ;
#327 = AXIS2_PLACEMENT_3D ( 'NONE', #1787, #2843, #458 ) ;
#328 = VERTEX_POINT ( 'NONE', #235 ) ;
#329 = CARTESIAN_POINT ( 'NONE',  ( 20.20965057279254751, 194.9930097642211706, -150.8008307323590032 ) ) ;
#330 = CIRCLE ( 'NONE', #1276, 1.999999999999990896 ) ;
#331 = CARTESIAN_POINT ( 'NONE',  ( 31.35194302764491425, 150.7342385396453608, -155.6925622708486685 ) ) ;
#332 = ORIENTED_EDGE ( 'NONE', *, *, #2935, .T. ) ;
#333 = EDGE_LOOP ( 'NONE', ( #2845, #1782, #1271, #1447, #1414, #263, #953 ) ) ;
#334 = CARTESIAN_POINT ( 'NONE',  ( 27.35666594620550995, 151.4284014765921711, -183.7936619132813689 ) ) ;
#335 = CARTESIAN_POINT ( 'NONE',  ( -22.26758178613500405, 160.7753052686380215, -155.1386977824064388 ) ) ;
#336 = CARTESIAN_POINT ( 'NONE',  ( -33.26923965389449478, 196.8685668356164911, -151.1028358060439416 ) ) ;
#337 = CARTESIAN_POINT ( 'NONE',  ( 27.06941565264322946, 150.7343120564482319, -155.6858086651831172 ) ) ;
#338 = CARTESIAN_POINT ( 'NONE',  ( -27.95831248622817000, 150.7302653273143846, -156.0575605801030861 ) ) ;
#339 = ORIENTED_EDGE ( 'NONE', *, *, #362, .T. ) ;
#340 = EDGE_CURVE ( 'NONE', #537, #104, #3300, .T. ) ;
#341 = DIRECTION ( 'NONE',  ( 0.000000000000000000, -0.9999407575168363094, 0.01088491877120073038 ) ) ;
#342 = CARTESIAN_POINT ( 'NONE',  ( 18.68590552694742968, 163.2455596375156688, -152.4078631307207843 ) ) ;
#343 = EDGE_LOOP ( 'NONE', ( #240, #786 ) ) ;
#344 = CARTESIAN_POINT ( 'NONE',  ( -19.48974520324387072, 160.9694465794655400, -151.6722054533805135 ) ) ;
#345 = EDGE_CURVE ( 'NONE', #1675, #715, #2685, .T. ) ;
#346 = CARTESIAN_POINT ( 'NONE',  ( 11.37793500713901196, 162.6126173045913390, -184.5099924823624633 ) ) ;
#347 = ORIENTED_EDGE ( 'NONE', *, *, #1213, .F. ) ;
#348 = VERTEX_POINT ( 'NONE', #841 ) ;
#349 = CARTESIAN_POINT ( 'NONE',  ( -5.767783447071175296, 172.7410412546065288, -155.1873699550230867 ) ) ;
#350 = VECTOR ( 'NONE', #1318, 1000.000000000000114 ) ;
#351 = CARTESIAN_POINT ( 'NONE',  ( -26.24185864369608012, 151.2471285448917797, -155.9759232895125933 ) ) ;
#352 = DIRECTION ( 'NONE',  ( 0.000000000000000000, -0.9359127059959930772, 0.3522320353903913848 ) ) ;
#353 = CARTESIAN_POINT ( 'NONE',  ( 26.70310916771574838, 150.7249624775970744, -156.5447057466335821 ) ) ;
#354 = CARTESIAN_POINT ( 'NONE',  ( 11.35560995543146312, 162.5203843433302211, -179.9932341502753275 ) ) ;
#355 = CARTESIAN_POINT ( 'NONE',  ( -26.29802936949281289, 196.8825738735701520, -151.0735018100490947 ) ) ;
#356 = CARTESIAN_POINT ( 'NONE',  ( 20.02341207402334788, 160.7723841170401897, -151.2819550126955335 ) ) ;
#357 = EDGE_CURVE ( 'NONE', #348, #1125, #382, .T. ) ;
#358 = ORIENTED_EDGE ( 'NONE', *, *, #2794, .F. ) ;
#359 = CARTESIAN_POINT ( 'NONE',  ( -19.78986055221012563, 160.4090180418261014, -150.6221380844833675 ) ) ;
#360 = DIRECTION ( 'NONE',  ( 0.000000000000000000, -0.9999407575168361983, 0.01088491877119450273 ) ) ;
#361 = AXIS2_PLACEMENT_3D ( 'NONE', #33, #1320, #274 ) ;
#362 = EDGE_CURVE ( 'NONE', #1895, #2789, #1015, .T. ) ;
#363 = ORIENTED_EDGE ( 'NONE', *, *, #1001, .F. ) ;
#364 = VERTEX_POINT ( 'NONE', #2104 ) ;
#365 = AXIS2_PLACEMENT_3D ( 'NONE', #864, #600, #3055 ) ;
#366 = DIRECTION ( 'NONE',  ( 0.000000000000000000, -0.9359127059959930772, 0.3522320353903913848 ) ) ;
#367 = CIRCLE ( 'NONE', #1705, 1.999999999999990896 ) ;
#368 = DIRECTION ( 'NONE',  ( -0.004944046975061833910, 0.01088478573707494200, 0.9999285363659576875 ) ) ;
#369 = CIRCLE ( 'NONE', #3057, 1.000000000000002220 ) ;
#370 = CARTESIAN_POINT ( 'NONE',  ( -33.26078840835031514, 212.8398726109040808, -157.1136167700131523 ) ) ;
#371 = DIRECTION ( 'NONE',  ( 0.000000000000000000, 0.9999407575168364204, -0.01088491877118685260 ) ) ;
#372 = DIRECTION ( 'NONE',  ( -0.004645884459284523038, 0.3522282340390548439, 0.9359026054581319753 ) ) ;
#373 = DIRECTION ( 'NONE',  ( 7.105339603994073442E-15, 0.9999407575168361983, -0.01088491877119452528 ) ) ;
#374 = CARTESIAN_POINT ( 'NONE',  ( 20.20324166658704357, 160.4233672380153450, -150.6220215591908413 ) ) ;
#375 = ORIENTED_EDGE ( 'NONE', *, *, #2556, .T. ) ;
#376 = CARTESIAN_POINT ( 'NONE',  ( -19.49468743570725948, 160.9601278606159553, -151.6641004395289940 ) ) ;
#377 = CC_DESIGN_PERSON_AND_ORGANIZATION_ASSIGNMENT ( #2795, #1848, ( #1835 ) ) ;
#378 = CARTESIAN_POINT ( 'NONE',  ( 12.69514625774297123, 166.1875106632118957, -185.0268870272616653 ) ) ;
#379 = ORIENTED_EDGE ( 'NONE', *, *, #1128, .F. ) ;
#380 = ORIENTED_EDGE ( 'NONE', *, *, #3235, .T. ) ;
#381 = EDGE_CURVE ( 'NONE', #2061, #450, #2700, .T. ) ;
#382 = B_SPLINE_CURVE_WITH_KNOTS ( 'NONE', 3,
 ( #1618, #1058, #1039, #288 ),
 .UNSPECIFIED., .F., .F.,
 ( 4, 4 ),
 ( 0.000000000000000000, 1.000000000000000000 ),
 .UNSPECIFIED. ) ;
#383 = CIRCLE ( 'NONE', #1110, 35.94690529099798226 ) ;
#384 = APPROVAL_ROLE ( '' ) ;
#385 = LINE ( 'NONE', #3246, #1537 ) ;
#386 = EDGE_CURVE ( 'NONE', #1476, #1951, #16, .T. ) ;
#387 = CARTESIAN_POINT ( 'NONE',  ( -11.61938870656998546, 166.3331170897118341, -185.1486928297417194 ) ) ;
#388 = CARTESIAN_POINT ( 'NONE',  ( 28.42754297656138363, 150.7441848520166729, -154.7788463914471322 ) ) ;
#389 = LINE ( 'NONE', #354, #3320 ) ;
#390 = CARTESIAN_POINT ( 'NONE',  ( -25.99256938404053940, 151.1694918034956174, -156.5203605158178277 ) ) ;
#391 = CARTESIAN_POINT ( 'NONE',  ( 19.43493815494667842, 161.8863216717317073, -152.0312009395057657 ) ) ;
#392 = ORIENTED_EDGE ( 'NONE', *, *, #2914, .T. ) ;
#393 = DIRECTION ( 'NONE',  ( -0.004645884459284523038, 0.3522282340390548439, 0.9359026054581319753 ) ) ;
#394 = DIRECTION ( 'NONE',  ( 0.004645884459284523038, -0.3522282340390548994, -0.9359026054581320864 ) ) ;
#395 = ORIENTED_EDGE ( 'NONE', *, *, #3422, .F. ) ;
#396 = VERTEX_POINT ( 'NONE', #2984 ) ;
#397 = CARTESIAN_POINT ( 'NONE',  ( -5.594741802944127151, 168.3603107237416054, -190.1413290527239326 ) ) ;
#398 = CARTESIAN_POINT ( 'NONE',  ( 27.20241061922487447, 151.3967269718794171, -155.1757113826066359 ) ) ;
#399 = EDGE_CURVE ( 'NONE', #2513, #1212, #513, .T. ) ;
#400 = ORIENTED_EDGE ( 'NONE', *, *, #2310, .T. ) ;
#401 = LINE ( 'NONE', #2292, #3000 ) ;
#402 = VECTOR ( 'NONE', #2317, 1000.000000000000227 ) ;
#403 = CARTESIAN_POINT ( 'NONE',  ( 8.843059327922679458, 165.7802639959307953, -150.5390345060306174 ) ) ;
#404 = DIRECTION ( 'NONE',  ( 0.000000000000000000, 0.9999407575168364204, -0.01088491877119461201 ) ) ;
#405 = LINE ( 'NONE', #2007, #2526 ) ;
#406 = ADVANCED_FACE ( 'NONE', ( #812 ), #1569, .T. ) ;
#407 = AXIS2_PLACEMENT_3D ( 'NONE', #2028, #2572, #179 ) ;
#408 = CARTESIAN_POINT ( 'NONE',  ( -30.93842321134280127, 150.8628639431844931, -143.8764168172556879 ) ) ;
#409 = CARTESIAN_POINT ( 'NONE',  ( 6.405111534556676922, 170.0608557981169326, -190.1005083657056502 ) ) ;
#410 = ORIENTED_EDGE ( 'NONE', *, *, #2306, .F. ) ;
#411 = LINE ( 'NONE', #3146, #581 ) ;
#412 = DIRECTION ( 'NONE',  ( 0.5757505389204859991, -0.8175410358010174461, 0.01174613613787828421 ) ) ;
#413 = VERTEX_POINT ( 'NONE', #1369 ) ;
#414 = ORIENTED_EDGE ( 'NONE', *, *, #1901, .F. ) ;
#415 = DIRECTION ( 'NONE',  ( 0.000000000000000000, 0.9999407575168364204, -0.01088491877119371690 ) ) ;
#416 = AXIS2_PLACEMENT_3D ( 'NONE', #3343, #1999, #2284 ) ;
#417 = ORIENTED_EDGE ( 'NONE', *, *, #2914, .F. ) ;
#418 = CARTESIAN_POINT ( 'NONE',  ( -10.71963906924455578, 167.4333044883366881, -184.6021510831324406 ) ) ;
#419 = EDGE_CURVE ( 'NONE', #2805, #2480, #1842, .T. ) ;
#420 = AXIS2_PLACEMENT_3D ( 'NONE', #3267, #2770, #341 ) ;
#421 = CARTESIAN_POINT ( 'NONE',  ( 6.232069890429624337, 168.7419240111358647, -155.0845052310089613 ) ) ;
#422 = CARTESIAN_POINT ( 'NONE',  ( 8.801034928634683396, 165.8727846746959926, -142.0396419469201419 ) ) ;
#423 = AXIS2_PLACEMENT_3D ( 'NONE', #1816, #2726, #2623 ) ;
#424 = DIRECTION ( 'NONE',  ( 0.9999892078205599999, 0.001636429339282346367, 0.004348142296033721994 ) ) ;
#425 = EDGE_CURVE ( 'NONE', #314, #1988, #1048, .T. ) ;
#426 = DIRECTION ( 'NONE',  ( -0.004645884459284543855, 0.3522282340390547328, 0.9359026054581319753 ) ) ;
#427 = ORIENTED_EDGE ( 'NONE', *, *, #1117, .F. ) ;
#428 = CARTESIAN_POINT ( 'NONE',  ( 11.73027112529977778, 208.2339412557529101, -155.1568294708393125 ) ) ;
#429 = CARTESIAN_POINT ( 'NONE',  ( -20.32873264076158293, 161.0125148232023946, -152.6315148239249027 ) ) ;
#430 = DIRECTION ( 'NONE',  ( -0.004944046975061858196, 0.01088478573707893360, 0.9999285363659575765 ) ) ;
#431 = ORIENTED_EDGE ( 'NONE', *, *, #2286, .T. ) ;
#432 = AXIS2_PLACEMENT_3D ( 'NONE', #1168, #2171, #3311 ) ;
#433 = ORIENTED_EDGE ( 'NONE', *, *, #112, .T. ) ;
#434 = PLANE ( 'NONE',  #323 ) ;
#435 = CARTESIAN_POINT ( 'NONE',  ( -27.96325653320324989, 150.7411501130514466, -155.0576320437371294 ) ) ;
#436 = ORIENTED_EDGE ( 'NONE', *, *, #2461, .T. ) ;
#437 = CARTESIAN_POINT ( 'NONE',  ( 0.2936358917923924672, 132.6083519340003249, -167.1591414650792160 ) ) ;
#438 = FACE_OUTER_BOUND ( 'NONE', #3369, .T. ) ;
#439 = CARTESIAN_POINT ( 'NONE',  ( 0.3804646309308266083, 132.4171902751191965, -184.7201667706664807 ) ) ;
#440 = PRODUCT_DEFINITION ( '未知', '', #1835, #3420 ) ;
#441 = FACE_OUTER_BOUND ( 'NONE', #3082, .T. ) ;
#442 = DIRECTION ( 'NONE',  ( 0.000000000000000000, -0.9999407575168363094, 0.01088491877120073038 ) ) ;
#443 = ORIENTED_EDGE ( 'NONE', *, *, #2940, .F. ) ;
#444 = EDGE_CURVE ( 'NONE', #2552, #3105, #2177, .T. ) ;
#445 = DIRECTION ( 'NONE',  ( 1.000000000000000000, 8.134684503660777721E-16, -8.855062601055056215E-18 ) ) ;
#446 = CARTESIAN_POINT ( 'NONE',  ( 0.2197831042412940195, 172.7685761122475867, -152.6578860896435685 ) ) ;
#447 = CARTESIAN_POINT ( 'NONE',  ( 6.306230595055438926, 168.5786522250799067, -170.0834332764754606 ) ) ;
#448 = VERTEX_POINT ( 'NONE', #2968 ) ;
#449 = EDGE_CURVE ( 'NONE', #1708, #2202, #1410, .T. ) ;
#450 = VERTEX_POINT ( 'NONE', #1075 ) ;
#451 = CALENDAR_DATE ( 2024, 20, 8 ) ;
#452 = CARTESIAN_POINT ( 'NONE',  ( 26.41837148152482939, 151.1536116946297170, -156.5224502899749552 ) ) ;
#453 = ORIENTED_EDGE ( 'NONE', *, *, #3298, .F. ) ;
#454 = CARTESIAN_POINT ( 'NONE',  ( 30.85793039108171953, 145.3636350454232229, -189.7107606716253656 ) ) ;
#455 = CYLINDRICAL_SURFACE ( 'NONE', #3098, 1.699999999999989519 ) ;
#456 = DIRECTION ( 'NONE',  ( -0.004944046975061859930, 0.01088478573707893707, 0.9999285363659576875 ) ) ;
#457 = DIRECTION ( 'NONE',  ( 0.004944046975062000443, -0.01088478573707908105, -0.9999285363659576875 ) ) ;
#458 = DIRECTION ( 'NONE',  ( 0.000000000000000000, 0.9999407575168364204, -0.01088491877118685260 ) ) ;
#459 = ORIENTED_EDGE ( 'NONE', *, *, #3363, .F. ) ;
#460 = CARTESIAN_POINT ( 'NONE',  ( -22.91480255873772620, 160.0560726571280270, -167.5726771868043556 ) ) ;
#461 = CYLINDRICAL_SURFACE ( 'NONE', #590, 1.700000000000017275 ) ;
#462 = EDGE_CURVE ( 'NONE', #2091, #1809, #2141, .T. ) ;
#463 = ORIENTED_EDGE ( 'NONE', *, *, #2354, .T. ) ;
#464 = ORIENTED_EDGE ( 'NONE', *, *, #3366, .T. ) ;
#465 = ADVANCED_FACE ( 'NONE', ( #3437 ), #3182, .F. ) ;
#466 = CARTESIAN_POINT ( 'NONE',  ( 10.01765859121525182, 167.5143321814114188, -152.5522460641625457 ) ) ;
#467 = ORIENTED_EDGE ( 'NONE', *, *, #2670, .T. ) ;
#468 = CARTESIAN_POINT ( 'NONE',  ( -25.13832827460727870, 146.2250845508478108, -142.9763233154837110 ) ) ;
#469 = CARTESIAN_POINT ( 'NONE',  ( 28.28613772843896257, 150.7332921903155807, -155.7794984515802810 ) ) ;
#470 = CIRCLE ( 'NONE', #2881, 34.10000000000002984 ) ;
#471 = CARTESIAN_POINT ( 'NONE',  ( 11.73027112529977778, 208.2339412557529101, -155.1568294708393125 ) ) ;
#472 = AXIS2_PLACEMENT_3D ( 'NONE', #301, #2748, #1955 ) ;
#473 = CARTESIAN_POINT ( 'NONE',  ( -33.25065968878828215, 206.7513889993289524, -159.0961062959935077 ) ) ;
#474 = CARTESIAN_POINT ( 'NONE',  ( -9.487300573477321919, 167.2604047079580027, -152.6322971820790428 ) ) ;
#475 = AXIS2_PLACEMENT_3D ( 'NONE', #556, #2242, #825 ) ;
#476 = VERTEX_POINT ( 'NONE', #1439 ) ;
#477 = DIRECTION ( 'NONE',  ( 0.000000000000000000, -0.3522337680564202045, -0.9359120539029166519 ) ) ;
#478 = AXIS2_PLACEMENT_3D ( 'NONE', #1754, #426, #1804 ) ;
#479 = CARTESIAN_POINT ( 'NONE',  ( 22.76906942993230487, 218.0341256329137707, -163.0642939994900473 ) ) ;
#480 = VERTEX_POINT ( 'NONE', #2212 ) ;
#481 = ORIENTED_EDGE ( 'NONE', *, *, #3318, .F. ) ;
#482 = EDGE_CURVE ( 'NONE', #1708, #3184, #1457, .T. ) ;
#483 = DIRECTION ( 'NONE',  ( 0.004944046975061859063, -0.01088478573707893533, -0.9999285363659575765 ) ) ;
#484 = ORIENTED_EDGE ( 'NONE', *, *, #1839, .T. ) ;
#485 = ORIENTED_EDGE ( 'NONE', *, *, #444, .T. ) ;
#486 = EDGE_CURVE ( 'NONE', #3131, #1861, #78, .T. ) ;
#487 = VECTOR ( 'NONE', #3358, 1000.000000000000114 ) ;
#488 = DIRECTION ( 'NONE',  ( -6.979402407411080124E-15, -0.9999407575168361983, 0.01088491877119492079 ) ) ;
#489 = LINE ( 'NONE', #2346, #2559 ) ;
#490 = CYLINDRICAL_SURFACE ( 'NONE', #1860, 1.000000000000002220 ) ;
#491 = AXIS2_PLACEMENT_3D ( 'NONE', #2365, #1870, #806 ) ;
#492 = ADVANCED_FACE ( 'NONE', ( #1173 ), #81, .F. ) ;
#493 = LINE ( 'NONE', #14, #1372 ) ;
#494 = CARTESIAN_POINT ( 'NONE',  ( -11.62433275354504580, -1.984616913241078473, -182.3164123979171052 ) ) ;
#495 = ORIENTED_EDGE ( 'NONE', *, *, #2779, .T. ) ;
#496 = CARTESIAN_POINT ( 'NONE',  ( -17.77999690200987004, 164.0604546252041303, -152.6520913968664956 ) ) ;
#497 = CARTESIAN_POINT ( 'NONE',  ( 22.72236624927624860, 192.1848610596511264, -153.3361195279481421 ) ) ;
#498 = ORIENTED_EDGE ( 'NONE', *, *, #1887, .F. ) ;
#499 = VERTEX_POINT ( 'NONE', #3003 ) ;
#500 = CARTESIAN_POINT ( 'NONE',  ( 13.38030574655694416, 168.0664106750329267, -185.0439522101536340 ) ) ;
#501 = ORIENTED_EDGE ( 'NONE', *, *, #724, .T. ) ;
#502 = CARTESIAN_POINT ( 'NONE',  ( -19.83188495149813946, 160.5015387205912987, -142.1227455253727783 ) ) ;
#503 = DIRECTION ( 'NONE',  ( 0.000000000000000000, -0.9999407575168364204, 0.01088491877118685260 ) ) ;
#504 = EDGE_CURVE ( 'NONE', #568, #3421, #389, .T. ) ;
#505 = LINE ( 'NONE', #824, #1243 ) ;
#506 = DIRECTION ( 'NONE',  ( -0.004645884459286205720, 0.3522282340390500699, 0.9359026054581336407 ) ) ;
#507 = DIRECTION ( 'NONE',  ( 0.9999877781250670061, 5.381554972452629498E-05, 0.004943754077442179262 ) ) ;
#508 = EDGE_CURVE ( 'NONE', #1909, #519, #2719, .T. ) ;
#509 = DIRECTION ( 'NONE',  ( -0.9999877781250671172, -5.381554972448722982E-05, -0.004943754077442805497 ) ) ;
#510 = VERTEX_POINT ( 'NONE', #1667 ) ;
#511 = CARTESIAN_POINT ( 'NONE',  ( -6.669871100331019598, 164.8343240553354860, -155.4799517825692305 ) ) ;
#512 = DIRECTION ( 'NONE',  ( 0.9999877781250671172, 5.381554972448722982E-05, 0.004943754077442805497 ) ) ;
#513 = CIRCLE ( 'NONE', #849, 1.999999999999990896 ) ;
#514 = ORIENTED_EDGE ( 'NONE', *, *, #1434, .F. ) ;
#515 = ORIENTED_EDGE ( 'NONE', *, *, #2439, .T. ) ;
#516 = APPROVAL_ROLE ( '' ) ;
#517 = DIRECTION ( 'NONE',  ( 0.000000000000000000, 0.9999407575168363094, -0.01088491877120073038 ) ) ;
#518 = ORIENTED_EDGE ( 'NONE', *, *, #913, .F. ) ;
#519 = VERTEX_POINT ( 'NONE', #596 ) ;
#520 = DIRECTION ( 'NONE',  ( 0.9999877781250671172, 5.381554972432032368E-05, 0.004943754077442179262 ) ) ;
#521 = CARTESIAN_POINT ( 'NONE',  ( 0.3557443960555080054, 161.0699198687854050, -180.0318327657157909 ) ) ;
#522 = DIRECTION ( 'NONE',  ( 0.9999877781250670061, 5.381554972537440536E-05, 0.004943754077442310234 ) ) ;
#523 = DIRECTION ( 'NONE',  ( -0.004645884459284543855, 0.3522282340390547328, 0.9359026054581319753 ) ) ;
#524 = AXIS2_PLACEMENT_3D ( 'NONE', #1775, #2882, #477 ) ;
#525 = DIRECTION ( 'NONE',  ( -0.004944046975061859930, 0.01088478573707893707, 0.9999285363659576875 ) ) ;
#526 = DIRECTION ( 'NONE',  ( -6.973733562826225904E-15, -0.9999407575168361983, 0.01088491877119377761 ) ) ;
#527 = ORIENTED_EDGE ( 'NONE', *, *, #529, .T. ) ;
#528 = AXIS2_PLACEMENT_3D ( 'NONE', #2442, #52, #1113 ) ;
#529 = EDGE_CURVE ( 'NONE', #1062, #1917, #1792, .T. ) ;
#530 = DIRECTION ( 'NONE',  ( 0.004943754084617962667, 0.000000000000000000, -0.9999877795731060282 ) ) ;
#531 = DIRECTION ( 'NONE',  ( -0.004645884459284644469, 0.3522282340390494593, 0.9359026054581339737 ) ) ;
#532 = VECTOR ( 'NONE', #2437, 1000.000000000000227 ) ;
#533 = ORIENTED_EDGE ( 'NONE', *, *, #2439, .F. ) ;
#534 = CARTESIAN_POINT ( 'NONE',  ( 22.73186822949302410, 161.7211095606052993, -154.9264981001840908 ) ) ;
#535 = AXIS2_PLACEMENT_3D ( 'NONE', #2200, #3273, #360 ) ;
#536 = DIRECTION ( 'NONE',  ( -0.004645884459284524773, 0.3522282340390545663, 0.9359026054581320864 ) ) ;
#537 = VERTEX_POINT ( 'NONE', #322 ) ;
#538 = FACE_OUTER_BOUND ( 'NONE', #333, .T. ) ;
#539 = DIRECTION ( 'NONE',  ( -3.552356529849563669E-15, 0.9999407575168364204, -0.01088491877119496416 ) ) ;
#540 = DIRECTION ( 'NONE',  ( 0.000000000000000000, 0.9999407575168364204, -0.01088491877118777894 ) ) ;
#541 = DIRECTION ( 'NONE',  ( 0.004943754084600977122, 0.000000000000000000, -0.9999877795731061392 ) ) ;
#542 = DIRECTION ( 'NONE',  ( 0.000000000000000000, -0.01088491877118685433, -0.9999407575168365314 ) ) ;
#543 = CIRCLE ( 'NONE', #2782, 1.000000000000003997 ) ;
#544 = ORIENTED_EDGE ( 'NONE', *, *, #3277, .T. ) ;
#545 = VECTOR ( 'NONE', #2665, 1000.000000000000114 ) ;
#546 = CARTESIAN_POINT ( 'NONE',  ( 26.32715355423144388, 145.3785771824134940, -189.1391654879186319 ) ) ;
#547 = CARTESIAN_POINT ( 'NONE',  ( 31.24868208768771183, 150.8389170370880947, -184.5924074557663914 ) ) ;
#548 = EDGE_CURVE ( 'NONE', #2908, #537, #1402, .T. ) ;
#549 = EDGE_LOOP ( 'NONE', ( #2238, #312, #2962, #1636 ) ) ;
#550 = DIRECTION ( 'NONE',  ( -0.004645884459284544722, 0.3522282340390547328, 0.9359026054581320864 ) ) ;
#551 = EDGE_CURVE ( 'NONE', #2375, #990, #1187, .T. ) ;
#552 = ORIENTED_EDGE ( 'NONE', *, *, #1370, .T. ) ;
#553 = ORIENTED_EDGE ( 'NONE', *, *, #1448, .T. ) ;
#554 = CARTESIAN_POINT ( 'NONE',  ( -30.28272591794035051, 151.7409660455226685, -155.0799839888851750 ) ) ;
#555 = CYLINDRICAL_SURFACE ( 'NONE', #1082, 4.000000000000008882 ) ;
#556 = CARTESIAN_POINT ( 'NONE',  ( -33.24220487051317718, 211.4309596747478111, -160.8572271918457943 ) ) ;
#557 = CARTESIAN_POINT ( 'NONE',  ( 8.875195633260577921, 165.7095128886398072, -157.0385699924095206 ) ) ;
#558 = CARTESIAN_POINT ( 'NONE',  ( -33.09543481280896771, 183.6915339628660320, -186.1154163036289333 ) ) ;
#559 = ORIENTED_EDGE ( 'NONE', *, *, #1789, .F. ) ;
#560 = DIRECTION ( 'NONE',  ( 0.9999877781250671172, 5.381554972467454608E-05, 0.004943754077460013954 ) ) ;
#561 = CARTESIAN_POINT ( 'NONE',  ( -10.64839148108642597, 162.5286019085740747, -179.2383292596096851 ) ) ;
#562 = ORIENTED_EDGE ( 'NONE', *, *, #127, .T. ) ;
#563 = CARTESIAN_POINT ( 'NONE',  ( -18.94718251488734140, 161.9804397673821086, -152.2606540666815249 ) ) ;
#564 = EDGE_CURVE ( 'NONE', #1125, #2410, #3021, .T. ) ;
#565 = VECTOR ( 'NONE', #3233, 1000.000000000000114 ) ;
#566 = ORIENTED_EDGE ( 'NONE', *, *, #462, .T. ) ;
#567 = AXIS2_PLACEMENT_3D ( 'NONE', #842, #456, #1242 ) ;
#568 = VERTEX_POINT ( 'NONE', #2261 ) ;
#569 = EDGE_CURVE ( 'NONE', #1008, #2512, #24, .T. ) ;
#570 = VECTOR ( 'NONE', #2840, 1000.000000000000227 ) ;
#571 = CARTESIAN_POINT ( 'NONE',  ( -22.24896412356169151, 219.4406168693323025, -159.5431525111425799 ) ) ;
#572 = B_SPLINE_CURVE_WITH_KNOTS ( 'NONE', 3,
 ( #1311, #213, #1012, #2345 ),
 .UNSPECIFIED., .F., .F.,
 ( 4, 4 ),
 ( 0.1129679355132536395, 0.1136353148071050645 ),
 .UNSPECIFIED. ) ;
#573 = CARTESIAN_POINT ( 'NONE',  ( -27.02922910906849197, 150.7264784513186555, -156.4054411414001322 ) ) ;
#574 = CARTESIAN_POINT ( 'NONE',  ( 6.405111534556676922, 166.6610572225596627, -190.0634996418835954 ) ) ;
#575 = CARTESIAN_POINT ( 'NONE',  ( -10.64412116332021974, 172.4686525334310261, -180.2103021345363629 ) ) ;
#576 = CARTESIAN_POINT ( 'NONE',  ( 11.73872594357487387, 212.9135119311717972, -156.9179503666915991 ) ) ;
#577 = VERTEX_POINT ( 'NONE', #648 ) ;
#578 = CIRCLE ( 'NONE', #1030, 28.59999999999998366 ) ;
#579 = CARTESIAN_POINT ( 'NONE',  ( 0.3804646309308268304, 132.4171902751191396, -184.7201667706664807 ) ) ;
#580 = CARTESIAN_POINT ( 'NONE',  ( 20.13107142432971841, 160.5639420019383294, -150.9911915591555385 ) ) ;
#581 = VECTOR ( 'NONE', #2318, 1000.000000000000114 ) ;
#582 = ORIENTED_EDGE ( 'NONE', *, *, #419, .F. ) ;
#583 = FACE_OUTER_BOUND ( 'NONE', #2344, .T. ) ;
#584 = AXIS2_PLACEMENT_3D ( 'NONE', #3231, #1803, #775 ) ;
#585 = DIRECTION ( 'NONE',  ( -0.9999877781250670061, -5.381554972760955590E-05, -0.004943754077446643573 ) ) ;
#586 = ORIENTED_EDGE ( 'NONE', *, *, #2738, .F. ) ;
#587 = EDGE_CURVE ( 'NONE', #3184, #4, #2422, .T. ) ;
#588 = CIRCLE ( 'NONE', #2153, 1.700000000000017275 ) ;
#589 = EDGE_LOOP ( 'NONE', ( #1815, #2560, #2448 ) ) ;
#590 = AXIS2_PLACEMENT_3D ( 'NONE', #447, #2319, #3394 ) ;
#591 = CARTESIAN_POINT ( 'NONE',  ( -8.594705137319465393, 172.3599123071597035, -190.1996999900410401 ) ) ;
#592 = CARTESIAN_POINT ( 'NONE',  ( -26.49484786379625234, 151.3230547007797497, -155.6645381862398096 ) ) ;
#593 = ADVANCED_FACE ( 'NONE', ( #2506 ), #3033, .F. ) ;
#594 = DIRECTION ( 'NONE',  ( 0.000000000000000000, 0.9999407575168363094, -0.01088491877120073038 ) ) ;
#595 = CARTESIAN_POINT ( 'NONE',  ( 26.46902932805680919, 151.1722841095040906, -156.2131645350812903 ) ) ;
#596 = CARTESIAN_POINT ( 'NONE',  ( 11.73027112529977778, 206.5492983849601103, -154.5228118071366055 ) ) ;
#597 = ADVANCED_FACE ( 'NONE', ( #1972 ), #3053, .F. ) ;
#598 = VECTOR ( 'NONE', #1464, 1000.000000000000114 ) ;
#599 = ORIENTED_EDGE ( 'NONE', *, *, #2812, .T. ) ;
#600 = DIRECTION ( 'NONE',  ( -0.004645884459284544722, 0.3522282340390547328, 0.9359026054581320864 ) ) ;
#601 = CARTESIAN_POINT ( 'NONE',  ( 18.93557796717238517, 162.7992799487771549, -152.3244034397293376 ) ) ;
#602 = ORIENTED_EDGE ( 'NONE', *, *, #984, .F. ) ;
#603 = CARTESIAN_POINT ( 'NONE',  ( -19.44139270395334407, 161.0604595543389337, -151.7480046927025228 ) ) ;
#604 = VECTOR ( 'NONE', #1893, 1000.000000000000227 ) ;
#605 = CARTESIAN_POINT ( 'NONE',  ( 11.37538614333170806, 162.4768452003818879, -183.9929482957391258 ) ) ;
#606 = ORIENTED_EDGE ( 'NONE', *, *, #3303, .T. ) ;
#607 = ORIENTED_EDGE ( 'NONE', *, *, #1560, .T. ) ;
#608 = CARTESIAN_POINT ( 'NONE',  ( 22.70378271143910709, 193.5937739958072257, -149.5925091061155285 ) ) ;
#609 = CARTESIAN_POINT ( 'NONE',  ( 21.45753926615715557, 161.9620822906473734, -152.4352433448573265 ) ) ;
#610 = CARTESIAN_POINT ( 'NONE',  ( 11.74885466313691573, 205.1403854488038689, -158.2664222289692475 ) ) ;
#611 = ADVANCED_FACE ( 'NONE', ( #1993 ), #3265, .F. ) ;
#612 = CARTESIAN_POINT ( 'NONE',  ( 27.96693881434844187, 150.7424203061295600, -154.9409460256671025 ) ) ;
#613 = CARTESIAN_POINT ( 'NONE',  ( 26.41995575332992985, 145.8825413643393745, -142.0415415874724374 ) ) ;
#614 = DIRECTION ( 'NONE',  ( 0.9999891284265394198, 0.002009375742151986010, 0.004207783009718605791 ) ) ;
#615 = EDGE_CURVE ( 'NONE', #2480, #867, #680, .T. ) ;
#616 = CARTESIAN_POINT ( 'NONE',  ( 20.12753980312379554, 160.5708056928726251, -151.0033517159726557 ) ) ;
#617 = VERTEX_POINT ( 'NONE', #1785 ) ;
#618 = CARTESIAN_POINT ( 'NONE',  ( -19.57969252743996336, 160.7995392346533379, -151.5126813596536124 ) ) ;
#619 = B_SPLINE_CURVE_WITH_KNOTS ( 'NONE', 3,
 ( #1490, #998, #2876, #3355 ),
 .UNSPECIFIED., .F., .F.,
 ( 4, 4 ),
 ( 0.000000000000000000, 1.000000000000000000 ),
 .UNSPECIFIED. ) ;
#620 = CARTESIAN_POINT ( 'NONE',  ( 6.405111534556676922, 168.3609565103382977, -190.0820040037946228 ) ) ;
#621 = VERTEX_POINT ( 'NONE', #2064 ) ;
#622 = ORIENTED_EDGE ( 'NONE', *, *, #1608, .F. ) ;
#623 = DIRECTION ( 'NONE',  ( -0.004944046975061859930, 0.01088478573707842012, 0.9999285363659576875 ) ) ;
#624 = CIRCLE ( 'NONE', #2193, 0.9999999999999920064 ) ;
#625 = DIRECTION ( 'NONE',  ( 0.000000000000000000, 0.9999407575168363094, -0.01088491877120073038 ) ) ;
#626 = CARTESIAN_POINT ( 'NONE',  ( 26.70373382393937689, 193.5939892580061326, -149.5727340898057776 ) ) ;
#627 = CARTESIAN_POINT ( 'NONE',  ( 26.94320673682893741, 150.7321826276632635, -155.8814281897626870 ) ) ;
#628 = CARTESIAN_POINT ( 'NONE',  ( 42.16070873653652029, 145.9013635851270294, -140.3124422613132651 ) ) ;
#629 = ADVANCED_FACE ( 'NONE', ( #2313 ), #2347, .T. ) ;
#630 = CARTESIAN_POINT ( 'NONE',  ( 26.48247089009937838, 145.3684028884993893, -189.2727637772505886 ) ) ;
#631 = CARTESIAN_POINT ( 'NONE',  ( 19.61837585497440983, 161.5433336195783625, -151.8675783531819263 ) ) ;
#632 = ORIENTED_EDGE ( 'NONE', *, *, #6, .T. ) ;
#633 = ADVANCED_FACE ( 'NONE', ( #3402 ), #455, .F. ) ;
#634 = AXIS2_PLACEMENT_3D ( 'NONE', #111, #1643, #1953 ) ;
#635 = CARTESIAN_POINT ( 'NONE',  ( -18.63094284378731658, 162.5565835793098870, -152.4533115358118209 ) ) ;
#636 = CARTESIAN_POINT ( 'NONE',  ( -33.26923965389449478, 208.1435193473556637, -155.3461797062781784 ) ) ;
#637 = AXIS2_PLACEMENT_3D ( 'NONE', #184, #1500, #2563 ) ;
#638 = EDGE_LOOP ( 'NONE', ( #206, #2148, #3059, #212 ) ) ;
#639 = EDGE_CURVE ( 'NONE', #3027, #328, #3153, .T. ) ;
#640 = ORIENTED_EDGE ( 'NONE', *, *, #2333, .T. ) ;
#641 = CIRCLE ( 'NONE', #1096, 1.599999999999991207 ) ;
#642 = COORDINATED_UNIVERSAL_TIME_OFFSET ( 8, 0, .AHEAD. ) ;
#643 = VECTOR ( 'NONE', #585, 1000.000000000000227 ) ;
#644 = CARTESIAN_POINT ( 'NONE',  ( -26.41062039811172113, 150.7281569910869905, -156.2512424411619065 ) ) ;
#645 = VECTOR ( 'NONE', #2920, 1000.000000000000227 ) ;
#646 = CARTESIAN_POINT ( 'NONE',  ( -33.24220487051317718, 212.9284200043414046, -161.4207984484704070 ) ) ;
#647 = CARTESIAN_POINT ( 'NONE',  ( 24.66757117506735497, 161.8627194062867716, -141.9175396192718210 ) ) ;
#648 = CARTESIAN_POINT ( 'NONE',  ( 20.20635468975326532, 195.0002659615992116, -150.1342416970692568 ) ) ;
#649 = CARTESIAN_POINT ( 'NONE',  ( 25.93518930980492954, 145.9125273290747202, -142.4644439067516544 ) ) ;
#650 = CARTESIAN_POINT ( 'NONE',  ( 23.74396117782189108, 218.0360845780400325, -163.0601918219597906 ) ) ;
#651 = VECTOR ( 'NONE', #712, 1000.000000000000227 ) ;
#652 = ORIENTED_EDGE ( 'NONE', *, *, #151, .T. ) ;
#653 = CARTESIAN_POINT ( 'NONE',  ( 20.21706664325517977, 171.6928034028174466, -152.0472653878348126 ) ) ;
#654 = CARTESIAN_POINT ( 'NONE',  ( -10.62434497541997303, 168.0760038875767179, -184.1626737716462401 ) ) ;
#655 = ADVANCED_FACE ( 'NONE', ( #3109 ), #2591, .F. ) ;
#656 = ORIENTED_EDGE ( 'NONE', *, *, #673, .F. ) ;
#657 = ORIENTED_EDGE ( 'NONE', *, *, #2049, .T. ) ;
#658 = EDGE_CURVE ( 'NONE', #2410, #104, #619, .T. ) ;
#659 = DIRECTION ( 'NONE',  ( 0.004944046975061858196, -0.01088478573707893360, -0.9999285363659576875 ) ) ;
#660 = EDGE_LOOP ( 'NONE', ( #2221, #566, #2944, #527, #3024, #2149 ) ) ;
#661 = CARTESIAN_POINT ( 'NONE',  ( -26.25279899888348822, 145.8813744754368997, -142.1487375893564433 ) ) ;
#662 = CYLINDRICAL_SURFACE ( 'NONE', #1217, 3.999999999999999112 ) ;
#663 = CARTESIAN_POINT ( 'NONE',  ( -8.465293706627948112, 165.8718554663722102, -142.1250034727910929 ) ) ;
#664 = DIRECTION ( 'NONE',  ( -0.004944046975061859930, 0.01088478573707893707, 0.9999285363659576875 ) ) ;
#665 = CARTESIAN_POINT ( 'NONE',  ( -27.44878778592381963, 151.5985473113283604, -155.1122188343796324 ) ) ;
#666 = DIRECTION ( 'NONE',  ( 0.004944046975061859930, -0.01088478573707893707, -0.9999285363659576875 ) ) ;
#667 = ORIENTED_EDGE ( 'NONE', *, *, #1523, .F. ) ;
#668 = DIRECTION ( 'NONE',  ( 8.876905287225070512E-16, 0.9999407575168364204, -0.01088491877119461201 ) ) ;
#669 = CARTESIAN_POINT ( 'NONE',  ( -12.50278762864163795, 164.7213290857937125, -150.6330498151756956 ) ) ;
#670 = DIRECTION ( 'NONE',  ( 0.004944046975061859930, -0.01088478573707893360, -0.9999285363659575765 ) ) ;
#671 = EDGE_LOOP ( 'NONE', ( #2182, #2399, #172, #2671, #1640 ) ) ;
#672 = ORIENTED_EDGE ( 'NONE', *, *, #3058, .F. ) ;
#673 = EDGE_CURVE ( 'NONE', #3028, #1476, #1466, .T. ) ;
#674 = CARTESIAN_POINT ( 'NONE',  ( 25.97672829994388266, 195.8618960880356781, -154.7038218476194800 ) ) ;
#675 = ORIENTED_EDGE ( 'NONE', *, *, #2222, .T. ) ;
#676 = CARTESIAN_POINT ( 'NONE',  ( -10.93870670424634284, 166.9722416124633639, -184.8943823497485539 ) ) ;
#677 = AXIS2_PLACEMENT_3D ( 'NONE', #2573, #2801, #2295 ) ;
#678 = CARTESIAN_POINT ( 'NONE',  ( 8.856939578454477768, 165.7881889951618177, -150.8080138199343310 ) ) ;
#679 = DIRECTION ( 'NONE',  ( 0.000000000000000000, 0.9999407575168361983, -0.01088491877119453222 ) ) ;
#680 = CIRCLE ( 'NONE', #1638, 3.999999999999999112 ) ;
#681 = DIRECTION ( 'NONE',  ( 0.000000000000000000, -0.9359127059959950756, 0.3522320353903860557 ) ) ;
#682 = FACE_OUTER_BOUND ( 'NONE', #1561, .T. ) ;
#683 = ORIENTED_EDGE ( 'NONE', *, *, #1295, .F. ) ;
#684 = CYLINDRICAL_SURFACE ( 'NONE', #1527, 11.95298702592081952 ) ;
#685 = DIRECTION ( 'NONE',  ( 0.000000000000000000, -0.01088491877120073038, -0.9999407575168363094 ) ) ;
#686 = CARTESIAN_POINT ( 'NONE',  ( -33.26924322662542721, 209.6577622650788157, -155.9160671307854500 ) ) ;
#687 = VECTOR ( 'NONE', #175, 1000.000000000000227 ) ;
#688 = ORIENTED_EDGE ( 'NONE', *, *, #2240, .F. ) ;
#689 = ORIENTED_EDGE ( 'NONE', *, *, #959, .T. ) ;
#690 = CIRCLE ( 'NONE', #2819, 0.9999999999999953371 ) ;
#691 = CC_DESIGN_PERSON_AND_ORGANIZATION_ASSIGNMENT ( #3349, #1726, ( #2348 ) ) ;
#692 = FACE_OUTER_BOUND ( 'NONE', #65, .T. ) ;
#693 = CIRCLE ( 'NONE', #365, 1.799999999999992939 ) ;
#694 = VERTEX_POINT ( 'NONE', #1014 ) ;
#695 = CARTESIAN_POINT ( 'NONE',  ( -10.77715211293757491, 167.2778648567920072, -184.7049460089973536 ) ) ;
#696 = AXIS2_PLACEMENT_3D ( 'NONE', #1193, #3308, #2462 ) ;
#697 = CARTESIAN_POINT ( 'NONE',  ( 31.29199810154451811, 150.8662129484481795, -143.5687611580201803 ) ) ;
#698 = EDGE_CURVE ( 'NONE', #3156, #1218, #215, .T. ) ;
#699 = CARTESIAN_POINT ( 'NONE',  ( 0.1621951361393628999, 132.8977311550352169, -140.5753806145212366 ) ) ;
#700 = CARTESIAN_POINT ( 'NONE',  ( -33.24585562216256562, 195.4596626503875143, -154.8464256913204906 ) ) ;
#701 = VECTOR ( 'NONE', #275, 1000.000000000000227 ) ;
#702 = DIRECTION ( 'NONE',  ( -0.004944046975061859930, 0.01088478573707840798, 0.9999285363659576875 ) ) ;
#703 = CARTESIAN_POINT ( 'NONE',  ( -9.009080478446321649, 166.4065778246838647, -152.2214209100415871 ) ) ;
#704 = EDGE_CURVE ( 'NONE', #519, #1966, #242, .T. ) ;
#705 = VERTEX_POINT ( 'NONE', #422 ) ;
#706 = FACE_OUTER_BOUND ( 'NONE', #2220, .T. ) ;
#707 = DIRECTION ( 'NONE',  ( 0.000000000000000000, -0.9999407575168364204, 0.01088491877119068980 ) ) ;
#708 = DIRECTION ( 'NONE',  ( -1.065736854235361002E-14, 0.9999407575168364204, -0.01088491877119461201 ) ) ;
#709 = EDGE_LOOP ( 'NONE', ( #3244, #1154, #1393, #1797 ) ) ;
#710 = APPROVAL_PERSON_ORGANIZATION ( #2585, #2930, #3047 ) ;
#711 = ORIENTED_EDGE ( 'NONE', *, *, #959, .F. ) ;
#712 = DIRECTION ( 'NONE',  ( -0.004944046975061872941, 0.01088478573707840798, 0.9999285363659575765 ) ) ;
#713 = AXIS2_PLACEMENT_3D ( 'NONE', #2612, #666, #1735 ) ;
#714 = CARTESIAN_POINT ( 'NONE',  ( -19.78244448174753600, 171.6906507808284630, -152.2450155509324929 ) ) ;
#715 = VERTEX_POINT ( 'NONE', #1547 ) ;
#716 = VECTOR ( 'NONE', #3433, 1000.000000000000227 ) ;
#717 = CARTESIAN_POINT ( 'NONE',  ( -11.04076094992779922, 166.8261304650077363, -184.9787107180704879 ) ) ;
#718 = CARTESIAN_POINT ( 'NONE',  ( 9.576227742330711834, 166.5844166705409748, -152.2862445869831163 ) ) ;
#719 = LINE ( 'NONE', #1280, #1022 ) ;
#720 = EDGE_CURVE ( 'NONE', #1917, #1520, #1472, .T. ) ;
#721 = CARTESIAN_POINT ( 'NONE',  ( -25.92217516861401805, 151.1451857431666781, -156.9162338970411383 ) ) ;
#722 = CYLINDRICAL_SURFACE ( 'NONE', #327, 0.9999999999999953371 ) ;
#723 = ORIENTED_EDGE ( 'NONE', *, *, #851, .T. ) ;
#724 = EDGE_CURVE ( 'NONE', #804, #4, #2555, .T. ) ;
#725 = CARTESIAN_POINT ( 'NONE',  ( -9.578092382732156906, 167.5132776124118266, -152.6491238219683453 ) ) ;
#726 = CARTESIAN_POINT ( 'NONE',  ( 11.75730948141201360, 211.5045989950155274, -160.6615607885242412 ) ) ;
#727 = ORIENTED_EDGE ( 'NONE', *, *, #508, .F. ) ;
#728 = ORIENTED_EDGE ( 'NONE', *, *, #2978, .T. ) ;
#729 = LINE ( 'NONE', #1236, #87 ) ;
#730 = ORIENTED_EDGE ( 'NONE', *, *, #764, .T. ) ;
#731 = CARTESIAN_POINT ( 'NONE',  ( -25.90941541329021547, 145.8780592151847770, -142.4532932702495884 ) ) ;
#732 = DIRECTION ( 'NONE',  ( 0.004944046975061859930, -0.01088478573707893707, -0.9999285363659576875 ) ) ;
#733 = DIRECTION ( 'NONE',  ( 0.9999877781250672282, 5.381554972452630176E-05, 0.004943754077442180130 ) ) ;
#734 = DIRECTION ( 'NONE',  ( -0.004645884459284543855, 0.3522282340390547328, 0.9359026054581319753 ) ) ;
#735 = CLOSED_SHELL ( 'NONE', ( #10, #2095, #1915, #633, #1540, #1960, #30, #611, #1219, #283, #2694, #2960, #3334, #406, #1150, #1045, #3104, #190, #1327, #3062, #597, #1283, #2053, #3241, #1174, #655, #3133, #2580, #146, #216, #1898, #1391, #878, #3272, #3128, #1072, #1624, #2142, #2248, #166, #1683, #769, #1688, #1880, #1859, #746, #2162, #629, #1086, #2043, #1235, #956, #3087, #2024, #1707, #3446, #3149, #2451, #2281, #2757, #2650, #874, #809, #1093, #1404, #1581, #1919, #855, #2584, #1365, #2818, #1232, #896, #2268, #593, #492, #2112, #108, #829, #977, #3166, #132, #2201, #3035, #2972, #2155, #321, #465, #2761, #2975, #46, #2720 ) ) ;
#736 = CARTESIAN_POINT ( 'NONE',  ( 22.70378271143910709, 193.5937739958072825, -149.5925091061155854 ) ) ;
#737 = CARTESIAN_POINT ( 'NONE',  ( -9.380526014063089946, 167.0208151839757420, -152.5762842261541152 ) ) ;
#738 = VECTOR ( 'NONE', #918, 1000.000000000000114 ) ;
#739 = ORIENTED_EDGE ( 'NONE', *, *, #1384, .T. ) ;
#740 = LINE ( 'NONE', #1215, #2995 ) ;
#741 = AXIS2_PLACEMENT_3D ( 'NONE', #163, #733, #1225 ) ;
#742 = CARTESIAN_POINT ( 'NONE',  ( 11.38033019030677906, 163.5286374248647121, -185.0044446703487893 ) ) ;
#743 = EDGE_CURVE ( 'NONE', #694, #2091, #719, .T. ) ;
#744 = ORIENTED_EDGE ( 'NONE', *, *, #1471, .T. ) ;
#745 = CARTESIAN_POINT ( 'NONE',  ( -18.03363813225939793, 163.6192593178100196, -152.6326331758135666 ) ) ;
#746 = ADVANCED_FACE ( 'NONE', ( #3072 ), #2011, .T. ) ;
#747 = CARTESIAN_POINT ( 'NONE',  ( 22.73186822949302055, 197.4440146610706392, -155.3153620577401171 ) ) ;
#748 = VERTEX_POINT ( 'NONE', #663 ) ;
#749 = ORIENTED_EDGE ( 'NONE', *, *, #2310, .F. ) ;
#750 = CYLINDRICAL_SURFACE ( 'NONE', #423, 0.9999999999999953371 ) ;
#751 = CARTESIAN_POINT ( 'NONE',  ( -30.28328269535915851, 151.1741021339339568, -185.0545381292853904 ) ) ;
#752 = TOROIDAL_SURFACE ( 'NONE', #35, 34.00000000000000000, 2.000000000000000000 ) ;
#753 = CARTESIAN_POINT ( 'NONE',  ( -5.767783447071177960, 168.7412782245392009, -155.1438302799382711 ) ) ;
#754 = AXIS2_PLACEMENT_3D ( 'NONE', #2732, #2228, #2982 ) ;
#755 = CARTESIAN_POINT ( 'NONE',  ( -33.26078840835031514, 212.8398726109040808, -157.1136167700131523 ) ) ;
#756 = DIRECTION ( 'NONE',  ( 6.938893903907259932E-15, 0.9999407575168363094, -0.01088491877120073038 ) ) ;
#757 = AXIS2_PLACEMENT_3D ( 'NONE', #2641, #787, #1069 ) ;
#758 = ORIENTED_EDGE ( 'NONE', *, *, #508, .T. ) ;
#759 = CYLINDRICAL_SURFACE ( 'NONE', #2821, 1.999999999999990896 ) ;
#760 = VECTOR ( 'NONE', #531, 1000.000000000000114 ) ;
#761 = CARTESIAN_POINT ( 'NONE',  ( -17.77999690200985228, 192.9693136868237957, -152.9667806224913136 ) ) ;
#762 = ORIENTED_EDGE ( 'NONE', *, *, #3016, .T. ) ;
#763 = ORIENTED_EDGE ( 'NONE', *, *, #1560, .F. ) ;
#764 = EDGE_CURVE ( 'NONE', #3222, #2400, #1018, .T. ) ;
#765 = PERSON_AND_ORGANIZATION ( #2362, #2108 ) ;
#766 = DIRECTION ( 'NONE',  ( 0.004943754084601030031, 0.000000000000000000, -0.9999877795731060282 ) ) ;
#767 = ORIENTED_EDGE ( 'NONE', *, *, #2625, .F. ) ;
#768 = ORIENTED_EDGE ( 'NONE', *, *, #504, .F. ) ;
#769 = ADVANCED_FACE ( 'NONE', ( #3126 ), #2820, .T. ) ;
#770 = AXIS2_PLACEMENT_3D ( 'NONE', #494, #2405, #1352 ) ;
#771 = CARTESIAN_POINT ( 'NONE',  ( 31.10307240290483577, 151.1600020591710916, -154.9468511736320409 ) ) ;
#772 = CARTESIAN_POINT ( 'NONE',  ( -33.26078840835031514, 212.8398726109040808, -157.1136167700131239 ) ) ;
#773 = CYLINDRICAL_SURFACE ( 'NONE', #2025, 1.999999999999990896 ) ;
#774 = CIRCLE ( 'NONE', #994, 4.000000000000008882 ) ;
#775 = DIRECTION ( 'NONE',  ( 0.000000000000000000, -0.9999407575168364204, 0.01088491877119371690 ) ) ;
#776 = DIRECTION ( 'NONE',  ( 0.004944046975061859930, -0.01088478573707841665, -0.9999285363659575765 ) ) ;
#777 = CARTESIAN_POINT ( 'NONE',  ( 0.9011391526636610694, 151.4269777404737738, -183.9244531302517487 ) ) ;
#778 = ORIENTED_EDGE ( 'NONE', *, *, #846, .F. ) ;
#779 = CARTESIAN_POINT ( 'NONE',  ( 11.35466508841354560, 162.9455813210234112, -179.8067416091139989 ) ) ;
#780 = CARTESIAN_POINT ( 'NONE',  ( -10.64772978991646823, 162.5569286472566546, -179.3724798446667421 ) ) ;
#781 = ORIENTED_EDGE ( 'NONE', *, *, #1604, .F. ) ;
#782 = CYLINDRICAL_SURFACE ( 'NONE', #907, 1.999999999999990896 ) ;
#783 = DIRECTION ( 'NONE',  ( 0.004944046975062000443, -0.01088478573707908105, -0.9999285363659576875 ) ) ;
#784 = ORIENTED_EDGE ( 'NONE', *, *, #317, .F. ) ;
#785 = EDGE_CURVE ( 'NONE', #1362, #926, #789, .T. ) ;
#786 = ORIENTED_EDGE ( 'NONE', *, *, #3401, .T. ) ;
#787 = DIRECTION ( 'NONE',  ( 0.9999877781250671172, 5.381554972533477099E-05, 0.004943754077442311101 ) ) ;
#788 = CARTESIAN_POINT ( 'NONE',  ( -26.73911404662054991, 150.7194458881435821, -157.0514860679959384 ) ) ;
#789 = LINE ( 'NONE', #3434, #2642 ) ;
#790 = EDGE_CURVE ( 'NONE', #281, #2464, #2626, .T. ) ;
#791 = FACE_OUTER_BOUND ( 'NONE', #1654, .T. ) ;
#792 = CARTESIAN_POINT ( 'NONE',  ( -5.644182272694745706, 170.1690578688910307, -180.1605480509754216 ) ) ;
#793 = CARTESIAN_POINT ( 'NONE',  ( 30.62061613627886203, 145.8861047608027377, -141.7141909260824377 ) ) ;
#794 = ORIENTED_EDGE ( 'NONE', *, *, #1259, .F. ) ;
#795 = FACE_OUTER_BOUND ( 'NONE', #2008, .T. ) ;
#796 = CARTESIAN_POINT ( 'NONE',  ( 6.316118689005675968, 168.5568826536055269, -172.0832903492304524 ) ) ;
#797 = CIRCLE ( 'NONE', #3425, 1.599999999999991207 ) ;
#798 = ORIENTED_EDGE ( 'NONE', *, *, #1020, .T. ) ;
#799 = ORIENTED_EDGE ( 'NONE', *, *, #1323, .F. ) ;
#800 = AXIS2_PLACEMENT_3D ( 'NONE', #2120, #13, #539 ) ;
#801 = PERSON_AND_ORGANIZATION ( #2362, #2108 ) ;
#802 = DIRECTION ( 'NONE',  ( 0.004944046975061859063, -0.01088478573707893880, -0.9999285363659575765 ) ) ;
#803 = VERTEX_POINT ( 'NONE', #2696 ) ;
#804 = VERTEX_POINT ( 'NONE', #2385 ) ;
#805 = EDGE_CURVE ( 'NONE', #220, #3148, #807, .T. ) ;
#806 = DIRECTION ( 'NONE',  ( 0.000000000000000000, 0.9999407575168361983, -0.01088491877119481151 ) ) ;
#807 = LINE ( 'NONE', #2435, #1135 ) ;
#808 = DIRECTION ( 'NONE',  ( 8.882399554990937776E-16, 0.9999407575168363094, -0.01088491877119511508 ) ) ;
#809 = ADVANCED_FACE ( 'NONE', ( #1614 ), #1350, .F. ) ;
#810 = AXIS2_PLACEMENT_3D ( 'NONE', #243, #8, #226 ) ;
#811 = LINE ( 'NONE', #2420, #604 ) ;
#812 = FACE_OUTER_BOUND ( 'NONE', #2672, .T. ) ;
#813 = ORIENTED_EDGE ( 'NONE', *, *, #2893, .T. ) ;
#814 = AXIS2_PLACEMENT_3D ( 'NONE', #2842, #2592, #3389 ) ;
#815 = CARTESIAN_POINT ( 'NONE',  ( 26.40520826670920229, 145.3691481044624823, -189.2043046706338316 ) ) ;
#816 = EDGE_CURVE ( 'NONE', #3136, #3392, #1744, .T. ) ;
#817 = CARTESIAN_POINT ( 'NONE',  ( -30.88306743476458749, 151.7409337374190557, -155.0829519659810671 ) ) ;
#818 = VERTEX_POINT ( 'NONE', #1629 ) ;
#819 = EDGE_LOOP ( 'NONE', ( #1136, #1330, #1555, #1067, #2352 ) ) ;
#820 = AXIS2_PLACEMENT_3D ( 'NONE', #1374, #2145, #3 ) ;
#821 = ORIENTED_EDGE ( 'NONE', *, *, #2909, .T. ) ;
#822 = ORIENTED_EDGE ( 'NONE', *, *, #2205, .F. ) ;
#823 = CARTESIAN_POINT ( 'NONE',  ( 27.26176527529996818, 150.7255093675675823, -156.4944658149422594 ) ) ;
#824 = CARTESIAN_POINT ( 'NONE',  ( -19.77997245825998363, 192.9692060557244133, -152.9766681306462033 ) ) ;
#825 = DIRECTION ( 'NONE',  ( 0.000000000000000000, -0.9359127059959930772, 0.3522320353903913848 ) ) ;
#826 = CARTESIAN_POINT ( 'NONE',  ( -1.752472782748537350, 164.7253829647731038, -156.5822744693600441 ) ) ;
#827 = DIRECTION ( 'NONE',  ( 3.989863994746674619E-14, -0.9999407575168363094, 0.01088491877120073038 ) ) ;
#828 = ORIENTED_EDGE ( 'NONE', *, *, #790, .T. ) ;
#829 = ADVANCED_FACE ( 'NONE', ( #1087 ), #490, .F. ) ;
#830 = CARTESIAN_POINT ( 'NONE',  ( -17.78988499595998007, 160.4091256729255690, -150.6122505763284209 ) ) ;
#831 = DIRECTION ( 'NONE',  ( 0.000000000000000000, 0.9999407575168363094, -0.01088491877119503355 ) ) ;
#832 = ORIENTED_EDGE ( 'NONE', *, *, #357, .F. ) ;
#833 = EDGE_CURVE ( 'NONE', #1626, #2512, #1314, .T. ) ;
#834 = DIRECTION ( 'NONE',  ( 0.000000000000000000, 0.01088491877119481498, 0.9999407575168363094 ) ) ;
#835 = EDGE_LOOP ( 'NONE', ( #1063, #358, #3005, #1867 ) ) ;
#836 = ORIENTED_EDGE ( 'NONE', *, *, #785, .F. ) ;
#837 = LINE ( 'NONE', #2979, #1495 ) ;
#838 = CARTESIAN_POINT ( 'NONE',  ( -26.40474753731464119, 151.2962079504758606, -155.7609993657548273 ) ) ;
#839 = FACE_OUTER_BOUND ( 'NONE', #118, .T. ) ;
#840 = CARTESIAN_POINT ( 'NONE',  ( 27.67802813512748017, 150.7309098045551821, -155.9983558148801421 ) ) ;
#841 = CARTESIAN_POINT ( 'NONE',  ( -17.78988499595639894, 164.0433555889051433, -152.6519297094164074 ) ) ;
#842 = CARTESIAN_POINT ( 'NONE',  ( 0.3508003490804555424, 132.4824989895415968, -178.7205955524707690 ) ) ;
#843 = VERTEX_POINT ( 'NONE', #2152 ) ;
#844 = DIRECTION ( 'NONE',  ( 0.000000000000000000, 0.9999407575168363094, -0.01088491877119520876 ) ) ;
#845 = CARTESIAN_POINT ( 'NONE',  ( 11.40505042518213585, 170.3611071031205029, -190.0790550709498348 ) ) ;
#846 = EDGE_CURVE ( 'NONE', #2395, #3227, #2307, .T. ) ;
#847 = ORIENTED_EDGE ( 'NONE', *, *, #462, .F. ) ;
#848 = CARTESIAN_POINT ( 'NONE',  ( -19.67719886037478005, 160.6154286508792097, -151.2768799001062519 ) ) ;
#849 = AXIS2_PLACEMENT_3D ( 'NONE', #1353, #2666, #827 ) ;
#850 = CARTESIAN_POINT ( 'NONE',  ( -31.84170037643215778, 148.2438229362232391, -190.0521252146836559 ) ) ;
#851 = EDGE_CURVE ( 'NONE', #1346, #2410, #505, .T. ) ;
#852 = ORIENTED_EDGE ( 'NONE', *, *, #2137, .T. ) ;
#853 = VECTOR ( 'NONE', #1364, 1000.000000000000227 ) ;
#854 = VERTEX_POINT ( 'NONE', #1819 ) ;
#855 = ADVANCED_FACE ( 'NONE', ( #267 ), #555, .F. ) ;
#856 = DIRECTION ( 'NONE',  ( -0.004944046975077069118, 0.01088478573707093999, 0.9999285363659576875 ) ) ;
#857 = CARTESIAN_POINT ( 'NONE',  ( -26.73983174643353067, 150.7210258865653714, -156.9063398476168629 ) ) ;
#858 = CARTESIAN_POINT ( 'NONE',  ( -30.28272591794035051, 151.7409660455226685, -155.0799839888851750 ) ) ;
#859 = CARTESIAN_POINT ( 'NONE',  ( 26.64607453218755140, 151.2284901024549697, -155.8294154647734899 ) ) ;
#860 = CIRCLE ( 'NONE', #917, 9.999999999999992895 ) ;
#861 = CARTESIAN_POINT ( 'NONE',  ( 22.66759561881722007, 171.8017857990626283, -142.0356206389816975 ) ) ;
#862 = ORIENTED_EDGE ( 'NONE', *, *, #2670, .F. ) ;
#863 = CIRCLE ( 'NONE', #3270, 1.999999999999990896 ) ;
#864 = CARTESIAN_POINT ( 'NONE',  ( 11.73027112529977778, 208.2339412557529101, -155.1568294708393125 ) ) ;
#865 = CARTESIAN_POINT ( 'NONE',  ( 22.73186822949302410, 160.7777269683754469, -154.9162288489215484 ) ) ;
#866 = AXIS2_PLACEMENT_3D ( 'NONE', #2088, #560, #530 ) ;
#867 = VERTEX_POINT ( 'NONE', #2682 ) ;
#868 = CARTESIAN_POINT ( 'NONE',  ( -19.47008786835771588, 161.0064810659542047, -151.7038064830243798 ) ) ;
#869 = AXIS2_PLACEMENT_3D ( 'NONE', #755, #1616, #1840 ) ;
#870 = DIRECTION ( 'NONE',  ( 0.004944046975061859930, -0.01088478573707893360, -0.9999285363659576875 ) ) ;
#871 = ORIENTED_EDGE ( 'NONE', *, *, #2004, .F. ) ;
#872 = AXIS2_PLACEMENT_3D ( 'NONE', #1509, #1990, #3070 ) ;
#873 = ORIENTED_EDGE ( 'NONE', *, *, #1751, .T. ) ;
#874 = ADVANCED_FACE ( 'NONE', ( #285 ), #773, .F. ) ;
#875 = CIRCLE ( 'NONE', #1153, 31.99999999999998934 ) ;
#876 = DIRECTION ( 'NONE',  ( 0.9999877781250670061, 5.381554972537290103E-05, 0.004943754077442170589 ) ) ;
#877 = DIRECTION ( 'NONE',  ( 0.000000000000000000, -0.9999407575168361983, 0.01088491877119429629 ) ) ;
#878 = ADVANCED_FACE ( 'NONE', ( #1838 ), #2709, .F. ) ;
#879 = CARTESIAN_POINT ( 'NONE',  ( 8.391567133392833000, 165.3669990118523856, -155.0649465717301894 ) ) ;
#880 = CARTESIAN_POINT ( 'NONE',  ( 27.86791712205948812, 150.7320324793670920, -155.8952215310605709 ) ) ;
#881 = CARTESIAN_POINT ( 'NONE',  ( -27.66951779564312375, 150.7300489552950751, -156.0774375498316715 ) ) ;
#882 = AXIS2_PLACEMENT_3D ( 'NONE', #2964, #1363, #3245 ) ;
#883 = CARTESIAN_POINT ( 'NONE',  ( -11.13994648233861184, 162.8272595336974007, -185.0231653156311893 ) ) ;
#884 = CARTESIAN_POINT ( 'NONE',  ( 18.56392378131643284, 163.4613680681447363, -152.4359903222752450 ) ) ;
#885 = ORIENTED_EDGE ( 'NONE', *, *, #3313, .T. ) ;
#886 = CARTESIAN_POINT ( 'NONE',  ( -19.63000577256646295, 160.7044637676521859, -151.3999966515519020 ) ) ;
#887 = AXIS2_PLACEMENT_3D ( 'NONE', #144, #1992, #3386 ) ;
#888 = DIRECTION ( 'NONE',  ( -0.004645884459284542987, 0.3522282340390547328, 0.9359026054581319753 ) ) ;
#889 = ORIENTED_EDGE ( 'NONE', *, *, #2244, .T. ) ;
#890 = ORIENTED_EDGE ( 'NONE', *, *, #2871, .F. ) ;
#891 = FACE_OUTER_BOUND ( 'NONE', #1357, .T. ) ;
#892 = EDGE_CURVE ( 'NONE', #1119, #2805, #1436, .T. ) ;
#893 = CARTESIAN_POINT ( 'NONE',  ( -5.780143564508831489, 172.7682532189492406, -152.6875486141082092 ) ) ;
#894 = CYLINDRICAL_SURFACE ( 'NONE', #472, 9.999999999999992895 ) ;
#895 = CARTESIAN_POINT ( 'NONE',  ( 27.73922602138702942, 150.7313210727307080, -155.9605747510385640 ) ) ;
#896 = ADVANCED_FACE ( 'NONE', ( #2998 ), #1644, .F. ) ;
#897 = CARTESIAN_POINT ( 'NONE',  ( -27.39131169295933077, 150.7291201773645355, -156.1627595376996851 ) ) ;
#898 = CARTESIAN_POINT ( 'NONE',  ( -11.38060281767717186, 162.9924645188212367, -185.1111472904931645 ) ) ;
#899 = CARTESIAN_POINT ( 'NONE',  ( 24.79333645585658985, 161.5858352784742067, -167.3534413773977292 ) ) ;
#900 = EDGE_CURVE ( 'NONE', #867, #2810, #3261, .T. ) ;
#901 = ORIENTED_EDGE ( 'NONE', *, *, #2776, .F. ) ;
#902 = CARTESIAN_POINT ( 'NONE',  ( -18.77543612579874832, 162.2941747767184495, -152.3737465060093257 ) ) ;
#903 = CYLINDRICAL_SURFACE ( 'NONE', #1599, 1.699999999999989519 ) ;
#904 = EDGE_LOOP ( 'NONE', ( #289, #606, #324, #727 ) ) ;
#905 = ORIENTED_EDGE ( 'NONE', *, *, #2871, .T. ) ;
#906 = CARTESIAN_POINT ( 'NONE',  ( 0.4051848658061360520, 132.3627663464337445, -189.7198094524963210 ) ) ;
#907 = AXIS2_PLACEMENT_3D ( 'NONE', #5, #1847, #3427 ) ;
#908 = DIRECTION ( 'NONE',  ( 0.004944046975061859930, -0.01088478573707893707, -0.9999285363659576875 ) ) ;
#909 = AXIS2_PLACEMENT_3D ( 'NONE', #2230, #372, #128 ) ;
#910 = DIRECTION ( 'NONE',  ( 0.000000000000000000, -0.01088491877119481498, -0.9999407575168363094 ) ) ;
#911 = DIRECTION ( 'NONE',  ( 0.9999877781250670061, 5.381554972450341154E-05, 0.004943754077442331918 ) ) ;
#912 = DIRECTION ( 'NONE',  ( 0.000000000000000000, 0.01088491877119480804, 0.9999407575168361983 ) ) ;
#913 = EDGE_CURVE ( 'NONE', #2143, #2091, #32, .T. ) ;
#914 = CARTESIAN_POINT ( 'NONE',  ( 26.24970169736213066, 145.8808662210521163, -142.1954282707642960 ) ) ;
#915 = CARTESIAN_POINT ( 'NONE',  ( 20.13627989479858016, 160.5538159791793476, -150.9729348189870848 ) ) ;
#916 = ORIENTED_EDGE ( 'NONE', *, *, #2414, .T. ) ;
#917 = AXIS2_PLACEMENT_3D ( 'NONE', #714, #2587, #2045 ) ;
#918 = DIRECTION ( 'NONE',  ( -0.004944046975061725489, 0.01088478573708189651, 0.9999285363659575765 ) ) ;
#919 = EDGE_CURVE ( 'NONE', #1809, #2706, #2593, .T. ) ;
#920 = CARTESIAN_POINT ( 'NONE',  ( 0.1678706110031576715, 132.8852360618128898, -141.7232397069533079 ) ) ;
#921 = ORIENTED_EDGE ( 'NONE', *, *, #3384, .F. ) ;
#922 = ORIENTED_EDGE ( 'NONE', *, *, #1499, .T. ) ;
#923 = AXIS2_PLACEMENT_3D ( 'NONE', #1857, #1337, #808 ) ;
#924 = APPROVAL_STATUS ( 'not_yet_approved' ) ;
#925 = CARTESIAN_POINT ( 'NONE',  ( 26.66880753642388058, 151.2359343976140167, -155.7633716074759036 ) ) ;
#926 = VERTEX_POINT ( 'NONE', #1450 ) ;
#927 = DIRECTION ( 'NONE',  ( -0.9999877781250670061, -5.381554972413991243E-05, -0.004943754077441767265 ) ) ;
#928 = CARTESIAN_POINT ( 'NONE',  ( 9.926833836222343166, 167.2617396195956303, -152.5363303604916894 ) ) ;
#929 = CARTESIAN_POINT ( 'NONE',  ( 26.76002574110636090, 145.8858969984691214, -141.7332769688570693 ) ) ;
#930 = DIRECTION ( 'NONE',  ( 0.004645884459284522171, -0.3522282340390547883, -0.9359026054581319753 ) ) ;
#931 = CYLINDRICAL_SURFACE ( 'NONE', #1332, 1.999999999999990896 ) ;
#932 = EDGE_CURVE ( 'NONE', #2412, #617, #578, .T. ) ;
#933 = VERTEX_POINT ( 'NONE', #77 ) ;
#934 = DIRECTION ( 'NONE',  ( 0.9999891284265391977, 0.002009375742159096642, 0.004207783009754008027 ) ) ;
#935 = DIRECTION ( 'NONE',  ( 0.9999877781250670061, 5.381554972483571951E-05, 0.004943754077442174058 ) ) ;
#936 = LINE ( 'NONE', #2791, #3281 ) ;
#937 = EDGE_CURVE ( 'NONE', #480, #2217, #3046, .T. ) ;
#938 = ORIENTED_EDGE ( 'NONE', *, *, #345, .T. ) ;
#939 = ORIENTED_EDGE ( 'NONE', *, *, #2244, .F. ) ;
#940 = CARTESIAN_POINT ( 'NONE',  ( 30.93176801011840027, 172.7430162852814419, -155.0059341803809332 ) ) ;
#941 = CARTESIAN_POINT ( 'NONE',  ( -27.50136083789212549, 150.7394372838440404, -155.2149807363837795 ) ) ;
#942 = VERTEX_POINT ( 'NONE', #893 ) ;
#943 = CYLINDRICAL_SURFACE ( 'NONE', #2947, 35.94690529099829490 ) ;
#944 = CYLINDRICAL_SURFACE ( 'NONE', #887, 34.10000000000000853 ) ;
#945 = CARTESIAN_POINT ( 'NONE',  ( 6.316118689005673303, 172.5566456836729117, -172.1268300243152112 ) ) ;
#946 = CYLINDRICAL_SURFACE ( 'NONE', #1871, 3.999999999999999112 ) ;
#947 = CARTESIAN_POINT ( 'NONE',  ( 18.54678814315301238, 163.4915612664190689, -152.4393278631818021 ) ) ;
#948 = ORIENTED_EDGE ( 'NONE', *, *, #482, .F. ) ;
#949 = SPHERICAL_SURFACE ( 'NONE', #3034, 1.000000000000000000 ) ;
#950 = FACE_OUTER_BOUND ( 'NONE', #2321, .T. ) ;
#951 = EDGE_CURVE ( 'NONE', #1143, #2789, #385, .T. ) ;
#952 = DIRECTION ( 'NONE',  ( -0.004944046975061859063, 0.01088478573707893880, 0.9999285363659575765 ) ) ;
#953 = ORIENTED_EDGE ( 'NONE', *, *, #3041, .T. ) ;
#954 = EDGE_LOOP ( 'NONE', ( #778, #2689, #2873, #2147, #1111 ) ) ;
#955 = B_SPLINE_CURVE_WITH_KNOTS ( 'NONE', 3,
 ( #3121, #1781, #192, #2854, #398, #2796, #925, #3067, #3368, #452, #2532, #1524 ),
 .UNSPECIFIED., .F., .F.,
 ( 4, 2, 2, 2, 2, 4 ),
 ( 3.469446951953614189E-18, 0.0008072244419267110950, 0.001614448883853418721, 0.002421673325780126455, 0.002825285546743444218, 0.003228897767706762414 ),
 .UNSPECIFIED. ) ;
#956 = ADVANCED_FACE ( 'NONE', ( #2515 ), #97, .T. ) ;
#957 = DIRECTION ( 'NONE',  ( 0.004944046975061999576, -0.01088478573707907758, -0.9999285363659576875 ) ) ;
#958 = ORIENTED_EDGE ( 'NONE', *, *, #3313, .F. ) ;
#959 = EDGE_CURVE ( 'NONE', #715, #3340, #863, .T. ) ;
#960 = CARTESIAN_POINT ( 'NONE',  ( -5.780143564508832377, 168.7684901888818843, -152.6440089390234505 ) ) ;
#961 = VECTOR ( 'NONE', #3342, 1000.000000000000114 ) ;
#962 = FACE_OUTER_BOUND ( 'NONE', #1378, .T. ) ;
#963 = CARTESIAN_POINT ( 'NONE',  ( -25.75835003092089792, 150.7845092505824312, -190.0497034979019304 ) ) ;
#964 = VECTOR ( 'NONE', #2191, 1000.000000000000000 ) ;
#965 = FACE_OUTER_BOUND ( 'NONE', #2778, .T. ) ;
#966 = CYLINDRICAL_SURFACE ( 'NONE', #1602, 1.599999999999991207 ) ;
#967 = ORIENTED_EDGE ( 'NONE', *, *, #2539, .T. ) ;
#968 = DIRECTION ( 'NONE',  ( -0.5757505389204858881, -0.8176030052219126487, 0.006053328412338720640 ) ) ;
#969 = CARTESIAN_POINT ( 'NONE',  ( -17.78988499595998007, 160.4091256729255690, -150.6122505763284209 ) ) ;
#970 = DIRECTION ( 'NONE',  ( 0.000000000000000000, -0.9999407575168363094, 0.01088491877119492253 ) ) ;
#971 = AXIS2_PLACEMENT_3D ( 'NONE', #3448, #2620, #766 ) ;
#972 = ORIENTED_EDGE ( 'NONE', *, *, #90, .F. ) ;
#973 = ORIENTED_EDGE ( 'NONE', *, *, #2940, .T. ) ;
#974 = AXIS2_PLACEMENT_3D ( 'NONE', #1160, #2214, #2232 ) ;
#975 = PERSON_AND_ORGANIZATION_ROLE ( 'creator' ) ;
#976 = CARTESIAN_POINT ( 'NONE',  ( -10.59468069356960207, 168.0106951731542324, -190.1622449898420086 ) ) ;
#977 = ADVANCED_FACE ( 'NONE', ( #2241 ), #187, .F. ) ;
#978 = VECTOR ( 'NONE', #3112, 1000.000000000000227 ) ;
#979 = ORIENTED_EDGE ( 'NONE', *, *, #1854, .T. ) ;
#980 = CARTESIAN_POINT ( 'NONE',  ( -25.90941541329021547, 145.8780592151847770, -142.4532932702495884 ) ) ;
#981 = DIRECTION ( 'NONE',  ( 0.004943754084601049113, 0.000000000000000000, -0.9999877795731060282 ) ) ;
#982 = DIRECTION ( 'NONE',  ( -0.004645884459284533446, 0.3522282340390548439, 0.9359026054581320864 ) ) ;
#983 = CARTESIAN_POINT ( 'NONE',  ( -26.18697026429750352, 145.3605651052150449, -189.9927800786436478 ) ) ;
#984 = EDGE_CURVE ( 'NONE', #1594, #2549, #860, .T. ) ;
#985 = VECTOR ( 'NONE', #3220, 1000.000000000000227 ) ;
#986 = DIRECTION ( 'NONE',  ( -0.004944046975061859930, 0.01088478573707840798, 0.9999285363659576875 ) ) ;
#987 = VERTEX_POINT ( 'NONE', #466 ) ;
#988 = DIRECTION ( 'NONE',  ( 0.004944046975062000443, -0.01088478573707908105, -0.9999285363659576875 ) ) ;
#989 = LINE ( 'NONE', #1006, #3004 ) ;
#990 = VERTEX_POINT ( 'NONE', #2290 ) ;
#991 = EDGE_LOOP ( 'NONE', ( #2701, #1304, #2426, #1609, #2407, #862, #1603, #2455, #3243, #3294, #921, #433, #207, #443, #436, #1903, #1508, #922, #2542, #798 ) ) ;
#992 = DIRECTION ( 'NONE',  ( -0.004645884459284542987, 0.3522282340390547328, 0.9359026054581319753 ) ) ;
#993 = ORIENTED_EDGE ( 'NONE', *, *, #504, .T. ) ;
#994 = AXIS2_PLACEMENT_3D ( 'NONE', #421, #732, #1489 ) ;
#995 = CARTESIAN_POINT ( 'NONE',  ( -25.75409807742230939, 145.8853228574153889, -142.5870813813455698 ) ) ;
#996 = EDGE_CURVE ( 'NONE', #2272, #1708, #158, .T. ) ;
#997 = CARTESIAN_POINT ( 'NONE',  ( 0.4051848658061360520, 132.3627663464337445, -189.7198094524963210 ) ) ;
#998 = CARTESIAN_POINT ( 'NONE',  ( -17.78329289304287641, 192.9726093589248705, -152.9668327944388864 ) ) ;
#999 = CYLINDRICAL_SURFACE ( 'NONE', #2804, 12.04701297407904370 ) ;
#1000 = DIRECTION ( 'NONE',  ( 8.707732078424989125E-16, -0.9359127059959955197, 0.3522320353903845569 ) ) ;
#1001 = EDGE_CURVE ( 'NONE', #1611, #396, #1541, .T. ) ;
#1002 = CARTESIAN_POINT ( 'NONE',  ( -9.137106401243084264, 166.5913932103593709, -152.3680468049570038 ) ) ;
#1003 = EDGE_LOOP ( 'NONE', ( #2728, #1426 ) ) ;
#1004 = LINE ( 'NONE', #2544, #3439 ) ;
#1005 = EDGE_CURVE ( 'NONE', #2395, #328, #955, .T. ) ;
#1006 = CARTESIAN_POINT ( 'NONE',  ( 20.16762617350454434, 171.8016512601882368, -142.0479800241752457 ) ) ;
#1007 = ORIENTED_EDGE ( 'NONE', *, *, #698, .F. ) ;
#1008 = VERTEX_POINT ( 'NONE', #674 ) ;
#1009 = DIRECTION ( 'NONE',  ( -0.004944046975061859930, 0.01088478573707893707, 0.9999285363659576875 ) ) ;
#1010 = ORIENTED_EDGE ( 'NONE', *, *, #3363, .T. ) ;
#1011 = VERTEX_POINT ( 'NONE', #2060 ) ;
#1012 = CARTESIAN_POINT ( 'NONE',  ( 26.82585454787176005, 145.3650876275484620, -189.5773195223432310 ) ) ;
#1013 = FACE_OUTER_BOUND ( 'NONE', #2634, .T. ) ;
#1014 = CARTESIAN_POINT ( 'NONE',  ( 26.99733999590953104, 145.3634272830896066, -189.7298467144001108 ) ) ;
#1015 = CIRCLE ( 'NONE', #1856, 1.700000000000017275 ) ;
#1016 = CARTESIAN_POINT ( 'NONE',  ( 22.76906942990345684, 218.0341256329137138, -163.0642939994901610 ) ) ;
#1017 = CARTESIAN_POINT ( 'NONE',  ( -4.757014347414414424, 164.7327781956615809, -155.9029131500837480 ) ) ;
#1018 = CIRCLE ( 'NONE', #3428, 35.94690529099798226 ) ;
#1019 = EDGE_LOOP ( 'NONE', ( #1371, #3100, #2708, #2498, #1977, #41, #582 ) ) ;
#1020 = EDGE_CURVE ( 'NONE', #1482, #1062, #1366, .T. ) ;
#1021 = CYLINDRICAL_SURFACE ( 'NONE', #250, 1.999999999999990896 ) ;
#1022 = VECTOR ( 'NONE', #3416, 1000.000000000000114 ) ;
#1023 = LINE ( 'NONE', #686, #2493 ) ;
#1024 = ORIENTED_EDGE ( 'NONE', *, *, #449, .F. ) ;
#1025 = EDGE_CURVE ( 'NONE', #1218, #987, #1306, .T. ) ;
#1026 = CARTESIAN_POINT ( 'NONE',  ( 0.4002408188309498072, 132.3736511321704370, -188.7198809161300233 ) ) ;
#1027 = FACE_OUTER_BOUND ( 'NONE', #31, .T. ) ;
#1028 = ORIENTED_EDGE ( 'NONE', *, *, #194, .F. ) ;
#1029 = ORIENTED_EDGE ( 'NONE', *, *, #833, .F. ) ;
#1030 = AXIS2_PLACEMENT_3D ( 'NONE', #1382, #368, #2502 ) ;
#1031 = PLANE ( 'NONE',  #1980 ) ;
#1032 = DIRECTION ( 'NONE',  ( -0.004944046975061858196, 0.01088478573707894054, 0.9999285363659575765 ) ) ;
#1033 = VECTOR ( 'NONE', #3361, 1000.000000000000114 ) ;
#1034 = DIRECTION ( 'NONE',  ( 0.004943754084600615432, 0.000000000000000000, -0.9999877795731060282 ) ) ;
#1035 = B_SPLINE_CURVE_WITH_KNOTS ( 'NONE', 3,
 ( #980, #2047, #661, #1469 ),
 .UNSPECIFIED., .F., .F.,
 ( 4, 4 ),
 ( 0.1130902905050044926, 0.1137578118972829566 ),
 .UNSPECIFIED. ) ;
#1036 = AXIS2_PLACEMENT_3D ( 'NONE', #1297, #3180, #2367 ) ;
#1037 = DIRECTION ( 'NONE',  ( 0.004943754084601090747, 0.000000000000000000, -0.9999877795731060282 ) ) ;
#1038 = CARTESIAN_POINT ( 'NONE',  ( 20.20965057279257593, 194.9930097642211422, -150.8008307323589747 ) ) ;
#1039 = CARTESIAN_POINT ( 'NONE',  ( -17.78329491313857247, 164.0547552374811175, -152.6520456625058841 ) ) ;
#1040 = VECTOR ( 'NONE', #2717, 1000.000000000000114 ) ;
#1041 = ORIENTED_EDGE ( 'NONE', *, *, #551, .T. ) ;
#1042 = CARTESIAN_POINT ( 'NONE',  ( -7.316773721242133099, 165.0450851903092655, -155.2839770327783242 ) ) ;
#1043 = CIRCLE ( 'NONE', #3447, 1.599999999999991207 ) ;
#1044 = FACE_OUTER_BOUND ( 'NONE', #1885, .T. ) ;
#1045 = ADVANCED_FACE ( 'NONE', ( #1201 ), #3085, .F. ) ;
#1046 = EDGE_LOOP ( 'NONE', ( #1251, #632, #3288, #167, #1573 ) ) ;
#1047 = CARTESIAN_POINT ( 'NONE',  ( -18.30139585481395770, 163.1469666116414601, -152.5758014170775994 ) ) ;
#1048 = B_SPLINE_CURVE_WITH_KNOTS ( 'NONE', 3,
 ( #2421, #1894, #2123, #3456 ),
 .UNSPECIFIED., .F., .F.,
 ( 4, 4 ),
 ( 0.05127594711265975186, 0.05196443147315776834 ),
 .UNSPECIFIED. ) ;
#1049 = EDGE_CURVE ( 'NONE', #803, #2640, #2022, .T. ) ;
#1050 = CARTESIAN_POINT ( 'NONE',  ( -11.93421699588109064, 166.1861852042895293, -185.1486500304437754 ) ) ;
#1051 = ORIENTED_EDGE ( 'NONE', *, *, #386, .T. ) ;
#1052 = ORIENTED_EDGE ( 'NONE', *, *, #1424, .T. ) ;
#1053 = CARTESIAN_POINT ( 'NONE',  ( 30.82260597077289432, 151.6228519328797972, -154.7765690276562225 ) ) ;
#1054 = CARTESIAN_POINT ( 'NONE',  ( 28.14371949810177753, 150.7330518667064041, -155.8015757290369834 ) ) ;
#1055 = CARTESIAN_POINT ( 'NONE',  ( 9.281574763665236816, 167.7134890593136447, -152.5580534921474793 ) ) ;
#1056 = CARTESIAN_POINT ( 'NONE',  ( 11.38033019030677906, 163.5286374248647121, -185.0044446703487893 ) ) ;
#1057 = CARTESIAN_POINT ( 'NONE',  ( 0.2420313156291974133, 164.7200685162958393, -157.0704851531207851 ) ) ;
#1058 = CARTESIAN_POINT ( 'NONE',  ( -17.78659093774644262, 164.0490555466560636, -152.6519917664915909 ) ) ;
#1059 = ORIENTED_EDGE ( 'NONE', *, *, #698, .T. ) ;
#1060 = CARTESIAN_POINT ( 'NONE',  ( 25.85200488063514968, 145.5891756228924407, -188.8160608546203036 ) ) ;
#1061 = LINE ( 'NONE', #1606, #985 ) ;
#1062 = VERTEX_POINT ( 'NONE', #124 ) ;
#1063 = ORIENTED_EDGE ( 'NONE', *, *, #1751, .F. ) ;
#1064 = EDGE_CURVE ( 'NONE', #2826, #818, #1141, .T. ) ;
#1065 = CARTESIAN_POINT ( 'NONE',  ( -8.644145607070086612, 170.4688786494968156, -180.1786447888390796 ) ) ;
#1066 = VERTEX_POINT ( 'NONE', #1727 ) ;
#1067 = ORIENTED_EDGE ( 'NONE', *, *, #1128, .T. ) ;
#1068 = EDGE_CURVE ( 'NONE', #2946, #2686, #729, .T. ) ;
#1069 = DIRECTION ( 'NONE',  ( 0.004943754084601157534, 0.000000000000000000, -0.9999877795731060282 ) ) ;
#1070 = CARTESIAN_POINT ( 'NONE',  ( 27.22244831278308652, 150.7239534984339855, -156.6373954033702773 ) ) ;
#1071 = DIRECTION ( 'NONE',  ( 0.000000000000000000, -0.9999407575168364204, 0.01088491877119371690 ) ) ;
#1072 = ADVANCED_FACE ( 'NONE', ( #692 ), #1467, .F. ) ;
#1073 = PLANE ( 'NONE',  #1425 ) ;
#1074 = CARTESIAN_POINT ( 'NONE',  ( -3.753339525409173483, 164.7304083556843182, -156.1206179976693136 ) ) ;
#1075 = CARTESIAN_POINT ( 'NONE',  ( -33.26078840835031514, 214.3373329404976744, -157.6771880266377650 ) ) ;
#1076 = VERTEX_POINT ( 'NONE', #976 ) ;
#1077 = CARTESIAN_POINT ( 'NONE',  ( 25.59873320674745756, 145.9012328718206675, -188.7425448344861820 ) ) ;
#1078 = CARTESIAN_POINT ( 'NONE',  ( -10.64412116332021974, 163.5818774114561620, -180.1135645782227641 ) ) ;
#1079 = VECTOR ( 'NONE', #2495, 1000.000000000000227 ) ;
#1080 = ORIENTED_EDGE ( 'NONE', *, *, #1170, .T. ) ;
#1081 = FACE_OUTER_BOUND ( 'NONE', #904, .T. ) ;
#1082 = AXIS2_PLACEMENT_3D ( 'NONE', #1891, #299, #1071 ) ;
#1083 = EDGE_LOOP ( 'NONE', ( #3410, #3138, #758, #1833 ) ) ;
#1084 = ORIENTED_EDGE ( 'NONE', *, *, #1264, .F. ) ;
#1085 = DIRECTION ( 'NONE',  ( -0.9999877781250670061, -5.381554971650709526E-05, -0.004943754077435519659 ) ) ;
#1086 = ADVANCED_FACE ( 'NONE', ( #2890 ), #1558, .T. ) ;
#1087 = FACE_OUTER_BOUND ( 'NONE', #3443, .T. ) ;
#1088 = B_SPLINE_CURVE_WITH_KNOTS ( 'NONE', 3,
 ( #1699, #116, #2246, #649, #3317, #914 ),
 .UNSPECIFIED., .F., .F.,
 ( 4, 2, 4 ),
 ( 3.469446951953614189E-18, 0.0006130397995681490051, 0.001226079599136294541 ),
 .UNSPECIFIED. ) ;
#1089 = AXIS2_PLACEMENT_3D ( 'NONE', #2466, #2225, #3297 ) ;
#1090 = CARTESIAN_POINT ( 'NONE',  ( 11.35560995543153240, 172.4698364755249713, -180.1015395448326615 ) ) ;
#1091 = VECTOR ( 'NONE', #2490, 1000.000000000000114 ) ;
#1092 = CARTESIAN_POINT ( 'NONE',  ( 11.74885466313691573, 206.8250283195966404, -158.9004398926719546 ) ) ;
#1093 = ADVANCED_FACE ( 'NONE', ( #1849 ), #2678, .T. ) ;
#1094 = CARTESIAN_POINT ( 'NONE',  ( -17.78988499595997652, 192.9792009289104726, -152.9669126958925176 ) ) ;
#1095 = ORIENTED_EDGE ( 'NONE', *, *, #1408, .F. ) ;
#1096 = AXIS2_PLACEMENT_3D ( 'NONE', #473, #523, #2419 ) ;
#1097 = CARTESIAN_POINT ( 'NONE',  ( 11.35200588210152084, 162.5584002017543810, -179.2646413884459093 ) ) ;
#1098 = CARTESIAN_POINT ( 'NONE',  ( 0.3508003490804555424, 132.4824989895415968, -178.7205955524707690 ) ) ;
#1099 = VECTOR ( 'NONE', #888, 1000.000000000000000 ) ;
#1100 = ORIENTED_EDGE ( 'NONE', *, *, #1729, .T. ) ;
#1101 = CARTESIAN_POINT ( 'NONE',  ( -17.94687217609403262, 163.7709022693069869, -152.6429687041903378 ) ) ;
#1102 = AXIS2_PLACEMENT_3D ( 'NONE', #2616, #2038, #222 ) ;
#1103 = ORIENTED_EDGE ( 'NONE', *, *, #1956, .T. ) ;
#1104 = EDGE_LOOP ( 'NONE', ( #3359, #3254, #2948, #1551, #176, #938, #2925 ) ) ;
#1105 = CARTESIAN_POINT ( 'NONE',  ( -30.87883580640174230, 150.7316766509346166, -155.9279096346458857 ) ) ;
#1106 = CARTESIAN_POINT ( 'NONE',  ( -26.78092919856926812, 150.7226027156897601, -156.7614847740764503 ) ) ;
#1107 = CARTESIAN_POINT ( 'NONE',  ( 25.55423678397202281, 145.9991959434541116, -179.7431880072159345 ) ) ;
#1108 = DIRECTION ( 'NONE',  ( 0.000000000000000000, -0.9359127059959950756, 0.3522320353903860557 ) ) ;
#1109 = DIRECTION ( 'NONE',  ( 0.004944046975061859063, -0.01088478573707893533, -0.9999285363659576875 ) ) ;
#1110 = AXIS2_PLACEMENT_3D ( 'NONE', #80, #2243, #3314 ) ;
#1111 = ORIENTED_EDGE ( 'NONE', *, *, #1887, .T. ) ;
#1112 = EDGE_CURVE ( 'NONE', #1672, #1521, #1812, .T. ) ;
#1113 = DIRECTION ( 'NONE',  ( 0.000000000000000000, 0.9999407575168363094, -0.01088491877119485488 ) ) ;
#1114 = CARTESIAN_POINT ( 'NONE',  ( 31.47416524856264886, 150.4567394970034684, -184.0470309752656703 ) ) ;
#1115 = ORIENTED_EDGE ( 'NONE', *, *, #278, .F. ) ;
#1116 = DIRECTION ( 'NONE',  ( 0.000000000000000000, 0.9999407575168361983, -0.01088491877119452528 ) ) ;
#1117 = EDGE_CURVE ( 'NONE', #3184, #1362, #2398, .T. ) ;
#1118 = ORIENTED_EDGE ( 'NONE', *, *, #1662, .T. ) ;
#1119 = VERTEX_POINT ( 'NONE', #2076 ) ;
#1120 = CARTESIAN_POINT ( 'NONE',  ( -30.87812338778952181, 150.7301081941651546, -156.0719955835758412 ) ) ;
#1121 = CARTESIAN_POINT ( 'NONE',  ( -26.90640109579368655, 150.7352211971241047, -155.6022906496727387 ) ) ;
#1122 = FACE_OUTER_BOUND ( 'NONE', #3238, .T. ) ;
#1123 = CARTESIAN_POINT ( 'NONE',  ( 26.70430849783566529, 150.7223220104586119, -156.7872717006844141 ) ) ;
#1124 = CARTESIAN_POINT ( 'NONE',  ( 11.73027112529977778, 206.5492983849601103, -154.5228118071366055 ) ) ;
#1125 = VERTEX_POINT ( 'NONE', #2379 ) ;
#1126 = CARTESIAN_POINT ( 'NONE',  ( 18.21956311049257593, 194.9711325616475506, -152.8105753132457778 ) ) ;
#1127 = CARTESIAN_POINT ( 'NONE',  ( 0.1678706110031573384, 171.8005749491937308, -142.1468551057240859 ) ) ;
#1128 = EDGE_CURVE ( 'NONE', #2356, #2704, #1144, .T. ) ;
#1129 = VERTEX_POINT ( 'NONE', #2114 ) ;
#1130 = DIRECTION ( 'NONE',  ( -8.135166451122292357E-16, 0.9999407575168364204, -0.01088491877119481671 ) ) ;
#1131 = AXIS2_PLACEMENT_3D ( 'NONE', #2725, #1130, #834 ) ;
#1132 = DIRECTION ( 'NONE',  ( 0.001690963655019717907, 0.9359141350837767437, -0.3522241791704586178 ) ) ;
#1133 = EDGE_CURVE ( 'NONE', #2274, #705, #2093, .T. ) ;
#1134 = ORIENTED_EDGE ( 'NONE', *, *, #1465, .F. ) ;
#1135 = VECTOR ( 'NONE', #522, 1000.000000000000227 ) ;
#1136 = ORIENTED_EDGE ( 'NONE', *, *, #1492, .T. ) ;
#1137 = CARTESIAN_POINT ( 'NONE',  ( -30.35846811889286556, 151.6193207630981306, -155.0790343111821699 ) ) ;
#1138 = CARTESIAN_POINT ( 'NONE',  ( 0.1678706110031576715, 132.8852360618129467, -141.7232397069533079 ) ) ;
#1139 = DIRECTION ( 'NONE',  ( 0.000000000000000000, 0.01088491877119429629, 0.9999407575168363094 ) ) ;
#1140 = CARTESIAN_POINT ( 'NONE',  ( 27.41098433795271916, 150.7282422311426728, -156.2434118814327917 ) ) ;
#1141 = CIRCLE ( 'NONE', #1591, 1.699999999999989519 ) ;
#1142 = CARTESIAN_POINT ( 'NONE',  ( -27.02459241147795055, 150.7265322374076391, -156.4005000937280556 ) ) ;
#1143 = VERTEX_POINT ( 'NONE', #3154 ) ;
#1144 = CIRCLE ( 'NONE', #1480, 1.999999999999990896 ) ;
#1145 = CARTESIAN_POINT ( 'NONE',  ( -5.693622742445364260, 170.2779057262618210, -170.1612626873157978 ) ) ;
#1146 = CARTESIAN_POINT ( 'NONE',  ( 18.58912275448738427, 163.4169274471407505, -152.4309077493520590 ) ) ;
#1147 = TOROIDAL_SURFACE ( 'NONE', #754, 33.00000000000000000, 1.000000000000000000 ) ;
#1148 = ORIENTED_EDGE ( 'NONE', *, *, #2397, .T. ) ;
#1149 = CARTESIAN_POINT ( 'NONE',  ( -18.96338685257412138, 161.9506665334067748, -152.2486734785602778 ) ) ;
#1150 = ADVANCED_FACE ( 'NONE', ( #2343 ), #752, .F. ) ;
#1151 = CARTESIAN_POINT ( 'NONE',  ( 18.21956311049257593, 164.0623919849941785, -152.4741162500785947 ) ) ;
#1152 = ORIENTED_EDGE ( 'NONE', *, *, #2226, .T. ) ;
#1153 = AXIS2_PLACEMENT_3D ( 'NONE', #1098, #307, #1882 ) ;
#1154 = ORIENTED_EDGE ( 'NONE', *, *, #900, .T. ) ;
#1155 = EDGE_CURVE ( 'NONE', #2908, #2549, #262, .T. ) ;
#1156 = CARTESIAN_POINT ( 'NONE',  ( -30.86155739595297476, 150.7643551762100174, -155.7879817571979686 ) ) ;
#1157 = CARTESIAN_POINT ( 'NONE',  ( -26.27407425381126060, 150.7246647923199419, -156.5720525410564505 ) ) ;
#1158 = CARTESIAN_POINT ( 'NONE',  ( 42.40467154705881825, 145.3642564472407344, -189.6536757252692666 ) ) ;
#1159 = DIRECTION ( 'NONE',  ( 0.000000000000000000, 0.9999407575168363094, -0.01088491877119480804 ) ) ;
#1160 = CARTESIAN_POINT ( 'NONE',  ( -33.24220487051317718, 211.4309596747478111, -160.8572271918457943 ) ) ;
#1161 = CARTESIAN_POINT ( 'NONE',  ( 20.14781201156282009, 160.5313756267547944, -150.9302262574994415 ) ) ;
#1162 = VERTEX_POINT ( 'NONE', #2945 ) ;
#1163 = CARTESIAN_POINT ( 'NONE',  ( 18.21956311049256882, 192.9712510466139292, -152.7888054757033842 ) ) ;
#1164 = AXIS2_PLACEMENT_3D ( 'NONE', #647, #1714, #2784 ) ;
#1165 = FACE_OUTER_BOUND ( 'NONE', #1246, .T. ) ;
#1166 = ORIENTED_EDGE ( 'NONE', *, *, #1641, .T. ) ;
#1167 = ORIENTED_EDGE ( 'NONE', *, *, #2867, .T. ) ;
#1168 = CARTESIAN_POINT ( 'NONE',  ( -5.832056057746981992, 168.8827804391212055, -142.1447593071809479 ) ) ;
#1169 = CARTESIAN_POINT ( 'NONE',  ( -8.594705137319467170, 170.3600307921260253, -190.1779301524987034 ) ) ;
#1170 = EDGE_CURVE ( 'NONE', #2400, #843, #1289, .T. ) ;
#1171 = CYLINDRICAL_SURFACE ( 'NONE', #3054, 28.59999999999998721 ) ;
#1172 = CARTESIAN_POINT ( 'NONE',  ( 12.71986649261827829, 166.1330867345264721, -190.0265297090914487 ) ) ;
#1173 = FACE_OUTER_BOUND ( 'NONE', #660, .T. ) ;
#1174 = ADVANCED_FACE ( 'NONE', ( #1027, #2130, #3206, #3173, #2096 ), #1866, .F. ) ;
#1175 = CARTESIAN_POINT ( 'NONE',  ( -24.89662647425953779, 145.7152664874565176, -188.9901897581298158 ) ) ;
#1176 = CARTESIAN_POINT ( 'NONE',  ( 19.92831463725195107, 160.9553846933493446, -151.4631419551751605 ) ) ;
#1177 = VERTEX_POINT ( 'NONE', #1831 ) ;
#1178 = CARTESIAN_POINT ( 'NONE',  ( 0.3755205839557646530, 132.4280750608562016, -183.7202382343005240 ) ) ;
#1179 = CARTESIAN_POINT ( 'NONE',  ( 11.73872594357487387, 212.9135119311717972, -156.9179503666915991 ) ) ;
#1180 = ORIENTED_EDGE ( 'NONE', *, *, #2605, .T. ) ;
#1181 = ORIENTED_EDGE ( 'NONE', *, *, #1983, .T. ) ;
#1182 = AXIS2_PLACEMENT_3D ( 'NONE', #3360, #1720, #2790 ) ;
#1183 = CARTESIAN_POINT ( 'NONE',  ( -27.96325653320325699, 151.7410908705682857, -155.0685169625083120 ) ) ;
#1184 = LINE ( 'NONE', #177, #1817 ) ;
#1185 = EDGE_CURVE ( 'NONE', #3190, #1909, #2711, .T. ) ;
#1186 = DIRECTION ( 'NONE',  ( -0.004645884459284523038, 0.3522282340390548439, 0.9359026054581319753 ) ) ;
#1187 = LINE ( 'NONE', #861, #1691 ) ;
#1188 = CARTESIAN_POINT ( 'NONE',  ( -10.64412116332021974, 170.4687710183973479, -180.1885322969939978 ) ) ;
#1189 = EDGE_CURVE ( 'NONE', #1827, #314, #3163, .T. ) ;
#1190 = CARTESIAN_POINT ( 'NONE',  ( 19.79270792166670745, 161.2141218614509910, -151.6715479884092872 ) ) ;
#1191 = ORIENTED_EDGE ( 'NONE', *, *, #2417, .T. ) ;
#1192 = CARTESIAN_POINT ( 'NONE',  ( 12.69514625774297301, 166.1875106632119241, -185.0268870272616653 ) ) ;
#1193 = CARTESIAN_POINT ( 'NONE',  ( 11.73872594357487387, 212.9135119311717972, -156.9179503666915991 ) ) ;
#1194 = AXIS2_PLACEMENT_3D ( 'NONE', #209, #1009, #1274 ) ;
#1195 = ORIENTED_EDGE ( 'NONE', *, *, #3235, .F. ) ;
#1196 = ORIENTED_EDGE ( 'NONE', *, *, #816, .F. ) ;
#1197 = B_SPLINE_CURVE_WITH_KNOTS ( 'NONE', 3,
 ( #605, #1674, #2742, #346, #120, #2252, #1216, #2285, #2579, #742 ),
 .UNSPECIFIED., .F., .F.,
 ( 4, 2, 2, 2, 4 ),
 ( 0.000000000000000000, 0.0004028468721293760940, 0.0008056937442587521880, 0.001208540616388128174, 0.001611387488517504376 ),
 .UNSPECIFIED. ) ;
#1198 = TOROIDAL_SURFACE ( 'NONE', #198, 33.00000000000000000, 1.000000000000000000 ) ;
#1199 = DIRECTION ( 'NONE',  ( 0.004944046975061859930, -0.01088478573707893360, -0.9999285363659575765 ) ) ;
#1200 = CIRCLE ( 'NONE', #475, 1.599999999999991207 ) ;
#1201 = FACE_OUTER_BOUND ( 'NONE', #819, .T. ) ;
#1202 = ORIENTED_EDGE ( 'NONE', *, *, #2475, .T. ) ;
#1203 = VECTOR ( 'NONE', #1231, 1000.000000000000227 ) ;
#1204 = CARTESIAN_POINT ( 'NONE',  ( 22.75048589206631178, 219.4430385690699268, -159.3206835776576611 ) ) ;
#1205 = CARTESIAN_POINT ( 'NONE',  ( 9.975115257461624196, 167.3855959033116392, -152.5510550484851251 ) ) ;
#1206 = DIRECTION ( 'NONE',  ( 0.000000000000000000, 0.9999407575168364204, -0.01088491877119459640 ) ) ;
#1207 = EDGE_CURVE ( 'NONE', #2524, #2412, #1647, .T. ) ;
#1208 = DIRECTION ( 'NONE',  ( -7.409890710233097524E-19, 0.9999407575168364204, -0.01088491877119481324 ) ) ;
#1209 = MANIFOLD_SOLID_BREP ( '圆角6', #735 ) ;
#1210 = DIRECTION ( 'NONE',  ( 0.000000000000000000, -0.9359127059959930772, 0.3522320353903913848 ) ) ;
#1211 = CC_DESIGN_APPROVAL ( #2707, ( #440 ) ) ;
#1212 = VERTEX_POINT ( 'NONE', #1248 ) ;
#1213 = EDGE_CURVE ( 'NONE', #2444, #480, #411, .T. ) ;
#1214 = DIRECTION ( 'NONE',  ( 0.9999877781250672282, 5.381554972452630176E-05, 0.004943754077442180130 ) ) ;
#1215 = CARTESIAN_POINT ( 'NONE',  ( -24.84274799186101745, 145.9964837688660566, -179.9923413513132289 ) ) ;
#1216 = CARTESIAN_POINT ( 'NONE',  ( 11.37973522370383250, 163.0071827556089374, -184.8784226855857753 ) ) ;
#1217 = AXIS2_PLACEMENT_3D ( 'NONE', #126, #1186, #178 ) ;
#1218 = VERTEX_POINT ( 'NONE', #3393 ) ;
#1219 = ADVANCED_FACE ( 'NONE', ( #2338 ), #1790, .F. ) ;
#1220 = ORIENTED_EDGE ( 'NONE', *, *, #569, .T. ) ;
#1221 = DIRECTION ( 'NONE',  ( 0.000000000000000000, 0.9999407575168361983, -0.01088491877119495375 ) ) ;
#1222 = ORIENTED_EDGE ( 'NONE', *, *, #2605, .F. ) ;
#1223 = DIRECTION ( 'NONE',  ( -0.004944046975061859930, 0.01088478573707840798, 0.9999285363659576875 ) ) ;
#1224 = DIRECTION ( 'NONE',  ( 0.004944046975061859063, -0.01088478573707893533, -0.9999285363659576875 ) ) ;
#1225 = DIRECTION ( 'NONE',  ( 0.004943754084601017888, 0.000000000000000000, -0.9999877795731061392 ) ) ;
#1226 = CARTESIAN_POINT ( 'NONE',  ( -25.92150358109782715, 151.1437071799057605, -157.0520617978482107 ) ) ;
#1227 = CARTESIAN_POINT ( 'NONE',  ( 18.29287710919614796, 163.9356355472921791, -152.4723739410481187 ) ) ;
#1228 = ORIENTED_EDGE ( 'NONE', *, *, #1627, .F. ) ;
#1229 = CARTESIAN_POINT ( 'NONE',  ( 6.355671064806058368, 166.7699050799304814, -180.0642142782240569 ) ) ;
#1230 = CARTESIAN_POINT ( 'NONE',  ( -5.832056057746981104, 164.8830174090538492, -142.1012196320962460 ) ) ;
#1231 = DIRECTION ( 'NONE',  ( 0.004944046975061859063, -0.01088478573707893880, -0.9999285363659575765 ) ) ;
#1232 = ADVANCED_FACE ( 'NONE', ( #3408 ), #3049, .F. ) ;
#1233 = ORIENTED_EDGE ( 'NONE', *, *, #3212, .T. ) ;
#1234 = VERTEX_POINT ( 'NONE', #725 ) ;
#1235 = ADVANCED_FACE ( 'NONE', ( #2055 ), #3132, .F. ) ;
#1236 = CARTESIAN_POINT ( 'NONE',  ( 28.03381591547669416, 150.4284971607185639, -183.7794292906733631 ) ) ;
#1237 = ORIENTED_EDGE ( 'NONE', *, *, #1956, .F. ) ;
#1238 = CARTESIAN_POINT ( 'NONE',  ( 20.17060779866232778, 175.2150857432080500, -142.6882393332534491 ) ) ;
#1239 = AXIS2_PLACEMENT_3D ( 'NONE', #2630, #509, #3201 ) ;
#1240 = CARTESIAN_POINT ( 'NONE',  ( -22.97629522885115705, 160.1914545703585873, -155.1358464014357708 ) ) ;
#1241 = CARTESIAN_POINT ( 'NONE',  ( -33.25065611605735683, 206.7346064111994224, -159.0897901281107920 ) ) ;
#1242 = DIRECTION ( 'NONE',  ( 6.217221832846566855E-15, 0.9999407575168364204, -0.01088491877119461201 ) ) ;
#1243 = VECTOR ( 'NONE', #2082, 1000.000000000000227 ) ;
#1244 = LINE ( 'NONE', #1266, #2320 ) ;
#1245 = DIRECTION ( 'NONE',  ( 0.9999877781250670061, 5.381554972533475744E-05, 0.004943754077442310234 ) ) ;
#1246 = EDGE_LOOP ( 'NONE', ( #1936, #1152, #2693, #1525, #2380, #1462, #2499 ) ) ;
#1247 = CARTESIAN_POINT ( 'NONE',  ( 23.87497459848112769, 197.2774535008082353, -184.2827944142104570 ) ) ;
#1248 = CARTESIAN_POINT ( 'NONE',  ( -23.04056783952696108, 160.3329567849406203, -142.1367754286784475 ) ) ;
#1249 = CARTESIAN_POINT ( 'NONE',  ( 22.73186822949302410, 161.7211095606052993, -154.9264981001840624 ) ) ;
#1250 = ORIENTED_EDGE ( 'NONE', *, *, #1345, .F. ) ;
#1251 = ORIENTED_EDGE ( 'NONE', *, *, #1729, .F. ) ;
#1252 = EDGE_CURVE ( 'NONE', #1212, #3131, #2828, .T. ) ;
#1253 = CIRCLE ( 'NONE', #866, 1.000000000000002220 ) ;
#1254 = CARTESIAN_POINT ( 'NONE',  ( 11.35560995543153240, 172.4698364755249713, -180.1015395448326615 ) ) ;
#1255 = DIRECTION ( 'NONE',  ( -8.882399554991038355E-16, -0.9999407575168363094, 0.01088491877119430150 ) ) ;
#1256 =( BOUNDED_CURVE ( )  B_SPLINE_CURVE ( 3, ( #1151, #2478, #1445, #1739 ),
 .UNSPECIFIED., .F., .T. ) 
 B_SPLINE_CURVE_WITH_KNOTS ( ( 4, 4 ),
 ( 0.000000000000000000, 0.4734476546705814193 ),
 .UNSPECIFIED. ) 
 CURVE ( )  GEOMETRIC_REPRESENTATION_ITEM ( )  RATIONAL_B_SPLINE_CURVE ( ( 1.000000000000000000, 0.9949166343901267862, 0.9949166343901267862, 1.000000000000000000 ) ) 
 REPRESENTATION_ITEM ( '' )  );
#1257 = CIRCLE ( 'NONE', #2997, 33.00000000000001421 ) ;
#1258 = ORIENTED_EDGE ( 'NONE', *, *, #569, .F. ) ;
#1259 = EDGE_CURVE ( 'NONE', #617, #2017, #740, .T. ) ;
#1260 = CARTESIAN_POINT ( 'NONE',  ( -10.62378804124384857, 167.9154794018011216, -184.2735790972996313 ) ) ;
#1261 = AXIS2_PLACEMENT_3D ( 'NONE', #3450, #1657, #1277 ) ;
#1262 = DIRECTION ( 'NONE',  ( 0.000000000000000000, 0.9999407575168361983, -0.01088491877119481151 ) ) ;
#1263 = DIRECTION ( 'NONE',  ( 0.000000000000000000, -0.9359127059959930772, 0.3522320353903913848 ) ) ;
#1264 = EDGE_CURVE ( 'NONE', #2706, #2143, #1004, .T. ) ;
#1265 = AXIS2_PLACEMENT_3D ( 'NONE', #1267, #2351, #442 ) ;
#1266 = CARTESIAN_POINT ( 'NONE',  ( 23.50207434232260084, 160.0585706374048982, -167.3432007577303864 ) ) ;
#1267 = CARTESIAN_POINT ( 'NONE',  ( -30.15910963348331109, 147.6058244454820567, -167.4729679715435964 ) ) ;
#1268 = ORIENTED_EDGE ( 'NONE', *, *, #2556, .F. ) ;
#1269 = DIRECTION ( 'NONE',  ( -0.004944046975061833910, 0.01088478573707494200, 0.9999285363659576875 ) ) ;
#1270 = CARTESIAN_POINT ( 'NONE',  ( 22.72236624927624860, 192.1848610596510696, -153.3361195279481137 ) ) ;
#1271 = ORIENTED_EDGE ( 'NONE', *, *, #3256, .T. ) ;
#1272 = ORIENTED_EDGE ( 'NONE', *, *, #2824, .F. ) ;
#1273 = AXIS2_PLACEMENT_3D ( 'NONE', #2953, #29, #1841 ) ;
#1274 = DIRECTION ( 'NONE',  ( 0.000000000000000000, 0.9999407575168363094, -0.01088491877119511508 ) ) ;
#1275 = ORIENTED_EDGE ( 'NONE', *, *, #296, .F. ) ;
#1276 = AXIS2_PLACEMENT_3D ( 'NONE', #2536, #1470, #1749 ) ;
#1277 = DIRECTION ( 'NONE',  ( 0.000000000000000000, 0.3522337680564202045, 0.9359120539029166519 ) ) ;
#1278 = CARTESIAN_POINT ( 'NONE',  ( 8.772087945697849776, 165.6522355817936329, -155.0383133648398939 ) ) ;
#1279 = EDGE_CURVE ( 'NONE', #942, #1218, #1517, .T. ) ;
#1280 = CARTESIAN_POINT ( 'NONE',  ( 42.40467154705881825, 145.3642564472407344, -189.6536757252692666 ) ) ;
#1281 = LINE ( 'NONE', #1090, #3111 ) ;
#1282 = CARTESIAN_POINT ( 'NONE',  ( 11.38033019030680926, 168.0663030439335444, -185.0538397183085237 ) ) ;
#1283 = ADVANCED_FACE ( 'NONE', ( #1806 ), #2071, .T. ) ;
#1284 = ORIENTED_EDGE ( 'NONE', *, *, #2500, .T. ) ;
#1285 = CARTESIAN_POINT ( 'NONE',  ( 11.35321738280195802, 162.6673974210230540, -179.5108817191399169 ) ) ;
#1286 = CARTESIAN_POINT ( 'NONE',  ( 6.167797279753821194, 164.8836631956505130, -142.0418945831669362 ) ) ;
#1287 = ORIENTED_EDGE ( 'NONE', *, *, #3041, .F. ) ;
#1288 = CARTESIAN_POINT ( 'NONE',  ( -18.06395857923159909, 163.5661066470041760, -152.6281753416554352 ) ) ;
#1289 = LINE ( 'NONE', #1050, #3387 ) ;
#1290 = ORIENTED_EDGE ( 'NONE', *, *, #486, .F. ) ;
#1291 = ORIENTED_EDGE ( 'NONE', *, *, #2306, .T. ) ;
#1292 = CARTESIAN_POINT ( 'NONE',  ( 11.38033019030562265, -1.994263941334566637, -183.2026345905019014 ) ) ;
#1293 = CARTESIAN_POINT ( 'NONE',  ( 30.89533377055002461, 151.4177068624670142, -184.7761203747973298 ) ) ;
#1294 = CARTESIAN_POINT ( 'NONE',  ( 13.24130829820027522, 165.4766364087358852, -152.5141255824689779 ) ) ;
#1295 = EDGE_CURVE ( 'NONE', #2370, #933, #1552, .T. ) ;
#1296 = AXIS2_PLACEMENT_3D ( 'NONE', #1339, #1109, #303 ) ;
#1297 = CARTESIAN_POINT ( 'NONE',  ( -19.83756042636193229, 160.5140338138135405, -140.9748864329407070 ) ) ;
#1298 = CARTESIAN_POINT ( 'NONE',  ( -5.594741802944127151, 166.6604114359629989, -190.1228246908129051 ) ) ;
#1299 = DIRECTION ( 'NONE',  ( -0.004944046975061859063, 0.01088478573707893186, 0.9999285363659575765 ) ) ;
#1300 = ORIENTED_EDGE ( 'NONE', *, *, #1207, .T. ) ;
#1301 = EDGE_CURVE ( 'NONE', #2164, #2464, #2269, .T. ) ;
#1302 = CARTESIAN_POINT ( 'NONE',  ( -26.60562477829399342, 151.4254974307595489, -184.0604414686250720 ) ) ;
#1303 = CARTESIAN_POINT ( 'NONE',  ( -10.64507044111189416, 162.9432933403416257, -179.9146000004660380 ) ) ;
#1304 = ORIENTED_EDGE ( 'NONE', *, *, #919, .T. ) ;
#1305 = CARTESIAN_POINT ( 'NONE',  ( -18.22626644604617852, 163.2801939642398281, -152.5960972837301028 ) ) ;
#1306 = CIRCLE ( 'NONE', #2204, 4.000000000000008882 ) ;
#1307 = PERSON_AND_ORGANIZATION_ROLE ( 'design_supplier' ) ;
#1308 = CARTESIAN_POINT ( 'NONE',  ( -26.80435791714888794, 150.8630864229000110, -143.8559787653097999 ) ) ;
#1309 = ORIENTED_EDGE ( 'NONE', *, *, #1408, .T. ) ;
#1310 = AXIS2_PLACEMENT_3D ( 'NONE', #2865, #1269, #707 ) ;
#1311 = CARTESIAN_POINT ( 'NONE',  ( 26.48247089009937838, 145.3684028884993893, -189.2727637772505886 ) ) ;
#1312 = LINE ( 'NONE', #521, #716 ) ;
#1313 = AXIS2_PLACEMENT_3D ( 'NONE', #1571, #2632, #237 ) ;
#1314 = LINE ( 'NONE', #3230, #2931 ) ;
#1315 = CIRCLE ( 'NONE', #420, 1.999999999999990896 ) ;
#1316 = LINE ( 'NONE', #217, #38 ) ;
#1317 = LINE ( 'NONE', #557, #1557 ) ;
#1318 = DIRECTION ( 'NONE',  ( -0.001690963655019291816, -0.9359141350837766327, 0.3522241791704591729 ) ) ;
#1319 = ORIENTED_EDGE ( 'NONE', *, *, #1543, .T. ) ;
#1320 = DIRECTION ( 'NONE',  ( 3.185337984228735105E-16, -0.9999407575168364204, 0.01088491877119429803 ) ) ;
#1321 = VECTOR ( 'NONE', #3203, 1000.000000000000227 ) ;
#1322 = LINE ( 'NONE', #2971, #645 ) ;
#1323 = EDGE_CURVE ( 'NONE', #4, #3027, #1698, .T. ) ;
#1324 = ORIENTED_EDGE ( 'NONE', *, *, #238, .F. ) ;
#1325 = CYLINDRICAL_SURFACE ( 'NONE', #3316, 1.799999999999992939 ) ;
#1326 = APPROVAL_STATUS ( 'not_yet_approved' ) ;
#1327 = ADVANCED_FACE ( 'NONE', ( #950 ), #2106, .F. ) ;
#1328 = DIRECTION ( 'NONE',  ( 0.004944046975061859063, -0.01088478573707893186, -0.9999285363659575765 ) ) ;
#1329 = LOCAL_TIME ( 17, 9, 3.000000000000000000, #2601 ) ;
#1330 = ORIENTED_EDGE ( 'NONE', *, *, #805, .T. ) ;
#1331 = VERTEX_POINT ( 'NONE', #2 ) ;
#1332 = AXIS2_PLACEMENT_3D ( 'NONE', #2803, #986, #1771 ) ;
#1333 = DIRECTION ( 'NONE',  ( 0.004943754084601015286, 0.000000000000000000, -0.9999877795731060282 ) ) ;
#1334 = CARTESIAN_POINT ( 'NONE',  ( 27.73574999632157301, 150.7313824340551776, -155.9549378059591902 ) ) ;
#1335 = DIRECTION ( 'NONE',  ( 0.004944046975061859930, -0.01088478573707893360, -0.9999285363659576875 ) ) ;
#1336 = AXIS2_PLACEMENT_3D ( 'NONE', #997, #1224, #1262 ) ;
#1337 = DIRECTION ( 'NONE',  ( -0.004944046975061859930, 0.01088478573707893707, 0.9999285363659576875 ) ) ;
#1338 = DIRECTION ( 'NONE',  ( 0.000000000000000000, -0.9359127059959954087, 0.3522320353903850565 ) ) ;
#1339 = CARTESIAN_POINT ( 'NONE',  ( 30.93176801011840737, 151.4442781501724937, -154.7740854105544770 ) ) ;
#1340 = ORIENTED_EDGE ( 'NONE', *, *, #1901, .T. ) ;
#1341 = CARTESIAN_POINT ( 'NONE',  ( 26.48247089009937838, 145.3684028884993893, -189.2727637772505886 ) ) ;
#1342 = DIRECTION ( 'NONE',  ( 0.004944046975061859930, -0.01088478573707893707, -0.9999285363659576875 ) ) ;
#1343 = ORIENTED_EDGE ( 'NONE', *, *, #1725, .T. ) ;
#1344 = ORIENTED_EDGE ( 'NONE', *, *, #2222, .F. ) ;
#1345 = EDGE_CURVE ( 'NONE', #1362, #2880, #1253, .T. ) ;
#1346 = VERTEX_POINT ( 'NONE', #1896 ) ;
#1347 = ORIENTED_EDGE ( 'NONE', *, *, #1794, .T. ) ;
#1348 = EDGE_CURVE ( 'NONE', #3136, #1446, #2928, .T. ) ;
#1349 = CARTESIAN_POINT ( 'NONE',  ( 22.67057724397498930, 175.2152202820822993, -142.6758799480598441 ) ) ;
#1350 = CYLINDRICAL_SURFACE ( 'NONE', #3262, 1.999999999999990896 ) ;
#1351 = DIRECTION ( 'NONE',  ( -0.004944046975043365176, 0.01088478573707131469, 0.9999285363659577985 ) ) ;
#1352 = DIRECTION ( 'NONE',  ( 0.000000000000000000, 0.01088491877119509253, 0.9999407575168364204 ) ) ;
#1353 = CARTESIAN_POINT ( 'NONE',  ( -24.33182995306094654, 161.8600824443503825, -142.1597835690664624 ) ) ;
#1354 = ORIENTED_EDGE ( 'NONE', *, *, #1608, .T. ) ;
#1355 = CARTESIAN_POINT ( 'NONE',  ( -17.34521001865028467, 164.6319340486693932, -152.6561625121053112 ) ) ;
#1356 = CARTESIAN_POINT ( 'NONE',  ( -10.64596677284694159, 162.7467493722893721, -179.7311568340637393 ) ) ;
#1357 = EDGE_LOOP ( 'NONE', ( #652, #501, #3174, #156, #2128, #1284, #768, #3321, #2303, #1433 ) ) ;
#1358 = CARTESIAN_POINT ( 'NONE',  ( 11.73027112529977778, 208.2339412557529101, -155.1568294708393125 ) ) ;
#1359 = VECTOR ( 'NONE', #1159, 1000.000000000000227 ) ;
#1360 = ORIENTED_EDGE ( 'NONE', *, *, #1627, .T. ) ;
#1361 = EDGE_CURVE ( 'NONE', #1520, #3063, #1505, .T. ) ;
#1362 = VERTEX_POINT ( 'NONE', #2144 ) ;
#1363 = DIRECTION ( 'NONE',  ( 0.004944046975061859930, -0.01088478573707893707, -0.9999285363659576875 ) ) ;
#1364 = DIRECTION ( 'NONE',  ( -0.004944046975061859930, 0.01088478573707841665, 0.9999285363659575765 ) ) ;
#1365 = ADVANCED_FACE ( 'NONE', ( #2424 ), #2702, .F. ) ;
#1366 = CIRCLE ( 'NONE', #2815, 29.60000000000000853 ) ;
#1367 = DIRECTION ( 'NONE',  ( -0.004944046975061859930, 0.01088478573707893707, 0.9999285363659576875 ) ) ;
#1368 = CARTESIAN_POINT ( 'NONE',  ( 0.1678706110031573384, 171.8005749491937024, -142.1468551057240859 ) ) ;
#1369 = CARTESIAN_POINT ( 'NONE',  ( 30.74701236129826398, 151.7442504345791292, -154.7782642838414517 ) ) ;
#1370 = EDGE_CURVE ( 'NONE', #3105, #568, #2674, .T. ) ;
#1371 = ORIENTED_EDGE ( 'NONE', *, *, #892, .F. ) ;
#1372 = VECTOR ( 'NONE', #506, 1000.000000000000227 ) ;
#1373 = CYLINDRICAL_SURFACE ( 'NONE', #528, 1.700000000000017275 ) ;
#1374 = CARTESIAN_POINT ( 'NONE',  ( -22.07515928247619641, 206.2635839965818718, -194.5557330087274579 ) ) ;
#1375 = AXIS2_PLACEMENT_3D ( 'NONE', #1544, #2329, #3210 ) ;
#1376 = ORIENTED_EDGE ( 'NONE', *, *, #2397, .F. ) ;
#1377 = DIRECTION ( 'NONE',  ( -0.004944046975061859063, 0.01088478573707893880, 0.9999285363659576875 ) ) ;
#1378 = EDGE_LOOP ( 'NONE', ( #607, #1612, #2582, #1343, #2533, #2851, #3013, #728, #1719, #1118, #689, #2989, #3411, #515, #640 ) ) ;
#1379 = ORIENTED_EDGE ( 'NONE', *, *, #3277, .F. ) ;
#1380 = DIRECTION ( 'NONE',  ( 0.000000000000000000, 0.9999407575168363094, -0.01088491877119520876 ) ) ;
#1381 = AXIS2_PLACEMENT_3D ( 'NONE', #1660, #856, #110 ) ;
#1382 = CARTESIAN_POINT ( 'NONE',  ( 0.1728146579782196268, 132.8743512760757994, -142.7231682433192645 ) ) ;
#1383 = CARTESIAN_POINT ( 'NONE',  ( -25.67664622055297130, 145.3655958826320784, -189.5306287767359379 ) ) ;
#1384 = EDGE_CURVE ( 'NONE', #1234, #1125, #1529, .T. ) ;
#1385 = DIRECTION ( 'NONE',  ( -0.000000000000000000, 0.9999407575168361983, -0.01088491877119377761 ) ) ;
#1386 = CARTESIAN_POINT ( 'NONE',  ( -19.79315643524942203, 194.9981133396102564, -150.3319918601669372 ) ) ;
#1387 = VECTOR ( 'NONE', #2699, 1000.000000000000227 ) ;
#1388 = ORIENTED_EDGE ( 'NONE', *, *, #785, .T. ) ;
#1389 = VECTOR ( 'NONE', #3259, 1000.000000000000000 ) ;
#1390 = CARTESIAN_POINT ( 'NONE',  ( -33.25065611605735683, 195.4596538994602781, -154.8464462278765268 ) ) ;
#1391 = ADVANCED_FACE ( 'NONE', ( #3236 ), #759, .F. ) ;
#1392 = CARTESIAN_POINT ( 'NONE',  ( 18.80110714956126827, 163.0405959268798313, -152.3738237273645098 ) ) ;
#1393 = ORIENTED_EDGE ( 'NONE', *, *, #1434, .T. ) ;
#1394 = CARTESIAN_POINT ( 'NONE',  ( -17.78988499595997652, 192.9792009289104726, -152.9669126958925176 ) ) ;
#1395 = CARTESIAN_POINT ( 'NONE',  ( 26.53905548068280495, 150.8526340094486500, -183.7914369533122283 ) ) ;
#1396 = ORIENTED_EDGE ( 'NONE', *, *, #2205, .T. ) ;
#1397 = ORIENTED_EDGE ( 'NONE', *, *, #419, .T. ) ;
#1398 = CARTESIAN_POINT ( 'NONE',  ( -33.26924322662542721, 208.1603019354852506, -155.3524958741608657 ) ) ;
#1399 = CARTESIAN_POINT ( 'NONE',  ( -27.08326013001565968, 150.7270045133074916, -156.3571145682161045 ) ) ;
#1400 = FACE_OUTER_BOUND ( 'NONE', #1886, .T. ) ;
#1401 = CARTESIAN_POINT ( 'NONE',  ( 26.88841301643148896, 150.7310636537693256, -155.9842224894133267 ) ) ;
#1402 = LINE ( 'NONE', #1386, #1531 ) ;
#1403 = ORIENTED_EDGE ( 'NONE', *, *, #2354, .F. ) ;
#1404 = ADVANCED_FACE ( 'NONE', ( #795 ), #1021, .T. ) ;
#1405 = CARTESIAN_POINT ( 'NONE',  ( -10.62434497541998724, 162.4756612582879711, -184.1017108854428272 ) ) ;
#1406 = CARTESIAN_POINT ( 'NONE',  ( 18.65824767920965499, 163.2946367014007762, -152.4150499871558111 ) ) ;
#1407 = EDGE_LOOP ( 'NONE', ( #1902, #3218, #1458, #22, #939, #3169, #723, #1728 ) ) ;
#1408 = EDGE_CURVE ( 'NONE', #1331, #253, #308, .T. ) ;
#1409 = CARTESIAN_POINT ( 'NONE',  ( -18.39546843547994115, 162.9795876872740337, -152.5464580936230732 ) ) ;
#1410 = CIRCLE ( 'NONE', #1239, 1.000000000000002220 ) ;
#1411 = CARTESIAN_POINT ( 'NONE',  ( 20.16762617350454434, 160.5036913425802538, -141.9249953622750979 ) ) ;
#1412 = ORIENTED_EDGE ( 'NONE', *, *, #2994, .T. ) ;
#1413 = AXIS2_PLACEMENT_3D ( 'NONE', #777, #3217, #1601 ) ;
#1414 = ORIENTED_EDGE ( 'NONE', *, *, #278, .T. ) ;
#1415 = B_SPLINE_CURVE_WITH_KNOTS ( 'NONE', 3,
 ( #2443, #2688, #1845, #2425, #547, #54, #1621, #1114, #2903, #3441 ),
 .UNSPECIFIED., .F., .F.,
 ( 4, 2, 2, 2, 4 ),
 ( 0.000000000000000000, 0.0004222752877453423152, 0.0008445505754906846305, 0.001266825863236027000, 0.001689101150981369261 ),
 .UNSPECIFIED. ) ;
#1416 = FACE_OUTER_BOUND ( 'NONE', #638, .T. ) ;
#1417 = CARTESIAN_POINT ( 'NONE',  ( -26.78870943801996063, 151.4096791081315132, -155.4048496419258640 ) ) ;
#1418 = DIRECTION ( 'NONE',  ( 0.000000000000000000, 0.9999407575168364204, -0.01088491877119496416 ) ) ;
#1419 = CARTESIAN_POINT ( 'NONE',  ( 28.18062814787862536, 151.6763159190182364, -154.7902140092734555 ) ) ;
#1420 = DIRECTION ( 'NONE',  ( 0.000000000000000000, -0.9999407575168363094, 0.01088491877119234473 ) ) ;
#1421 = VECTOR ( 'NONE', #3412, 1000.000000000000000 ) ;
#1422 = DIRECTION ( 'NONE',  ( 0.000000000000000000, -0.9999407575168364204, 0.01088491877118685260 ) ) ;
#1423 = CARTESIAN_POINT ( 'NONE',  ( 19.54429620702384440, 161.6823097724944205, -151.9379386216928651 ) ) ;
#1424 = EDGE_CURVE ( 'NONE', #1362, #804, #690, .T. ) ;
#1425 = AXIS2_PLACEMENT_3D ( 'NONE', #2102, #2139, #1580 ) ;
#1426 = ORIENTED_EDGE ( 'NONE', *, *, #362, .F. ) ;
#1427 = CARTESIAN_POINT ( 'NONE',  ( -18.97749465640842814, 161.9247138397822994, -152.2380636860344794 ) ) ;
#1428 = AXIS2_PLACEMENT_3D ( 'NONE', #2838, #2311, #910 ) ;
#1429 = CARTESIAN_POINT ( 'NONE',  ( 13.40502598143225299, 168.0119867463475032, -190.0435948919834459 ) ) ;
#1430 = EDGE_CURVE ( 'NONE', #1795, #1346, #2722, .T. ) ;
#1431 = EDGE_LOOP ( 'NONE', ( #2423, #1468, #979, #1997, #1761 ) ) ;
#1432 = VECTOR ( 'NONE', #2473, 1000.000000000000227 ) ;
#1433 = ORIENTED_EDGE ( 'NONE', *, *, #1112, .T. ) ;
#1434 = EDGE_CURVE ( 'NONE', #2810, #3351, #2472, .T. ) ;
#1435 = CARTESIAN_POINT ( 'NONE',  ( -10.64412116332021974, 163.5818774114561620, -180.1135645782227641 ) ) ;
#1436 = LINE ( 'NONE', #335, #3042 ) ;
#1437 = DIRECTION ( 'NONE',  ( -3.185337984228734119E-16, 0.9999407575168364204, -0.01088491877119429803 ) ) ;
#1438 = CARTESIAN_POINT ( 'NONE',  ( 27.38078111684874116, 150.7380460451761621, -155.3427865816656208 ) ) ;
#1439 = CARTESIAN_POINT ( 'NONE',  ( -33.27404014778932861, 219.4184631081674866, -159.5895441430684798 ) ) ;
#1440 = CARTESIAN_POINT ( 'NONE',  ( 0.2098950102911827931, 132.7927153830478062, -150.2226322660638402 ) ) ;
#1441 = CARTESIAN_POINT ( 'NONE',  ( 20.17289042756836537, 160.4824972867514248, -150.8197350580704779 ) ) ;
#1442 = EDGE_LOOP ( 'NONE', ( #2618, #459, #2463, #2576 ) ) ;
#1443 = CARTESIAN_POINT ( 'NONE',  ( -18.39238077392274917, 162.9850961415363031, -152.5474979327286462 ) ) ;
#1444 = VECTOR ( 'NONE', #2647, 1000.000000000000227 ) ;
#1445 = CARTESIAN_POINT ( 'NONE',  ( 12.88721564878985326, 166.7053154738968033, -152.5292512224582708 ) ) ;
#1446 = VERTEX_POINT ( 'NONE', #3006 ) ;
#1447 = ORIENTED_EDGE ( 'NONE', *, *, #444, .F. ) ;
#1448 = EDGE_CURVE ( 'NONE', #2809, #818, #1670, .T. ) ;
#1449 = PERSON_AND_ORGANIZATION ( #2362, #2108 ) ;
#1450 = CARTESIAN_POINT ( 'NONE',  ( -30.73969007248790319, 150.4253341935271919, -184.0699946017998059 ) ) ;
#1451 = EDGE_CURVE ( 'NONE', #803, #3225, #470, .T. ) ;
#1452 = DIRECTION ( 'NONE',  ( -0.004944046975061859930, 0.01088478573707841665, 0.9999285363659575765 ) ) ;
#1453 = FACE_OUTER_BOUND ( 'NONE', #1888, .T. ) ;
#1454 = DIRECTION ( 'NONE',  ( 0.000000000000000000, 0.9999407575168361983, -0.01088491877119495375 ) ) ;
#1455 = CARTESIAN_POINT ( 'NONE',  ( 23.73014066641825437, 208.2580537646587402, -155.1063360747223498 ) ) ;
#1456 = CARTESIAN_POINT ( 'NONE',  ( 19.41399566727868731, 161.9251902312225013, -152.0476039521493021 ) ) ;
#1457 = B_SPLINE_CURVE_WITH_KNOTS ( 'NONE', 3,
 ( #338, #64, #881, #897, #2245, #1142, #115, #2750, #3315, #2469 ),
 .UNSPECIFIED., .F., .F.,
 ( 4, 2, 2, 2, 4 ),
 ( 0.000000000000000000, 0.0004323937832275525760, 0.0008647875664551051521, 0.001297181349682657728, 0.001729575132910210304 ),
 .UNSPECIFIED. ) ;
#1458 = ORIENTED_EDGE ( 'NONE', *, *, #1279, .T. ) ;
#1459 = CARTESIAN_POINT ( 'NONE',  ( 27.36160999318057563, 151.4175166908551091, -184.7935904496473256 ) ) ;
#1460 = CARTESIAN_POINT ( 'NONE',  ( -33.26924322662542721, 206.6628416058916571, -154.7889246175362246 ) ) ;
#1461 = ORIENTED_EDGE ( 'NONE', *, *, #1808, .T. ) ;
#1462 = ORIENTED_EDGE ( 'NONE', *, *, #529, .F. ) ;
#1463 = CIRCLE ( 'NONE', #2870, 34.10000000000002984 ) ;
#1464 = DIRECTION ( 'NONE',  ( 0.9999877781250670061, 5.381554972483573306E-05, 0.004943754077442175793 ) ) ;
#1465 = EDGE_CURVE ( 'NONE', #2621, #2309, #102, .T. ) ;
#1466 = CIRCLE ( 'NONE', #2083, 12.04701297407904370 ) ;
#1467 = PLANE ( 'NONE',  #2032 ) ;
#1468 = ORIENTED_EDGE ( 'NONE', *, *, #2715, .T. ) ;
#1469 = CARTESIAN_POINT ( 'NONE',  ( -26.42428451910001286, 145.8830348205945882, -141.9962103331005778 ) ) ;
#1470 = DIRECTION ( 'NONE',  ( -0.004944046975061859930, 0.01088478573707893707, 0.9999285363659576875 ) ) ;
#1471 = EDGE_CURVE ( 'NONE', #2061, #1066, #2035, .T. ) ;
#1472 = LINE ( 'NONE', #2608, #570 ) ;
#1473 = CARTESIAN_POINT ( 'NONE',  ( 23.37630906153336596, 160.3354547652174631, -141.9072989996045635 ) ) ;
#1474 = CARTESIAN_POINT ( 'NONE',  ( -25.90941541329021547, 145.8780592151847770, -142.4532932702495884 ) ) ;
#1475 = EDGE_CURVE ( 'NONE', #2017, #1988, #2127, .T. ) ;
#1476 = VERTEX_POINT ( 'NONE', #1390 ) ;
#1477 = CARTESIAN_POINT ( 'NONE',  ( 0.3508003490804555979, 164.4806032300803338, -179.0689129531490380 ) ) ;
#1478 = CARTESIAN_POINT ( 'NONE',  ( -16.77516377220156230, 163.5979321207646251, -152.6420882814522315 ) ) ;
#1479 = CARTESIAN_POINT ( 'NONE',  ( -22.33185439681080808, 161.8601900754498217, -142.1498960609116580 ) ) ;
#1480 = AXIS2_PLACEMENT_3D ( 'NONE', #500, #783, #1592 ) ;
#1481 = ORIENTED_EDGE ( 'NONE', *, *, #3016, .F. ) ;
#1482 = VERTEX_POINT ( 'NONE', #3251 ) ;
#1483 = CIRCLE ( 'NONE', #3167, 35.94690529099829490 ) ;
#1484 = DIRECTION ( 'NONE',  ( 0.000000000000000000, 0.000000000000000000, 1.000000000000000000 ) ) ;
#1485 = DIRECTION ( 'NONE',  ( 0.9999877781250670061, 5.381554972533323278E-05, 0.004943754077442169721 ) ) ;
#1486 = ORIENTED_EDGE ( 'NONE', *, *, #1808, .F. ) ;
#1487 = APPLICATION_CONTEXT ( 'configuration controlled 3d designs of mechanical parts and assemblies' ) ;
#1488 = CARTESIAN_POINT ( 'NONE',  ( -10.62434497541997303, 168.0760038875767179, -184.1626737716462401 ) ) ;
#1489 = DIRECTION ( 'NONE',  ( 0.000000000000000000, 0.9999407575168364204, -0.01088491877119371690 ) ) ;
#1490 = CARTESIAN_POINT ( 'NONE',  ( -17.77999690200985228, 192.9693136868237957, -152.9667806224913136 ) ) ;
#1491 = DIRECTION ( 'NONE',  ( -0.004645884459284523038, 0.3522282340390548994, 0.9359026054581320864 ) ) ;
#1492 = EDGE_CURVE ( 'NONE', #1846, #220, #1257, .T. ) ;
#1493 = LINE ( 'NONE', #2802, #1927 ) ;
#1494 = CARTESIAN_POINT ( 'NONE',  ( -8.422598456336151784, 165.7778578458478194, -150.7600749738072636 ) ) ;
#1495 = VECTOR ( 'NONE', #2514, 1000.000000000000114 ) ;
#1496 = B_SPLINE_CURVE_WITH_KNOTS ( 'NONE', 3,
 ( #2368, #1017, #1074, #826, #2684, #1057 ),
 .UNSPECIFIED., .F., .F.,
 ( 4, 2, 4 ),
 ( 0.004482329000715031507, 0.007555987831350410508, 0.01062964666198578864 ),
 .UNSPECIFIED. ) ;
#1497 = ORIENTED_EDGE ( 'NONE', *, *, #1133, .F. ) ;
#1498 = DIRECTION ( 'NONE',  ( 0.000000000000000000, -0.9359127059959954087, 0.3522320353903850565 ) ) ;
#1499 = EDGE_CURVE ( 'NONE', #39, #2444, #1315, .T. ) ;
#1500 = DIRECTION ( 'NONE',  ( 0.004944046975061859930, -0.01088478573707842532, -0.9999285363659577985 ) ) ;
#1501 = CARTESIAN_POINT ( 'NONE',  ( 9.355634399181383287, 172.4697288444255321, -180.1114270529875512 ) ) ;
#1502 = AXIS2_PLACEMENT_3D ( 'NONE', #298, #2501, #43 ) ;
#1503 = ORIENTED_EDGE ( 'NONE', *, *, #194, .T. ) ;
#1504 = ORIENTED_EDGE ( 'NONE', *, *, #2535, .T. ) ;
#1505 = B_SPLINE_CURVE_WITH_KNOTS ( 'NONE', 3,
 ( #1341, #815, #546, #1586, #1634, #2668, #1060, #2902, #2391, #1077 ),
 .UNSPECIFIED., .F., .F.,
 ( 4, 2, 2, 2, 4 ),
 ( 3.469446951953614189E-18, 0.0003054125756996861878, 0.0006108251513993689062, 0.0009162377270990516246, 0.001221650302798734343 ),
 .UNSPECIFIED. ) ;
#1506 =( NAMED_UNIT ( * ) SI_UNIT ( $, .STERADIAN. ) SOLID_ANGLE_UNIT ( ) );
#1507 = DIRECTION ( 'NONE',  ( 3.753510073709703027E-16, 0.9999407575168364204, -0.01088491877119481324 ) ) ;
#1508 = ORIENTED_EDGE ( 'NONE', *, *, #2733, .T. ) ;
#1509 = CARTESIAN_POINT ( 'NONE',  ( -10.64412116332021974, 172.4686525334310261, -180.2103021345363629 ) ) ;
#1510 = CARTESIAN_POINT ( 'NONE',  ( -22.24896412356173414, 219.4406168693323309, -159.5431525111425799 ) ) ;
#1511 = CARTESIAN_POINT ( 'NONE',  ( -33.26924322662542721, 208.1603019354852506, -155.3524958741608373 ) ) ;
#1512 = CARTESIAN_POINT ( 'NONE',  ( -26.03443938693739312, 151.1829358677612447, -156.3907733845138921 ) ) ;
#1513 = DIRECTION ( 'NONE',  ( -0.004944046975061859063, 0.01088478573707840624, 0.9999285363659575765 ) ) ;
#1514 = EDGE_CURVE ( 'NONE', #1966, #519, #693, .T. ) ;
#1515 = EDGE_LOOP ( 'NONE', ( #2198, #189, #1347, #916 ) ) ;
#1516 = LINE ( 'NONE', #3322, #738 ) ;
#1517 = LINE ( 'NONE', #446, #2378 ) ;
#1518 = CARTESIAN_POINT ( 'NONE',  ( -30.28487491427255307, 145.8828270582609719, -142.0152963758753231 ) ) ;
#1519 = EDGE_CURVE ( 'NONE', #1521, #2370, #1954, .T. ) ;
#1520 = VERTEX_POINT ( 'NONE', #630 ) ;
#1521 = VERTEX_POINT ( 'NONE', #1405 ) ;
#1522 = DATE_TIME_ROLE ( 'creation_date' ) ;
#1523 = EDGE_CURVE ( 'NONE', #2524, #1917, #1088, .T. ) ;
#1524 = CARTESIAN_POINT ( 'NONE',  ( 26.40556621235624135, 151.1465232243495223, -156.7933664714542772 ) ) ;
#1525 = ORIENTED_EDGE ( 'NONE', *, *, #1207, .F. ) ;
#1526 = DIRECTION ( 'NONE',  ( 0.004944046975061868604, -0.01088478573707161827, -0.9999285363659576875 ) ) ;
#1527 = AXIS2_PLACEMENT_3D ( 'NONE', #1247, #393, #2806 ) ;
#1528 = CARTESIAN_POINT ( 'NONE',  ( -24.26755734238513895, 161.7185802297683495, -155.1588545418237857 ) ) ;
#1529 =( BOUNDED_CURVE ( )  B_SPLINE_CURVE ( 3, ( #2353, #290, #1862, #496 ),
 .UNSPECIFIED., .F., .T. ) 
 B_SPLINE_CURVE_WITH_KNOTS ( ( 4, 4 ),
 ( 0.5265523453134931531, 1.000000000000000000 ),
 .UNSPECIFIED. ) 
 CURVE ( )  GEOMETRIC_REPRESENTATION_ITEM ( )  RATIONAL_B_SPLINE_CURVE ( ( 1.000000000000000000, 0.9949166343897852816, 0.9949166343897852816, 1.000000000000000000 ) ) 
 REPRESENTATION_ITEM ( '' )  );
#1530 = DIRECTION ( 'NONE',  ( 0.004944046975061859930, -0.01088478573707893360, -0.9999285363659576875 ) ) ;
#1531 = VECTOR ( 'NONE', #1682, 1000.000000000000114 ) ;
#1532 = CARTESIAN_POINT ( 'NONE',  ( -26.96083583269206230, 151.4596250989113742, -155.3006564932735785 ) ) ;
#1533 = DIRECTION ( 'NONE',  ( -0.004944046975061859930, 0.01088478573707840798, 0.9999285363659576875 ) ) ;
#1534 = ORIENTED_EDGE ( 'NONE', *, *, #3110, .F. ) ;
#1535 = DIRECTION ( 'NONE',  ( -9.909787885595105557E-17, -0.9999407575168364204, 0.01088491877119481498 ) ) ;
#1536 = DIRECTION ( 'NONE',  ( 0.004944046975061872941, -0.01088478573707840798, -0.9999285363659575765 ) ) ;
#1537 = VECTOR ( 'NONE', #1678, 1000.000000000000114 ) ;
#1538 = ORIENTED_EDGE ( 'NONE', *, *, #2999, .F. ) ;
#1539 = VERTEX_POINT ( 'NONE', #1974 ) ;
#1540 = ADVANCED_FACE ( 'NONE', ( #306 ), #1373, .F. ) ;
#1541 = LINE ( 'NONE', #1987, #2482 ) ;
#1542 = ORIENTED_EDGE ( 'NONE', *, *, #340, .F. ) ;
#1543 = EDGE_CURVE ( 'NONE', #3351, #1951, #2265, .T. ) ;
#1544 = CARTESIAN_POINT ( 'NONE',  ( 22.71703608856786261, 171.6929379416917811, -152.0349060026412076 ) ) ;
#1545 = CIRCLE ( 'NONE', #2887, 1.599999999999991207 ) ;
#1546 = CARTESIAN_POINT ( 'NONE',  ( -30.70339451051270885, 150.4812267964785804, -184.4176262048336241 ) ) ;
#1547 = CARTESIAN_POINT ( 'NONE',  ( -10.59468069356960207, 170.3599231610265861, -190.1878176606535646 ) ) ;
#1548 = AXIS2_PLACEMENT_3D ( 'NONE', #2862, #1533, #3405 ) ;
#1549 = CARTESIAN_POINT ( 'NONE',  ( 11.40505042518215006, 172.3609886181541810, -190.1008249084922284 ) ) ;
#1550 = CARTESIAN_POINT ( 'NONE',  ( -9.578092382732156906, 167.5132776124118266, -152.6491238219683453 ) ) ;
#1551 = ORIENTED_EDGE ( 'NONE', *, *, #2625, .T. ) ;
#1552 = LINE ( 'NONE', #2615, #1923 ) ;
#1553 = AXIS2_PLACEMENT_3D ( 'NONE', #2531, #1484, #3084 ) ;
#1554 = CARTESIAN_POINT ( 'NONE',  ( 27.22317667787895701, 150.7223499339762327, -156.7847065126522068 ) ) ;
#1555 = ORIENTED_EDGE ( 'NONE', *, *, #2909, .F. ) ;
#1556 = ORIENTED_EDGE ( 'NONE', *, *, #932, .T. ) ;
#1557 = VECTOR ( 'NONE', #776, 1000.000000000000227 ) ;
#1558 = PLANE ( 'NONE',  #971 ) ;
#1559 = ORIENTED_EDGE ( 'NONE', *, *, #3170, .T. ) ;
#1560 = EDGE_CURVE ( 'NONE', #2976, #2143, #143, .T. ) ;
#1561 = EDGE_LOOP ( 'NONE', ( #2411, #586, #51, #347 ) ) ;
#1562 = SECURITY_CLASSIFICATION ( '', '', #2675 ) ;
#1563 = DIRECTION ( 'NONE',  ( -0.004645884459284542987, 0.3522282340390547328, 0.9359026054581319753 ) ) ;
#1564 = FACE_BOUND ( 'NONE', #343, .T. ) ;
#1565 = CARTESIAN_POINT ( 'NONE',  ( 16.80755063161032581, 162.8775854198507602, -151.6397141863521654 ) ) ;
#1566 = EDGE_CURVE ( 'NONE', #1476, #304, #1493, .T. ) ;
#1567 = DIRECTION ( 'NONE',  ( 0.000000000000000000, 0.9999407575168363094, -0.01088491877119520876 ) ) ;
#1568 = CARTESIAN_POINT ( 'NONE',  ( -33.26078840835031514, 212.8398726109040808, -157.1136167700131239 ) ) ;
#1569 = PLANE ( 'NONE',  #1296 ) ;
#1570 = ORIENTED_EDGE ( 'NONE', *, *, #1566, .T. ) ;
#1571 = CARTESIAN_POINT ( 'NONE',  ( 0.3508003490804555979, 165.4805439875972013, -179.0797978719202206 ) ) ;
#1572 = CARTESIAN_POINT ( 'NONE',  ( 11.40505042518211809, 168.0118791152480924, -190.0534824001383072 ) ) ;
#1573 = ORIENTED_EDGE ( 'NONE', *, *, #1361, .T. ) ;
#1574 = ORIENTED_EDGE ( 'NONE', *, *, #112, .F. ) ;
#1575 = VERTEX_POINT ( 'NONE', #2861 ) ;
#1576 = CYLINDRICAL_SURFACE ( 'NONE', #757, 1.000000000000002220 ) ;
#1577 = CARTESIAN_POINT ( 'NONE',  ( 6.232069890429621672, 172.7416870412032495, -155.1280449060937485 ) ) ;
#1578 = CARTESIAN_POINT ( 'NONE',  ( 20.27104418262720031, 160.3666143840565326, -150.4235993465818240 ) ) ;
#1579 = CIRCLE ( 'NONE', #1742, 1.599999999999991207 ) ;
#1580 = DIRECTION ( 'NONE',  ( 0.004943754084601030031, 0.000000000000000000, -0.9999877795731060282 ) ) ;
#1581 = ADVANCED_FACE ( 'NONE', ( #441 ), #1198, .F. ) ;
#1582 = CARTESIAN_POINT ( 'NONE',  ( -26.60068073131893840, 151.4146126450224870, -185.0603700049910572 ) ) ;
#1583 = DIRECTION ( 'NONE',  ( 0.000000000000000000, -0.9999407575168363094, 0.01088491877119485488 ) ) ;
#1584 = ORIENTED_EDGE ( 'NONE', *, *, #1117, .T. ) ;
#1585 = B_SPLINE_CURVE_WITH_KNOTS ( 'NONE', 3,
 ( #387, #2517, #2589, #717, #676, #695, #418, #2816, #1260, #1488 ),
 .UNSPECIFIED., .F., .F.,
 ( 4, 2, 2, 2, 4 ),
 ( 3.469446951953614189E-18, 0.0005853331925781070540, 0.001170666385156210638, 0.001755999577734314223, 0.002341332770312417808 ),
 .UNSPECIFIED. ) ;
#1586 = CARTESIAN_POINT ( 'NONE',  ( 26.16908949806548534, 145.4177024810728653, -189.0167694017662825 ) ) ;
#1587 = EDGE_CURVE ( 'NONE', #2272, #926, #3404, .T. ) ;
#1588 = CYLINDRICAL_SURFACE ( 'NONE', #3285, 1.999999999999990896 ) ;
#1589 = ORIENTED_EDGE ( 'NONE', *, *, #3417, .F. ) ;
#1590 = CARTESIAN_POINT ( 'NONE',  ( -25.92150358109782715, 151.1437071799057605, -157.0520617978482107 ) ) ;
#1591 = AXIS2_PLACEMENT_3D ( 'NONE', #2568, #3327, #3103 ) ;
#1592 = DIRECTION ( 'NONE',  ( 0.000000000000000000, 0.9999407575168363094, -0.01088491877120073038 ) ) ;
#1593 = ORIENTED_EDGE ( 'NONE', *, *, #3253, .T. ) ;
#1594 = VERTEX_POINT ( 'NONE', #3127 ) ;
#1595 = AXIS2_PLACEMENT_3D ( 'NONE', #747, #536, #1610 ) ;
#1596 = LINE ( 'NONE', #2911, #2216 ) ;
#1597 = CARTESIAN_POINT ( 'NONE',  ( 4.223490478895797651, 164.7311590494826135, -156.0516556708812175 ) ) ;
#1598 = CIRCLE ( 'NONE', #3114, 1.599999999999991207 ) ;
#1599 = AXIS2_PLACEMENT_3D ( 'NONE', #2219, #870, #1689 ) ;
#1600 = LINE ( 'NONE', #1549, #311 ) ;
#1601 = DIRECTION ( 'NONE',  ( 0.004943754084601157534, 0.000000000000000000, -0.9999877795731060282 ) ) ;
#1602 = AXIS2_PLACEMENT_3D ( 'NONE', #218, #2068, #1210 ) ;
#1603 = ORIENTED_EDGE ( 'NONE', *, *, #2456, .T. ) ;
#1604 = EDGE_CURVE ( 'NONE', #413, #2058, #1483, .T. ) ;
#1605 = CARTESIAN_POINT ( 'NONE',  ( -7.524185823177521826, 165.1391677430549407, -155.2273465453289134 ) ) ;
#1606 = CARTESIAN_POINT ( 'NONE',  ( 30.93176801011840737, 151.7442603774274801, -154.7773508861858431 ) ) ;
#1607 = ORIENTED_EDGE ( 'NONE', *, *, #1068, .T. ) ;
#1608 = EDGE_CURVE ( 'NONE', #4, #2202, #2336, .T. ) ;
#1609 = ORIENTED_EDGE ( 'NONE', *, *, #2999, .T. ) ;
#1610 = DIRECTION ( 'NONE',  ( 0.000000000000000000, -0.9359127059959954087, 0.3522320353903850010 ) ) ;
#1611 = VERTEX_POINT ( 'NONE', #1769 ) ;
#1612 = ORIENTED_EDGE ( 'NONE', *, *, #913, .T. ) ;
#1613 = PLANE ( 'NONE',  #491 ) ;
#1614 = FACE_OUTER_BOUND ( 'NONE', #3045, .T. ) ;
#1615 = AXIS2_PLACEMENT_3D ( 'NONE', #3455, #2936, #2122 ) ;
#1616 = DIRECTION ( 'NONE',  ( -0.004645884459284543855, 0.3522282340390547328, 0.9359026054581319753 ) ) ;
#1617 = DIRECTION ( 'NONE',  ( 0.5757505389204859991, -0.8175410358010174461, 0.01174613613787828421 ) ) ;
#1618 = CARTESIAN_POINT ( 'NONE',  ( -17.78988499595639894, 164.0433555889051433, -152.6519297094164074 ) ) ;
#1619 = ORIENTED_EDGE ( 'NONE', *, *, #2733, .F. ) ;
#1620 = CARTESIAN_POINT ( 'NONE',  ( 11.35066590845639922, 162.5312691290672831, -178.9933056139093424 ) ) ;
#1621 = CARTESIAN_POINT ( 'NONE',  ( 31.40853614307696162, 150.5688285596842775, -184.3030145433049256 ) ) ;
#1622 = VERTEX_POINT ( 'NONE', #1473 ) ;
#1623 = FACE_OUTER_BOUND ( 'NONE', #589, .T. ) ;
#1624 = ADVANCED_FACE ( 'NONE', ( #965 ), #2574, .F. ) ;
#1625 = ORIENTED_EDGE ( 'NONE', *, *, #3406, .F. ) ;
#1626 = VERTEX_POINT ( 'NONE', #2538 ) ;
#1627 = EDGE_CURVE ( 'NONE', #476, #277, #180, .T. ) ;
#1628 = DIRECTION ( 'NONE',  ( -0.004944046975061859930, 0.01088478573707893707, 0.9999285363659576875 ) ) ;
#1629 = CARTESIAN_POINT ( 'NONE',  ( -5.594741802944127151, 170.0602100115202120, -190.1598334146349600 ) ) ;
#1630 = CARTESIAN_POINT ( 'NONE',  ( 6.468195806488409971, 164.7359720175946620, -155.6095133746451324 ) ) ;
#1631 = LINE ( 'NONE', #3200, #1387 ) ;
#1632 = CARTESIAN_POINT ( 'NONE',  ( -19.78409092192425689, 194.9781547569676263, -152.1654828274592717 ) ) ;
#1633 = ORIENTED_EDGE ( 'NONE', *, *, #720, .F. ) ;
#1634 = CARTESIAN_POINT ( 'NONE',  ( 26.08782170100203501, 145.4480075048429910, -188.9586770829289719 ) ) ;
#1635 = FACE_OUTER_BOUND ( 'NONE', #1810, .T. ) ;
#1636 = ORIENTED_EDGE ( 'NONE', *, *, #1068, .F. ) ;
#1637 = CARTESIAN_POINT ( 'NONE',  ( -19.75882870389601820, 160.4618538879244625, -151.0173082586200906 ) ) ;
#1638 = AXIS2_PLACEMENT_3D ( 'NONE', #2331, #982, #3141 ) ;
#1639 = EDGE_LOOP ( 'NONE', ( #159, #498, #828, #2186, #392, #672, #121, #1007 ) ) ;
#1640 = ORIENTED_EDGE ( 'NONE', *, *, #3145, .F. ) ;
#1641 = EDGE_CURVE ( 'NONE', #2058, #1622, #1244, .T. ) ;
#1642 = CARTESIAN_POINT ( 'NONE',  ( 0.3557443960555174423, 132.4716142038045064, -179.7205240888367257 ) ) ;
#1643 = DIRECTION ( 'NONE',  ( 0.004944046975061868604, -0.01088478573707161827, -0.9999285363659576875 ) ) ;
#1644 = CONICAL_SURFACE ( 'NONE', #634, 28.59999999999998366, 0.7853981633974566057 ) ;
#1645 = EDGE_CURVE ( 'NONE', #2309, #55, #2541, .T. ) ;
#1646 = CARTESIAN_POINT ( 'NONE',  ( -10.62434497541997303, 172.4251133904826929, -184.2100162800001613 ) ) ;
#1647 = CIRCLE ( 'NONE', #1310, 28.59999999999998366 ) ;
#1648 = CARTESIAN_POINT ( 'NONE',  ( 27.16118901173942390, 151.3842507205561958, -155.2238283597181976 ) ) ;
#1649 = DIRECTION ( 'NONE',  ( 0.004944046975061859063, -0.01088478573707893533, -0.9999285363659575765 ) ) ;
#1650 = ORIENTED_EDGE ( 'NONE', *, *, #892, .T. ) ;
#1651 = VECTOR ( 'NONE', #2822, 1000.000000000000227 ) ;
#1652 = CARTESIAN_POINT ( 'NONE',  ( 0.4051848658061359409, 132.3627663464338013, -189.7198094524962926 ) ) ;
#1653 = CARTESIAN_POINT ( 'NONE',  ( 18.85774569093475250, 162.9391880569325224, -152.3540238128596229 ) ) ;
#1654 = EDGE_LOOP ( 'NONE', ( #602, #2160, #2255, #688, #3438, #1773 ) ) ;
#1655 = CARTESIAN_POINT ( 'NONE',  ( -18.91377920830912274, 162.0417057153023279, -152.2846819600739821 ) ) ;
#1656 = CIRCLE ( 'NONE', #204, 1.000000000000003997 ) ;
#1657 = DIRECTION ( 'NONE',  ( -0.0003984800136816588805, 0.9359119795978976253, -0.3522337400914669625 ) ) ;
#1658 = EDGE_LOOP ( 'NONE', ( #2074, #1947, #871, #901, #193, #2581, #2814, #2192 ) ) ;
#1659 = VERTEX_POINT ( 'NONE', #736 ) ;
#1660 = CARTESIAN_POINT ( 'NONE',  ( 27.22317667787893569, 151.7222906914930718, -156.7955914314233894 ) ) ;
#1661 = LOCAL_TIME ( 17, 9, 3.000000000000000000, #642 ) ;
#1662 = EDGE_CURVE ( 'NONE', #1076, #715, #3142, .T. ) ;
#1663 = DIRECTION ( 'NONE',  ( 0.004944046975061859930, -0.01088478573707893707, -0.9999285363659576875 ) ) ;
#1664 = DIRECTION ( 'NONE',  ( 0.004944046975061859930, -0.01088478573707893707, -0.9999285363659576875 ) ) ;
#1665 = CARTESIAN_POINT ( 'NONE',  ( 26.96871745393024256, 151.3270009743901880, -155.3967078667029682 ) ) ;
#1666 = EDGE_CURVE ( 'NONE', #188, #1895, #2521, .T. ) ;
#1667 = CARTESIAN_POINT ( 'NONE',  ( -5.644182272694745706, 166.7692592933338176, -180.1235393271533667 ) ) ;
#1668 = ORIENTED_EDGE ( 'NONE', *, *, #2090, .T. ) ;
#1669 = CIRCLE ( 'NONE', #2610, 1.000000000000000888 ) ;
#1670 = LINE ( 'NONE', #1145, #1091 ) ;
#1671 = CARTESIAN_POINT ( 'NONE',  ( 18.83870391389334387, 162.9733066267432946, -152.3607855127350206 ) ) ;
#1672 = VERTEX_POINT ( 'NONE', #1995 ) ;
#1673 = CARTESIAN_POINT ( 'NONE',  ( -19.19106170118837795, 161.5290863196339046, -152.0569532320852204 ) ) ;
#1674 = CARTESIAN_POINT ( 'NONE',  ( 11.37605987254053908, 162.4753619219825111, -184.1292093517357955 ) ) ;
#1675 = VERTEX_POINT ( 'NONE', #1188 ) ;
#1676 = EDGE_LOOP ( 'NONE', ( #2098, #2476, #339, #3065 ) ) ;
#1677 = DIRECTION ( 'NONE',  ( -0.004645884459284543855, 0.3522282340390547328, 0.9359026054581319753 ) ) ;
#1678 = DIRECTION ( 'NONE',  ( 0.004944046975061859063, -0.01088478573707893186, -0.9999285363659575765 ) ) ;
#1679 = EDGE_CURVE ( 'NONE', #55, #1008, #2263, .T. ) ;
#1680 = DIRECTION ( 'NONE',  ( -0.004645884459284543855, 0.3522282340390547328, 0.9359026054581319753 ) ) ;
#1681 = CARTESIAN_POINT ( 'NONE',  ( 27.56258442865445346, 150.7299645452741004, -156.0851918585297540 ) ) ;
#1682 = DIRECTION ( 'NONE',  ( 0.004944046975065847192, -0.01088478573706798749, -0.9999285363659576875 ) ) ;
#1683 = ADVANCED_FACE ( 'NONE', ( #3357 ), #946, .F. ) ;
#1684 = DIRECTION ( 'NONE',  ( -0.004944046975028607883, 0.01088478573707097816, 0.9999285363659579096 ) ) ;
#1685 = CARTESIAN_POINT ( 'NONE',  ( 19.33903935288028464, 162.0641621453114851, -152.1054000079771811 ) ) ;
#1686 = ORIENTED_EDGE ( 'NONE', *, *, #1155, .F. ) ;
#1687 = CARTESIAN_POINT ( 'NONE',  ( -19.69294874922805505, 160.5857766768185684, -151.2293279163808108 ) ) ;
#1688 = ADVANCED_FACE ( 'NONE', ( #2934 ), #1073, .F. ) ;
#1689 = DIRECTION ( 'NONE',  ( 0.000000000000000000, 0.9999407575168363094, -0.01088491877119503355 ) ) ;
#1690 = ORIENTED_EDGE ( 'NONE', *, *, #66, .T. ) ;
#1691 = VECTOR ( 'NONE', #1420, 1000.000000000000114 ) ;
#1692 = EDGE_LOOP ( 'NONE', ( #1868, #1059, #106, #245 ) ) ;
#1693 = LINE ( 'NONE', #2763, #50 ) ;
#1694 = DIRECTION ( 'NONE',  ( -9.461665283317302039E-17, 0.9999407575168363094, -0.01088491877119489824 ) ) ;
#1695 = CARTESIAN_POINT ( 'NONE',  ( 6.693714751377108918, 164.7567104249746421, -155.5464411598718470 ) ) ;
#1696 = CARTESIAN_POINT ( 'NONE',  ( 28.42754297656138007, 151.7441256095335120, -154.7897313102183432 ) ) ;
#1697 = DIRECTION ( 'NONE',  ( 1.800672583906227835E-17, 0.9999407575168364204, -0.01088491877119480977 ) ) ;
#1698 = CIRCLE ( 'NONE', #416, 31.99999999999998934 ) ;
#1699 = CARTESIAN_POINT ( 'NONE',  ( 25.37130704589472785, 146.4019330157260015, -142.7458321616755086 ) ) ;
#1700 = CARTESIAN_POINT ( 'NONE',  ( -8.644145607070084836, 172.4687601645304653, -180.2004146263814732 ) ) ;
#1701 = EDGE_CURVE ( 'NONE', #510, #2826, #269, .T. ) ;
#1702 = CIRCLE ( 'NONE', #2151, 0.9999999999999953371 ) ;
#1703 = ORIENTED_EDGE ( 'NONE', *, *, #2240, .T. ) ;
#1704 = CARTESIAN_POINT ( 'NONE',  ( -18.39750948567485977, 162.9759459150430985, -152.5457688730221832 ) ) ;
#1705 = AXIS2_PLACEMENT_3D ( 'NONE', #319, #1664, #594 ) ;
#1706 = DIRECTION ( 'NONE',  ( -0.004944046975061859930, 0.01088478573707893707, 0.9999285363659576875 ) ) ;
#1707 = ADVANCED_FACE ( 'NONE', ( #2683 ), #249, .T. ) ;
#1708 = VERTEX_POINT ( 'NONE', #3214 ) ;
#1709 = VECTOR ( 'NONE', #430, 1000.000000000000114 ) ;
#1710 = ORIENTED_EDGE ( 'NONE', *, *, #211, .T. ) ;
#1711 = CALENDAR_DATE ( 2024, 20, 8 ) ;
#1712 = CARTESIAN_POINT ( 'NONE',  ( -26.93147313166084089, 150.7253067761107275, -156.5130768362176070 ) ) ;
#1713 = CARTESIAN_POINT ( 'NONE',  ( 0.4002408188309498072, 132.3736511321704370, -188.7198809161300233 ) ) ;
#1714 = DIRECTION ( 'NONE',  ( 0.004944046975061859930, -0.01088478573707842186, -0.9999285363659576875 ) ) ;
#1715 = CARTESIAN_POINT ( 'NONE',  ( 0.9060831996388880594, -1.994827625583525332, -183.2544173246522519 ) ) ;
#1716 = CARTESIAN_POINT ( 'NONE',  ( 20.16762617350454434, 160.5036913425802254, -141.9249953622750979 ) ) ;
#1717 = CARTESIAN_POINT ( 'NONE',  ( -10.85268465090227608, 162.6300019484605741, -184.7575574869231616 ) ) ;
#1718 = CARTESIAN_POINT ( 'NONE',  ( 20.07291286889062931, 160.6767493303126173, -151.1685301598315334 ) ) ;
#1719 = ORIENTED_EDGE ( 'NONE', *, *, #2956, .T. ) ;
#1720 = DIRECTION ( 'NONE',  ( 0.004944046975061857328, -0.01088478573707893013, -0.9999285363659576875 ) ) ;
#1721 = AXIS2_PLACEMENT_3D ( 'NONE', #2027, #3107, #3400 ) ;
#1722 = DIRECTION ( 'NONE',  ( -0.004944046975061833910, 0.01088478573707494200, 0.9999285363659576875 ) ) ;
#1723 = EDGE_LOOP ( 'NONE', ( #2185, #622, #2073, #948 ) ) ;
#1724 = ORIENTED_EDGE ( 'NONE', *, *, #259, .F. ) ;
#1725 = EDGE_CURVE ( 'NONE', #694, #1827, #2210, .T. ) ;
#1726 = PERSON_AND_ORGANIZATION_ROLE ( 'design_owner' ) ;
#1727 = CARTESIAN_POINT ( 'NONE',  ( -33.24220487051317718, 209.9334993451542459, -160.2936559352211532 ) ) ;
#1728 = ORIENTED_EDGE ( 'NONE', *, *, #564, .F. ) ;
#1729 = EDGE_CURVE ( 'NONE', #1162, #3063, #93, .T. ) ;
#1730 = PLANE ( 'NONE',  #2545 ) ;
#1731 = CARTESIAN_POINT ( 'NONE',  ( 8.843730492474648486, 165.7787863638655210, -150.6747768627516280 ) ) ;
#1732 = DIRECTION ( 'NONE',  ( 0.000000000000000000, -0.9359127059959954087, 0.3522320353903850565 ) ) ;
#1733 = DIRECTION ( 'NONE',  ( 0.000000000000000000, -0.9359127059959955197, 0.3522320353903845569 ) ) ;
#1734 = CARTESIAN_POINT ( 'NONE',  ( -25.93672527615920487, 151.1507035103254850, -156.7827628054057243 ) ) ;
#1735 = DIRECTION ( 'NONE',  ( 0.000000000000000000, 0.9999407575168363094, -0.01088491877119485488 ) ) ;
#1736 = ORIENTED_EDGE ( 'NONE', *, *, #3216, .F. ) ;
#1737 = FACE_OUTER_BOUND ( 'NONE', #2413, .T. ) ;
#1738 = CARTESIAN_POINT ( 'NONE',  ( -19.84546185071480906, 160.3517028344026301, -151.7934456973151214 ) ) ;
#1739 = CARTESIAN_POINT ( 'NONE',  ( 10.01765859121525182, 167.5143321814114188, -152.5522460641625457 ) ) ;
#1740 = ORIENTED_EDGE ( 'NONE', *, *, #2333, .F. ) ;
#1741 = ORIENTED_EDGE ( 'NONE', *, *, #2751, .F. ) ;
#1742 = AXIS2_PLACEMENT_3D ( 'NONE', #2065, #734, #1802 ) ;
#1743 = APPLICATION_PROTOCOL_DEFINITION ( 'international standard', 'config_control_design', 1994, #1487 ) ;
#1744 = CIRCLE ( 'NONE', #2021, 4.000000000000008882 ) ;
#1745 = CARTESIAN_POINT ( 'NONE',  ( 0.9060831996388880594, -1.994827625583525332, -183.2544173246522519 ) ) ;
#1746 = EDGE_CURVE ( 'NONE', #2258, #450, #1762, .T. ) ;
#1747 = ORIENTED_EDGE ( 'NONE', *, *, #27, .T. ) ;
#1748 = DIRECTION ( 'NONE',  ( 0.000000000000000000, -0.9999407575168361983, 0.01088491877119450273 ) ) ;
#1749 = DIRECTION ( 'NONE',  ( 0.000000000000000000, 0.9999407575168363094, -0.01088491877120073038 ) ) ;
#1750 = DIRECTION ( 'NONE',  ( 0.000000000000000000, -0.9359127059959955197, 0.3522320353903845569 ) ) ;
#1751 = EDGE_CURVE ( 'NONE', #2359, #2686, #1702, .T. ) ;
#1752 = CARTESIAN_POINT ( 'NONE',  ( 0.2321432216789613978, 132.7437338472308852, -154.7223106797106311 ) ) ;
#1753 = AXIS2_PLACEMENT_3D ( 'NONE', #1745, #957, #1221 ) ;
#1754 = CARTESIAN_POINT ( 'NONE',  ( 11.75730948141201360, 211.5045989950155274, -160.6615607885242412 ) ) ;
#1755 = EDGE_LOOP ( 'NONE', ( #2762, #744 ) ) ;
#1756 = AXIS2_PLACEMENT_3D ( 'NONE', #2578, #988, #2300 ) ;
#1757 = DIRECTION ( 'NONE',  ( -0.004944046975062000443, 0.01088478573707908105, 0.9999285363659576875 ) ) ;
#1758 = DIRECTION ( 'NONE',  ( 0.9999877781250670061, 5.381554972483382893E-05, 0.004943754077442001453 ) ) ;
#1759 = DIRECTION ( 'NONE',  ( 0.000000000000000000, -0.9359127059959955197, 0.3522320353903845569 ) ) ;
#1760 = VERTEX_POINT ( 'NONE', #2121 ) ;
#1761 = ORIENTED_EDGE ( 'NONE', *, *, #2841, .T. ) ;
#1762 = CIRCLE ( 'NONE', #869, 1.599999999999991207 ) ;
#1763 = VECTOR ( 'NONE', #488, 1000.000000000000114 ) ;
#1764 = CARTESIAN_POINT ( 'NONE',  ( -27.72455069802800409, 150.7404504510659820, -155.1219063440256889 ) ) ;
#1765 = ORIENTED_EDGE ( 'NONE', *, *, #2503, .T. ) ;
#1766 = DIRECTION ( 'NONE',  ( 0.000000000000000000, 0.9999407575168364204, -0.01088491877118777894 ) ) ;
#1767 = CYLINDRICAL_SURFACE ( 'NONE', #1830, 1.000000000000002220 ) ;
#1768 = DIRECTION ( 'NONE',  ( -0.004944046975061859930, 0.01088478573707841665, 0.9999285363659575765 ) ) ;
#1769 = CARTESIAN_POINT ( 'NONE',  ( 11.75730948141201360, 213.0020593246091209, -161.2251320451488823 ) ) ;
#1770 = EDGE_CURVE ( 'NONE', #2604, #499, #641, .T. ) ;
#1771 = DIRECTION ( 'NONE',  ( 0.000000000000000000, -0.9999407575168363094, 0.01088491877120073038 ) ) ;
#1772 = CC_DESIGN_SECURITY_CLASSIFICATION ( #1562, ( #1835 ) ) ;
#1773 = ORIENTED_EDGE ( 'NONE', *, *, #1155, .T. ) ;
#1774 = FACE_OUTER_BOUND ( 'NONE', #1083, .T. ) ;
#1775 = CARTESIAN_POINT ( 'NONE',  ( -33.09063431891416229, 183.6915427137933250, -186.1153957670728403 ) ) ;
#1776 = LINE ( 'NONE', #1249, #2602 ) ;
#1777 = CIRCLE ( 'NONE', #1615, 35.94690529099798226 ) ;
#1778 = ORIENTED_EDGE ( 'NONE', *, *, #1701, .F. ) ;
#1779 = ORIENTED_EDGE ( 'NONE', *, *, #1361, .F. ) ;
#1780 = APPLICATION_PROTOCOL_DEFINITION ( 'international standard', 'config_control_design', 1994, #2159 ) ;
#1781 = CARTESIAN_POINT ( 'NONE',  ( 28.16639902354466685, 151.6724082054683436, -154.7902418260957518 ) ) ;
#1782 = ORIENTED_EDGE ( 'NONE', *, *, #3298, .T. ) ;
#1783 = CARTESIAN_POINT ( 'NONE',  ( 11.75730948141201360, 210.0071386654219623, -160.0979895318996284 ) ) ;
#1784 = CARTESIAN_POINT ( 'NONE',  ( 8.941659344413285027, 165.8586337256067509, -151.1975921195725050 ) ) ;
#1785 = CARTESIAN_POINT ( 'NONE',  ( -25.02567772993830530, 146.3992208411379750, -142.9949855057728314 ) ) ;
#1786 = CARTESIAN_POINT ( 'NONE',  ( -26.35244194760332448, 151.2808603540295849, -155.8033549833368454 ) ) ;
#1787 = CARTESIAN_POINT ( 'NONE',  ( -25.72381415927067749, 146.4693813061060155, -180.0018454513990207 ) ) ;
#1788 = ORIENTED_EDGE ( 'NONE', *, *, #317, .T. ) ;
#1789 = EDGE_CURVE ( 'NONE', #2744, #2480, #2915, .T. ) ;
#1790 = CYLINDRICAL_SURFACE ( 'NONE', #3221, 1.999999999999990896 ) ;
#1791 = CARTESIAN_POINT ( 'NONE',  ( 11.40505042518215006, 172.3609886181541810, -190.1008249084922284 ) ) ;
#1792 = B_SPLINE_CURVE_WITH_KNOTS ( 'NONE', 3,
 ( #929, #1925, #613, #2735 ),
 .UNSPECIFIED., .F., .F.,
 ( 4, 4 ),
 ( 0.05139009509860726493, 0.05207858032421402994 ),
 .UNSPECIFIED. ) ;
#1793 = ORIENTED_EDGE ( 'NONE', *, *, #704, .F. ) ;
#1794 = EDGE_CURVE ( 'NONE', #2658, #244, #1281, .T. ) ;
#1795 = VERTEX_POINT ( 'NONE', #2154 ) ;
#1796 = CARTESIAN_POINT ( 'NONE',  ( -27.81223554372343187, 150.7302731884844320, -156.0568384153824866 ) ) ;
#1797 = ORIENTED_EDGE ( 'NONE', *, *, #2066, .T. ) ;
#1798 = CARTESIAN_POINT ( 'NONE',  ( -25.35694108269216329, 146.0338775199969916, -142.8708142945247630 ) ) ;
#1799 = AXIS2_PLACEMENT_3D ( 'NONE', #1178, #1757, #668 ) ;
#1800 = CARTESIAN_POINT ( 'NONE',  ( 11.35560995543146845, 163.5830613535499936, -180.0048019885190342 ) ) ;
#1801 = CARTESIAN_POINT ( 'NONE',  ( 0.2420313156292075718, 132.7219642757570739, -156.7221677524425445 ) ) ;
#1802 = DIRECTION ( 'NONE',  ( 0.000000000000000000, -0.9359127059959930772, 0.3522320353903913848 ) ) ;
#1803 = DIRECTION ( 'NONE',  ( -0.004944046975061860798, 0.01088478573707841839, 0.9999285363659577985 ) ) ;
#1804 = DIRECTION ( 'NONE',  ( 0.000000000000000000, -0.9359127059959930772, 0.3522320353903913848 ) ) ;
#1805 = EDGE_LOOP ( 'NONE', ( #3168, #2777, #1202, #2993, #2041 ) ) ;
#1806 = FACE_OUTER_BOUND ( 'NONE', #709, .T. ) ;
#1807 = CARTESIAN_POINT ( 'NONE',  ( 23.74872420425539232, 206.8491408285024988, -158.8499464965549635 ) ) ;
#1808 = EDGE_CURVE ( 'NONE', #3028, #476, #493, .T. ) ;
#1809 = VERTEX_POINT ( 'NONE', #2646 ) ;
#1810 = EDGE_LOOP ( 'NONE', ( #1360, #544, #2105, #1461 ) ) ;
#1811 = EDGE_CURVE ( 'NONE', #2464, #705, #2039, .T. ) ;
#1812 = LINE ( 'NONE', #2657, #2431 ) ;
#1813 = ORIENTED_EDGE ( 'NONE', *, *, #2262, .F. ) ;
#1814 = AXIS2_PLACEMENT_3D ( 'NONE', #2611, #2952, #540 ) ;
#1815 = ORIENTED_EDGE ( 'NONE', *, *, #2475, .F. ) ;
#1816 = CARTESIAN_POINT ( 'NONE',  ( 27.38633022805588269, 151.3630927621696856, -189.7932331314771375 ) ) ;
#1817 = VECTOR ( 'NONE', #3329, 1000.000000000000000 ) ;
#1818 = FACE_BOUND ( 'NONE', #2253, .T. ) ;
#1819 = CARTESIAN_POINT ( 'NONE',  ( 11.73872594357487387, 211.4160516015782321, -156.3543791100669580 ) ) ;
#1820 = AXIS2_PLACEMENT_3D ( 'NONE', #3409, #3147, #708 ) ;
#1821 = CARTESIAN_POINT ( 'NONE',  ( 0.4051848658060143715, 161.9610127689322780, -190.0420030481236893 ) ) ;
#1822 = FACE_OUTER_BOUND ( 'NONE', #2910, .T. ) ;
#1823 = VERTEX_POINT ( 'NONE', #3435 ) ;
#1824 = DIRECTION ( 'NONE',  ( 0.004944046975061859063, -0.01088478573707893880, -0.9999285363659575765 ) ) ;
#1825 = CIRCLE ( 'NONE', #1381, 0.9999999999999953371 ) ;
#1826 = FACE_OUTER_BOUND ( 'NONE', #2178, .T. ) ;
#1827 = VERTEX_POINT ( 'NONE', #1821 ) ;
#1828 = EDGE_LOOP ( 'NONE', ( #2441, #1607, #2836, #1233, #1010 ) ) ;
#1829 = EDGE_CURVE ( 'NONE', #3340, #2567, #1600, .T. ) ;
#1830 = AXIS2_PLACEMENT_3D ( 'NONE', #3125, #2010, #981 ) ;
#1831 = CARTESIAN_POINT ( 'NONE',  ( -33.26924322662542721, 209.6577622650788157, -155.9160671307854784 ) ) ;
#1832 = ORIENTED_EDGE ( 'NONE', *, *, #833, .T. ) ;
#1833 = ORIENTED_EDGE ( 'NONE', *, *, #704, .T. ) ;
#1834 = EDGE_CURVE ( 'NONE', #1889, #2744, #1316, .T. ) ;
#1835 = PRODUCT_DEFINITION_FORMATION_WITH_SPECIFIED_SOURCE ( '任何', '', #2348, .NOT_KNOWN. ) ;
#1836 = LINE ( 'NONE', #502, #2830 ) ;
#1837 = CARTESIAN_POINT ( 'NONE',  ( 2.231619832197317965, 164.7255965350055362, -156.5626548851822122 ) ) ;
#1838 = FACE_OUTER_BOUND ( 'NONE', #2900, .T. ) ;
#1839 = EDGE_CURVE ( 'NONE', #2390, #2621, #3418, .T. ) ;
#1840 = DIRECTION ( 'NONE',  ( 0.000000000000000000, -0.9359127059959930772, 0.3522320353903913848 ) ) ;
#1841 = DIRECTION ( 'NONE',  ( 0.000000000000000000, 0.9999407575168363094, -0.01088491877120073038 ) ) ;
#1842 = LINE ( 'NONE', #1877, #350 ) ;
#1843 = ORIENTED_EDGE ( 'NONE', *, *, #564, .T. ) ;
#1844 = DIRECTION ( 'NONE',  ( 0.000000000000000000, -0.01088491877120073038, -0.9999407575168363094 ) ) ;
#1845 = CARTESIAN_POINT ( 'NONE',  ( 31.04381524960162864, 151.1776973490384250, -184.7512945657503849 ) ) ;
#1846 = VERTEX_POINT ( 'NONE', #1056 ) ;
#1847 = DIRECTION ( 'NONE',  ( -0.004944046975061859930, 0.01088478573707840798, 0.9999285363659576875 ) ) ;
#1848 = PERSON_AND_ORGANIZATION_ROLE ( 'creator' ) ;
#1849 = FACE_OUTER_BOUND ( 'NONE', #2692, .T. ) ;
#1850 = ORIENTED_EDGE ( 'NONE', *, *, #1451, .T. ) ;
#1851 = ORIENTED_EDGE ( 'NONE', *, *, #357, .T. ) ;
#1852 = FACE_OUTER_BOUND ( 'NONE', #92, .T. ) ;
#1853 = LINE ( 'NONE', #1349, #2057 ) ;
#1854 = EDGE_CURVE ( 'NONE', #2880, #2370, #3330, .T. ) ;
#1855 = DIRECTION ( 'NONE',  ( 0.004944046975061859930, -0.01088478573707893707, -0.9999285363659576875 ) ) ;
#1856 = AXIS2_PLACEMENT_3D ( 'NONE', #2917, #252, #1583 ) ;
#1857 = CARTESIAN_POINT ( 'NONE',  ( 0.4051848658060132613, 132.3627663464333750, -189.7198094524963210 ) ) ;
#1858 = CARTESIAN_POINT ( 'NONE',  ( -22.28241392706020108, 171.6905162419541284, -152.2573749361260980 ) ) ;
#1859 = ADVANCED_FACE ( 'NONE', ( #791 ), #2627, .F. ) ;
#1860 = AXIS2_PLACEMENT_3D ( 'NONE', #2933, #26, #1034 ) ;
#1861 = VERTEX_POINT ( 'NONE', #858 ) ;
#1862 = CARTESIAN_POINT ( 'NONE',  ( -15.19558638149520391, 165.5471305049987052, -152.6554963415920270 ) ) ;
#1863 = CARTESIAN_POINT ( 'NONE',  ( 27.22317667787895701, 150.7223499339762327, -156.7847065126522068 ) ) ;
#1864 = ORIENTED_EDGE ( 'NONE', *, *, #425, .F. ) ;
#1865 = DIRECTION ( 'NONE',  ( 0.000000000000000000, -0.01088491877118685433, -0.9999407575168365314 ) ) ;
#1866 = PLANE ( 'NONE',  #1595 ) ;
#1867 = ORIENTED_EDGE ( 'NONE', *, *, #2394, .F. ) ;
#1868 = ORIENTED_EDGE ( 'NONE', *, *, #3422, .T. ) ;
#1869 = AXIS2_PLACEMENT_3D ( 'NONE', #2924, #280, #2907 ) ;
#1870 = DIRECTION ( 'NONE',  ( 0.004944046975061859063, -0.01088478573707893533, -0.9999285363659576875 ) ) ;
#1871 = AXIS2_PLACEMENT_3D ( 'NONE', #2012, #3092, #681 ) ;
#1872 = CARTESIAN_POINT ( 'NONE',  ( 17.78477622713309003, 164.6338246112970864, -152.4824863767142347 ) ) ;
#1873 = CC_DESIGN_PERSON_AND_ORGANIZATION_ASSIGNMENT ( #2923, #1307, ( #1835 ) ) ;
#1874 = CIRCLE ( 'NONE', #2323, 1.999999999999990896 ) ;
#1875 = CARTESIAN_POINT ( 'NONE',  ( -5.693622742445364260, 166.8781071507045795, -170.1242539634937430 ) ) ;
#1876 = DIRECTION ( 'NONE',  ( 0.9999877781250672282, 5.381554972452630176E-05, 0.004943754077442180130 ) ) ;
#1877 = CARTESIAN_POINT ( 'NONE',  ( -22.26758178613500760, 197.4415929613331002, -155.5378309912250927 ) ) ;
#1878 = CIRCLE ( 'NONE', #535, 35.94690529099829490 ) ;
#1879 = ORIENTED_EDGE ( 'NONE', *, *, #2479, .F. ) ;
#1880 = ADVANCED_FACE ( 'NONE', ( #1122 ), #894, .T. ) ;
#1881 = CARTESIAN_POINT ( 'NONE',  ( 11.35376465055818862, 162.7478639700436247, -179.6224551126632036 ) ) ;
#1882 = DIRECTION ( 'NONE',  ( 0.000000000000000000, 0.9999407575168364204, -0.01088491877119461201 ) ) ;
#1883 =( BOUNDED_SURFACE ( )  B_SPLINE_SURFACE ( 3, 2, ( 
 ( #1696, #388, #1941 ),
 ( #1419, #2468, #3283 ),
 ( #2718, #612, #2453 ),
 ( #1957, #114, #3019 ),
 ( #2229, #3301, #880 ),
 ( #3032, #1438, #895 ),
 ( #1648, #3248, #840 ),
 ( #1665, #2734, #1681 ),
 ( #1907, #337, #2749 ),
 ( #3002, #627, #1140 ),
 ( #859, #1401, #320 ),
 ( #595, #1971, #63 ),
 ( #2768, #353, #2505 ),
 ( #3052, #1123, #2487 ) ),
 .UNSPECIFIED., .F., .F., .F. ) 
 B_SPLINE_SURFACE_WITH_KNOTS ( ( 4, 2, 2, 2, 2, 2, 4 ),
 ( 3, 3 ),
 ( 0.000000000000000000, 0.0004321859452308875627, 0.0006482789178463313441, 0.0008643718904617751254, 0.001080464863077218798, 0.001296557835692662688, 0.001728743780923550251 ),
 ( 0.000000000000000000, 1.000000000000000000 ),
 .UNSPECIFIED. ) 
 GEOMETRIC_REPRESENTATION_ITEM ( )  RATIONAL_B_SPLINE_SURFACE ( (
 ( 1.000000000000000000, 0.7071067811865460184, 1.000000000000000000),
 ( 1.000000000000000000, 0.7310723968077837975, 1.000000000000000000),
 ( 1.000000000000000000, 0.7534328275478139325, 1.000000000000000000),
 ( 1.000000000000000000, 0.7850388829416597991, 1.000000000000000000),
 ( 1.000000000000000000, 0.7952513053068112070, 1.000000000000000000),
 ( 1.000000000000000000, 0.8142694955134414103, 1.000000000000000000),
 ( 1.000000000000000000, 0.8231849743198138558, 1.000000000000000000),
 ( 1.000000000000000000, 0.8398308076568572478, 1.000000000000000000),
 ( 1.000000000000000000, 0.8476370518435224488, 1.000000000000000000),
 ( 1.000000000000000000, 0.8613276495906919683, 1.000000000000000000),
 ( 1.000000000000000000, 0.8672766291835413144, 1.000000000000000000),
 ( 1.000000000000000000, 0.8821879874341157501, 1.000000000000000000),
 ( 1.000000000000000000, 0.8875974351359399162, 1.000000000000000000),
 ( 1.000000000000000000, 0.8876253645985940910, 1.000000000000000000) ) ) 
 REPRESENTATION_ITEM ( '' )  SURFACE ( )  );
#1884 = B_SPLINE_CURVE_WITH_KNOTS ( 'NONE', 3,
 ( #2886, #2690, #293, #1101, #3150, #745, #1288, #2635, #1305, #1047, #3040, #3307, #2460, #2974, #1443, #1409, #1704, #119, #2758, #635, #902, #2774, #88, #1655, #563, #1149, #3009, #3025, #71, #1427, #2165, #1673, #2477, #2218, #2199, #603, #868, #2445, #344, #2184, #376, #3289, #618, #886, #56, #848, #3255, #1687, #2741, #1948, #1637, #2510, #359 ),
 .UNSPECIFIED., .F., .F.,
 ( 4, 2, 2, 2, 2, 2, 1, 1, 1, 2, 2, 2, 2, 1, 1, 1, 1, 2, 2, 2, 2, 1, 1, 1, 2, 2, 2, 1, 1, 1, 2, 2, 4 ),
 ( 0.000000000000000000, 0.06249999999982752685, 0.09374999999974803488, 0.1249999999996685429, 0.1874999999995213829, 0.2187499999994405309, 0.2343749999993918753, 0.2421874999993700595, 0.2460937499993610944, 0.2480468749993558486, 0.2499999999993506306, 0.3749999999994211297, 0.4374999999994630406, 0.4687499999994867994, 0.4843749999995077271, 0.4921874999995152766, 0.4960937499995102806, 0.4980468749995077826, 0.4999999999995052846, 0.6249999999993849364, 0.6874999999993142152, 0.7187499999992794653, 0.7343749999992748023, 0.7421874999992785771, 0.7460937499992810196, 0.7499999999992834621, 0.8124999999993485211, 0.8437499999993872679, 0.8593749999994064748, 0.8671874999994235722, 0.8710937499994401145, 0.8749999999994566569, 1.000000000000000000 ),
 .UNSPECIFIED. ) ;
#1885 = EDGE_LOOP ( 'NONE', ( #1538, #3266, #154, #2054 ) ) ;
#1886 = EDGE_LOOP ( 'NONE', ( #1300, #2891, #1100, #1181 ) ) ;
#1887 = EDGE_CURVE ( 'NONE', #281, #3227, #2173, .T. ) ;
#1888 = EDGE_LOOP ( 'NONE', ( #2938, #1340, #2382, #1258 ) ) ;
#1889 = VERTEX_POINT ( 'NONE', #1906 ) ;
#1890 = CARTESIAN_POINT ( 'NONE',  ( 27.50486256746036062, 150.7294919157740480, -156.1286098674507343 ) ) ;
#1891 = CARTESIAN_POINT ( 'NONE',  ( -5.683734648495125441, 168.5562368670088631, -172.1426153981597622 ) ) ;
#1892 = DIRECTION ( 'NONE',  ( 0.004944046975061859930, -0.01088478573707842532, -0.9999285363659577985 ) ) ;
#1893 = DIRECTION ( 'NONE',  ( 0.9999877781250670061, 5.381554972452543440E-05, 0.004943754077442309366 ) ) ;
#1894 = CARTESIAN_POINT ( 'NONE',  ( -26.01700575526745496, 145.3622437831598120, -189.8385686847856562 ) ) ;
#1895 = VERTEX_POINT ( 'NONE', #574 ) ;
#1896 = CARTESIAN_POINT ( 'NONE',  ( 18.21956311049256882, 192.9712510466139292, -152.7888054757033842 ) ) ;
#1897 = CARTESIAN_POINT ( 'NONE',  ( -5.644182272694745706, 168.4691585811124241, -180.1420436890643941 ) ) ;
#1898 = ADVANCED_FACE ( 'NONE', ( #3263 ), #113, .F. ) ;
#1899 = ORIENTED_EDGE ( 'NONE', *, *, #1978, .F. ) ;
#1900 = CARTESIAN_POINT ( 'NONE',  ( 20.21544288412250978, 194.9802574444986760, -151.9723198827575743 ) ) ;
#1901 = EDGE_CURVE ( 'NONE', #55, #1659, #2434, .T. ) ;
#1902 = ORIENTED_EDGE ( 'NONE', *, *, #1384, .F. ) ;
#1903 = ORIENTED_EDGE ( 'NONE', *, *, #399, .T. ) ;
#1904 = CARTESIAN_POINT ( 'NONE',  ( -33.26443922159678834, 196.8685755864314899, -151.1028152697514315 ) ) ;
#1905 = CARTESIAN_POINT ( 'NONE',  ( -26.59502282686868924, 150.7314063792763932, -155.9527380831996197 ) ) ;
#1906 = CARTESIAN_POINT ( 'NONE',  ( -22.32887277165304951, 175.2127985823446750, -142.8983488815447629 ) ) ;
#1907 = CARTESIAN_POINT ( 'NONE',  ( 26.87750779469779872, 151.2995299755828285, -155.4958339191228447 ) ) ;
#1908 = CARTESIAN_POINT ( 'NONE',  ( -19.78986055221009721, 194.9908571422321870, -150.9985808954566551 ) ) ;
#1909 = VERTEX_POINT ( 'NONE', #610 ) ;
#1910 = AXIS2_PLACEMENT_3D ( 'NONE', #2577, #2250, #3376 ) ;
#1911 = DIRECTION ( 'NONE',  ( 0.004645884459284523038, -0.3522282340390548994, -0.9359026054581320864 ) ) ;
#1912 = CARTESIAN_POINT ( 'NONE',  ( 18.88407165312837677, 162.8919448505049559, -152.3443637037276801 ) ) ;
#1913 = EDGE_LOOP ( 'NONE', ( #2069, #2622, #1412, #292, #813, #657 ) ) ;
#1914 = CARTESIAN_POINT ( 'NONE',  ( -17.78988499595998007, 160.3873558353831470, -152.6121320913620991 ) ) ;
#1915 = ADVANCED_FACE ( 'NONE', ( #839 ), #1147, .F. ) ;
#1916 = LINE ( 'NONE', #2991, #643 ) ;
#1917 = VERTEX_POINT ( 'NONE', #2175 ) ;
#1918 = ORIENTED_EDGE ( 'NONE', *, *, #1543, .F. ) ;
#1919 = ADVANCED_FACE ( 'NONE', ( #2698 ), #99, .F. ) ;
#1920 = DIRECTION ( 'NONE',  ( -0.004645884459284523038, 0.3522282340390548994, 0.9359026054581320864 ) ) ;
#1921 = CARTESIAN_POINT ( 'NONE',  ( -25.99129996957622168, 151.1696361111893907, -156.4722043236138802 ) ) ;
#1922 = DIRECTION ( 'NONE',  ( -0.004943754084600615432, 0.000000000000000000, 0.9999877795731060282 ) ) ;
#1923 = VECTOR ( 'NONE', #221, 1000.000000000000227 ) ;
#1924 = CYLINDRICAL_SURFACE ( 'NONE', #1, 0.9999999999999953371 ) ;
#1925 = CARTESIAN_POINT ( 'NONE',  ( 26.59006125797982278, 145.8842183207801781, -141.8874883392121262 ) ) ;
#1926 = EDGE_LOOP ( 'NONE', ( #2679, #467, #1396, #2977 ) ) ;
#1927 = VECTOR ( 'NONE', #424, 1000.000000000000000 ) ;
#1928 = DIRECTION ( 'NONE',  ( -0.004944046975061859063, 0.01088478573707893880, 0.9999285363659576875 ) ) ;
#1929 = CARTESIAN_POINT ( 'NONE',  ( 20.21013720674767100, 160.4100992932636700, -150.5228091501706444 ) ) ;
#1930 = AXIS2_PLACEMENT_3D ( 'NONE', #1713, #1526, #1766 ) ;
#1931 = ORIENTED_EDGE ( 'NONE', *, *, #2371, .F. ) ;
#1932 = LINE ( 'NONE', #2036, #402 ) ;
#1933 = VECTOR ( 'NONE', #2089, 1000.000000000000227 ) ;
#1934 = LINE ( 'NONE', #1949, #3391 ) ;
#1935 = ORIENTED_EDGE ( 'NONE', *, *, #2479, .T. ) ;
#1936 = ORIENTED_EDGE ( 'NONE', *, *, #2049, .F. ) ;
#1937 = CARTESIAN_POINT ( 'NONE',  ( 24.73184378574316256, 161.7212171917047385, -154.9166105920291443 ) ) ;
#1938 = DIRECTION ( 'NONE',  ( -0.004944046975061859063, 0.01088478573707842012, 0.9999285363659576875 ) ) ;
#1939 = EDGE_CURVE ( 'NONE', #450, #2258, #1598, .T. ) ;
#1940 = CARTESIAN_POINT ( 'NONE',  ( 7.357098244965275313, 164.8932730684051648, -155.3396120640599634 ) ) ;
#1941 = CARTESIAN_POINT ( 'NONE',  ( 28.43248702353644930, 150.7333000662796110, -155.7787749278131173 ) ) ;
#1942 = DIRECTION ( 'NONE',  ( 0.000000000000000000, 0.01088491877119480804, 0.9999407575168361983 ) ) ;
#1943 = CIRCLE ( 'NONE', #3352, 1.999999999999990896 ) ;
#1944 = EDGE_CURVE ( 'NONE', #2567, #2631, #367, .T. ) ;
#1945 = CARTESIAN_POINT ( 'NONE',  ( -25.52341639551477925, 145.3671035231481881, -189.3921297000327399 ) ) ;
#1946 = DIRECTION ( 'NONE',  ( -0.004944046975061859930, 0.01088478573707840798, 0.9999285363659576875 ) ) ;
#1947 = ORIENTED_EDGE ( 'NONE', *, *, #2117, .T. ) ;
#1948 = CARTESIAN_POINT ( 'NONE',  ( -19.69708092428986390, 160.5780015839499129, -151.2163237721067901 ) ) ;
#1949 = CARTESIAN_POINT ( 'NONE',  ( -8.391133002002007402, 165.7085836803160532, -157.1239315182804432 ) ) ;
#1950 = EDGE_LOOP ( 'NONE', ( #1779, #1633, #667, #3118 ) ) ;
#1951 = VERTEX_POINT ( 'NONE', #336 ) ;
#1952 = DIRECTION ( 'NONE',  ( 0.000000000000000000, -1.000000000000000000, 0.000000000000000000 ) ) ;
#1953 = DIRECTION ( 'NONE',  ( 0.000000000000000000, 0.9999407575168364204, -0.01088491877118777894 ) ) ;
#1954 = B_SPLINE_CURVE_WITH_KNOTS ( 'NONE', 3,
 ( #3286, #3304, #2737, #3036, #1717, #883, #898, #1959 ),
 .UNSPECIFIED., .F., .F.,
 ( 4, 2, 2, 4 ),
 ( 0.000000000000000000, 0.0004337886267907143842, 0.0008675772535814287685, 0.001735154507162907627 ),
 .UNSPECIFIED. ) ;
#1955 = DIRECTION ( 'NONE',  ( 0.004943754084601017888, 0.000000000000000000, -0.9999877795731061392 ) ) ;
#1956 = EDGE_CURVE ( 'NONE', #3136, #2202, #3226, .T. ) ;
#1957 = CARTESIAN_POINT ( 'NONE',  ( 27.59276600646091993, 151.5098666172790445, -154.9638258634605279 ) ) ;
#1958 = DIRECTION ( 'NONE',  ( 0.000000000000000000, -0.9999407575168364204, 0.01088491877118685260 ) ) ;
#1959 = CARTESIAN_POINT ( 'NONE',  ( -11.61938870656998013, 163.1555756219765385, -185.1141034998155135 ) ) ;
#1960 = ADVANCED_FACE ( 'NONE', ( #1400 ), #1171, .F. ) ;
#1961 = CARTESIAN_POINT ( 'NONE',  ( 20.18186087193322464, 160.4650001947542250, -150.7703666832237275 ) ) ;
#1962 = ORIENTED_EDGE ( 'NONE', *, *, #3417, .T. ) ;
#1963 = DIRECTION ( 'NONE',  ( -0.9999877781250670061, -5.381554972450175136E-05, -0.004943754077442179262 ) ) ;
#1964 = CIRCLE ( 'NONE', #2697, 28.59999999999998366 ) ;
#1965 = DIRECTION ( 'NONE',  ( -0.004645884459284543855, 0.3522282340390547328, 0.9359026054581319753 ) ) ;
#1966 = VERTEX_POINT ( 'NONE', #2485 ) ;
#1967 = ORIENTED_EDGE ( 'NONE', *, *, #2715, .F. ) ;
#1968 =( NAMED_UNIT ( * ) PLANE_ANGLE_UNIT ( ) SI_UNIT ( $, .RADIAN. ) );
#1969 = CARTESIAN_POINT ( 'NONE',  ( -26.22141802919344400, 150.7220543309113339, -156.8118620253169126 ) ) ;
#1970 = LINE ( 'NONE', #3050, #2270 ) ;
#1971 = CARTESIAN_POINT ( 'NONE',  ( 26.75298347298222623, 150.7275155807141971, -156.3101654691232625 ) ) ;
#1972 = FACE_OUTER_BOUND ( 'NONE', #1431, .T. ) ;
#1973 = VECTOR ( 'NONE', #2194, 1000.000000000000114 ) ;
#1974 = CARTESIAN_POINT ( 'NONE',  ( 27.35666594620550995, 151.4140353182722549, -184.7935587147039485 ) ) ;
#1975 = DIRECTION ( 'NONE',  ( 0.9999877781250670061, 5.381554972452629498E-05, 0.004943754077442179262 ) ) ;
#1976 = VECTOR ( 'NONE', #3160, 1000.000000000000114 ) ;
#1977 = ORIENTED_EDGE ( 'NONE', *, *, #1834, .T. ) ;
#1978 = EDGE_CURVE ( 'NONE', #1066, #2061, #1200, .T. ) ;
#1979 = FACE_OUTER_BOUND ( 'NONE', #1407, .T. ) ;
#1980 = AXIS2_PLACEMENT_3D ( 'NONE', #2661, #520, #1333 ) ;
#1981 = FACE_OUTER_BOUND ( 'NONE', #3101, .T. ) ;
#1982 = ORIENTED_EDGE ( 'NONE', *, *, #2798, .T. ) ;
#1983 = EDGE_CURVE ( 'NONE', #3063, #2524, #2966, .T. ) ;
#1984 = CIRCLE ( 'NONE', #478, 1.599999999999991207 ) ;
#1985 = ORIENTED_EDGE ( 'NONE', *, *, #94, .T. ) ;
#1986 = APPROVAL_DATE_TIME ( #2780, #2930 ) ;
#1987 = CARTESIAN_POINT ( 'NONE',  ( 11.73872594357487387, 214.4109722607653907, -157.4815216233162118 ) ) ;
#1988 = VERTEX_POINT ( 'NONE', #1383 ) ;
#1989 =( GEOMETRIC_REPRESENTATION_CONTEXT ( 3 ) GLOBAL_UNCERTAINTY_ASSIGNED_CONTEXT ( ( #3183 ) ) GLOBAL_UNIT_ASSIGNED_CONTEXT ( ( #2811, #1968, #1506 ) ) REPRESENTATION_CONTEXT ( 'NONE', 'WORKASPACE' ) );
#1990 = DIRECTION ( 'NONE',  ( -0.9999877781250671172, -5.381554972451465336E-05, -0.004943754077442179262 ) ) ;
#1991 = B_SPLINE_CURVE_WITH_KNOTS ( 'NONE', 3,
 ( #731, #3399, #995, #2062, #3139, #1798, #2874, #468, #2606, #3157 ),
 .UNSPECIFIED., .F., .F.,
 ( 4, 2, 2, 2, 4 ),
 ( 3.469446951953614189E-18, 0.0003054125756996916088, 0.0006108251513993797482, 0.0009162377270990678876, 0.001221650302798756027 ),
 .UNSPECIFIED. ) ;
#1992 = DIRECTION ( 'NONE',  ( 0.004944046975061859063, -0.01088478573707893880, -0.9999285363659576875 ) ) ;
#1993 = FACE_OUTER_BOUND ( 'NONE', #3430, .T. ) ;
#1994 = CARTESIAN_POINT ( 'NONE',  ( -22.33185439681082229, 171.7993640993248903, -142.2580895724665595 ) ) ;
#1995 = CARTESIAN_POINT ( 'NONE',  ( -10.64906521029528186, 162.5300851869733378, -179.1020682036130722 ) ) ;
#1996 = FACE_OUTER_BOUND ( 'NONE', #2904, .T. ) ;
#1997 = ORIENTED_EDGE ( 'NONE', *, *, #1295, .T. ) ;
#1998 = CARTESIAN_POINT ( 'NONE',  ( 9.355634399181383287, 172.4697288444255321, -180.1114270529875512 ) ) ;
#1999 = DIRECTION ( 'NONE',  ( 0.004944046975061859930, -0.01088478573707893707, -0.9999285363659576875 ) ) ;
#2000 = DIRECTION ( 'NONE',  ( -5.204170427930444949E-15, 0.9999407575168363094, -0.01088491877120073038 ) ) ;
#2001 = EDGE_CURVE ( 'NONE', #2266, #1521, #45, .T. ) ;
#2002 = ORIENTED_EDGE ( 'NONE', *, *, #1939, .T. ) ;
#2003 = ORIENTED_EDGE ( 'NONE', *, *, #1475, .F. ) ;
#2004 = EDGE_CURVE ( 'NONE', #1234, #942, #3336, .T. ) ;
#2005 = LINE ( 'NONE', #3120, #651 ) ;
#2006 = CARTESIAN_POINT ( 'NONE',  ( 6.219709772991969032, 168.7691359754785481, -152.5846838900941123 ) ) ;
#2007 = CARTESIAN_POINT ( 'NONE',  ( 23.74396117782169568, 218.0360845780400325, -163.0601918219597906 ) ) ;
#2008 = EDGE_LOOP ( 'NONE', ( #1115, #1736, #3155, #2298 ) ) ;
#2009 = CARTESIAN_POINT ( 'NONE',  ( -24.79825156908557560, 145.8985206972326125, -188.9916981785835333 ) ) ;
#2010 = DIRECTION ( 'NONE',  ( 0.9999877781250671172, 5.381554972537290103E-05, 0.004943754077442170589 ) ) ;
#2011 = CYLINDRICAL_SURFACE ( 'NONE', #2985, 34.10000000000000853 ) ;
#2012 = CARTESIAN_POINT ( 'NONE',  ( -26.12263060835250172, 179.9618930824281335, -184.6771473472680896 ) ) ;
#2013 = CARTESIAN_POINT ( 'NONE',  ( 18.53741250630136506, 163.5080659640594263, -152.4410870143892680 ) ) ;
#2014 = ORIENTED_EDGE ( 'NONE', *, *, #3212, .F. ) ;
#2015 = DIRECTION ( 'NONE',  ( 0.000000000000000000, 0.01088491877118685433, 0.9999407575168365314 ) ) ;
#2016 = CARTESIAN_POINT ( 'NONE',  ( 25.37130704589472785, 146.4019330157260015, -142.7458321616755086 ) ) ;
#2017 = VERTEX_POINT ( 'NONE', #2009 ) ;
#2018 = EDGE_LOOP ( 'NONE', ( #559, #762, #91, #3258 ) ) ;
#2019 = EDGE_CURVE ( 'NONE', #577, #2908, #401, .T. ) ;
#2020 = VECTOR ( 'NONE', #526, 1000.000000000000227 ) ;
#2021 = AXIS2_PLACEMENT_3D ( 'NONE', #753, #1855, #2416 ) ;
#2022 = LINE ( 'NONE', #2326, #687 ) ;
#2023 = ORIENTED_EDGE ( 'NONE', *, *, #2456, .F. ) ;
#2024 = ADVANCED_FACE ( 'NONE', ( #2799 ), #2275, .T. ) ;
#2025 = AXIS2_PLACEMENT_3D ( 'NONE', #2101, #2965, #3178 ) ;
#2026 = DIRECTION ( 'NONE',  ( 0.000000000000000000, 0.9999407575168364204, -0.01088491877119371690 ) ) ;
#2027 = CARTESIAN_POINT ( 'NONE',  ( 0.3755205839557647640, 132.4280750608562016, -183.7202382343005240 ) ) ;
#2028 = CARTESIAN_POINT ( 'NONE',  ( 0.2936358917923924672, 132.6083519340003249, -167.1591414650792160 ) ) ;
#2029 = CARTESIAN_POINT ( 'NONE',  ( 6.235108023675643985, 164.7354722441712909, -155.6554249543282253 ) ) ;
#2030 = B_SPLINE_CURVE_WITH_KNOTS ( 'NONE', 3,
 ( #3129, #1494, #2594, #2879, #2575, #2279, #2558, #2335, #703, #1002, #165, #3143, #737, #474, #3075, #1550 ),
 .UNSPECIFIED., .F., .F.,
 ( 4, 2, 2, 2, 2, 2, 2, 4 ),
 ( 0.000000000000000000, 0.0004003878806596433411, 0.0008007757613192866821, 0.001601551522638574882, 0.002001939403298191606, 0.002402327283957808764, 0.002802715164617425921, 0.003203103045277043079 ),
 .UNSPECIFIED. ) ;
#2031 = CARTESIAN_POINT ( 'NONE',  ( -27.70162539274036106, 151.6692678312504938, -155.0664415191470482 ) ) ;
#2032 = AXIS2_PLACEMENT_3D ( 'NONE', #2273, #1507, #3382 ) ;
#2033 = LINE ( 'NONE', #3113, #42 ) ;
#2034 = ORIENTED_EDGE ( 'NONE', *, *, #2503, .F. ) ;
#2035 = CIRCLE ( 'NONE', #974, 1.599999999999991207 ) ;
#2036 = CARTESIAN_POINT ( 'NONE',  ( -10.61940092844491090, 168.0651191018396275, -185.1626023080122252 ) ) ;
#2037 = CARTESIAN_POINT ( 'NONE',  ( -8.349858330050683008, 165.7984623516908300, -150.6242412729584714 ) ) ;
#2038 = DIRECTION ( 'NONE',  ( -0.9999877781250671172, -5.381554972444946571E-05, -0.004943754077439336918 ) ) ;
#2039 = CIRCLE ( 'NONE', #584, 4.000000000000008882 ) ;
#2040 = ORIENTED_EDGE ( 'NONE', *, *, #1834, .F. ) ;
#2041 = ORIENTED_EDGE ( 'NONE', *, *, #2376, .F. ) ;
#2042 = CIRCLE ( 'NONE', #257, 12.04701297407904370 ) ;
#2043 = ADVANCED_FACE ( 'NONE', ( #3353 ), #943, .T. ) ;
#2044 = CIRCLE ( 'NONE', #1548, 35.94690529099829490 ) ;
#2045 = DIRECTION ( 'NONE',  ( 0.004943754084600977122, 2.775557561562893323E-15, -0.9999877795731061392 ) ) ;
#2046 = EDGE_LOOP ( 'NONE', ( #122, #463, #2943, #3193, #3081, #2023 ) ) ;
#2047 = CARTESIAN_POINT ( 'NONE',  ( -26.08117836106408660, 145.8797159087441742, -142.3011014672987358 ) ) ;
#2048 = CARTESIAN_POINT ( 'NONE',  ( 9.189940844016398103, 166.0956432973632104, -151.7743497735538369 ) ) ;
#2049 = EDGE_CURVE ( 'NONE', #2792, #1482, #1035, .T. ) ;
#2050 = CARTESIAN_POINT ( 'NONE',  ( -5.693622742445364260, 168.5780064384831860, -170.1427583254047704 ) ) ;
#2051 = DIRECTION ( 'NONE',  ( 0.004944046975061859930, -0.01088478573707893707, -0.9999285363659576875 ) ) ;
#2052 = FACE_OUTER_BOUND ( 'NONE', #223, .T. ) ;
#2053 = ADVANCED_FACE ( 'NONE', ( #142, #3088, #2534, #3106, #2570 ), #1730, .F. ) ;
#2054 = ORIENTED_EDGE ( 'NONE', *, *, #2417, .F. ) ;
#2055 = FACE_OUTER_BOUND ( 'NONE', #137, .T. ) ;
#2056 = LINE ( 'NONE', #2597, #2889 ) ;
#2057 = VECTOR ( 'NONE', #1085, 1000.000000000000341 ) ;
#2058 = VERTEX_POINT ( 'NONE', #3123 ) ;
#2059 = ORIENTED_EDGE ( 'NONE', *, *, #2286, .F. ) ;
#2060 = CARTESIAN_POINT ( 'NONE',  ( -22.23038058572456066, 218.0317039331761464, -163.2867629329750514 ) ) ;
#2061 = VERTEX_POINT ( 'NONE', #646 ) ;
#2062 = CARTESIAN_POINT ( 'NONE',  ( -25.59603402125634375, 145.9217744997728516, -142.7103001651003638 ) ) ;
#2063 = LINE ( 'NONE', #697, #2280 ) ;
#2064 = CARTESIAN_POINT ( 'NONE',  ( 28.43248702353645285, 150.7333000662796110, -155.7787749278131173 ) ) ;
#2065 = CARTESIAN_POINT ( 'NONE',  ( -33.25065968878828215, 206.7513889993289524, -159.0961062959935077 ) ) ;
#2066 = EDGE_CURVE ( 'NONE', #3351, #304, #1184, .T. ) ;
#2067 = CARTESIAN_POINT ( 'NONE',  ( -33.27404014778931440, 219.4184631081674866, -159.5895441430685366 ) ) ;
#2068 = DIRECTION ( 'NONE',  ( -0.004645884459284543855, 0.3522282340390547328, 0.9359026054581319753 ) ) ;
#2069 = ORIENTED_EDGE ( 'NONE', *, *, #70, .T. ) ;
#2070 = EDGE_CURVE ( 'NONE', #933, #2266, #1585, .T. ) ;
#2071 = PLANE ( 'NONE',  #524 ) ;
#2072 = LINE ( 'NONE', #2564, #1933 ) ;
#2073 = ORIENTED_EDGE ( 'NONE', *, *, #587, .F. ) ;
#2074 = ORIENTED_EDGE ( 'NONE', *, *, #816, .T. ) ;
#2075 = B_SPLINE_CURVE_WITH_KNOTS ( 'NONE', 3,
 ( #266, #1070, #823, #2100, #1890, #1334, #3451, #1054, #469, #2402 ),
 .UNSPECIFIED., .F., .F.,
 ( 4, 2, 2, 2, 4 ),
 ( 0.000000000000000000, 0.0004413669584204778034, 0.0008827339168409556068, 0.001324100875261433356, 0.001765467833681911214 ),
 .UNSPECIFIED. ) ;
#2076 = CARTESIAN_POINT ( 'NONE',  ( -22.26758178613500405, 161.7186878608678171, -155.1489670336689528 ) ) ;
#2077 = ORIENTED_EDGE ( 'NONE', *, *, #233, .T. ) ;
#2078 = VERTEX_POINT ( 'NONE', #1783 ) ;
#2079 = CARTESIAN_POINT ( 'NONE',  ( 32.65207010804441268, 148.2472937463555240, -189.7332799769947655 ) ) ;
#2080 = AXIS2_PLACEMENT_3D ( 'NONE', #2369, #2440, #542 ) ;
#2081 = CYLINDRICAL_SURFACE ( 'NONE', #219, 12.04701297407904370 ) ;
#2082 = DIRECTION ( 'NONE',  ( -0.9999877781250670061, -5.381554972414443220E-05, -0.004943754077442181864 ) ) ;
#2083 = AXIS2_PLACEMENT_3D ( 'NONE', #1241, #2294, #1750 ) ;
#2084 = DIRECTION ( 'NONE',  ( 0.000000000000000000, -0.9999407575168364204, 0.01088491877118685260 ) ) ;
#2085 = LINE ( 'NONE', #3232, #1444 ) ;
#2086 = CC_DESIGN_PERSON_AND_ORGANIZATION_ASSIGNMENT ( #801, #3171, ( #1562 ) ) ;
#2087 = VERTEX_POINT ( 'NONE', #1238 ) ;
#2088 = CARTESIAN_POINT ( 'NONE',  ( -26.60562477829399342, 151.4254974307595489, -184.0604414686250720 ) ) ;
#2089 = DIRECTION ( 'NONE',  ( -0.004944046975061859930, 0.01088478573707841665, 0.9999285363659575765 ) ) ;
#2090 = EDGE_CURVE ( 'NONE', #1143, #188, #588, .T. ) ;
#2091 = VERTEX_POINT ( 'NONE', #454 ) ;
#2092 = DIRECTION ( 'NONE',  ( 0.004944046975061868604, -0.01088478573707161827, -0.9999285363659576875 ) ) ;
#2093 = CIRCLE ( 'NONE', #810, 34.10000000000002984 ) ;
#2094 = DATE_AND_TIME ( #2619, #1329 ) ;
#2095 = ADVANCED_FACE ( 'NONE', ( #161 ), #313, .F. ) ;
#2096 = FACE_BOUND ( 'NONE', #3135, .T. ) ;
#2097 = AXIS2_PLACEMENT_3D ( 'NONE', #2877, #3454, #1037 ) ;
#2098 = ORIENTED_EDGE ( 'NONE', *, *, #2779, .F. ) ;
#2099 = CARTESIAN_POINT ( 'NONE',  ( 31.31600236312234742, 150.7969039930885629, -155.4180073979054839 ) ) ;
#2100 = CARTESIAN_POINT ( 'NONE',  ( 27.40411811501391526, 150.7282996692836150, -156.2381353387763454 ) ) ;
#2101 = CARTESIAN_POINT ( 'NONE',  ( 13.38030574655694416, 168.0664106750329267, -185.0439522101536340 ) ) ;
#2102 = CARTESIAN_POINT ( 'NONE',  ( -23.02534357652212549, -0.001239136666739920059, -0.1138330274439630224 ) ) ;
#2103 = FACE_OUTER_BOUND ( 'NONE', #2430, .T. ) ;
#2104 = CARTESIAN_POINT ( 'NONE',  ( -33.26924322662542721, 206.6628416058916571, -154.7889246175362246 ) ) ;
#2105 = ORIENTED_EDGE ( 'NONE', *, *, #2561, .T. ) ;
#2106 =( BOUNDED_SURFACE ( )  B_SPLINE_SURFACE ( 3, 3, ( 
 ( #3078, #169, #669, #2037 ),
 ( #1738, #3097, #2807, #2849 ),
 ( #429, #1478, #3377, #3116 ),
 ( #3219, #1355, #3186, #2687 ) ),
 .UNSPECIFIED., .F., .F., .F. ) 
 B_SPLINE_SURFACE_WITH_KNOTS ( ( 4, 4 ),
 ( 4, 4 ),
 ( 0.000000000000000000, 1.000000000000000000 ),
 ( 0.000000000000000000, 1.000000000000000000 ),
 .UNSPECIFIED. ) 
 GEOMETRIC_REPRESENTATION_ITEM ( )  RATIONAL_B_SPLINE_SURFACE ( (
 ( 1.000000000000000000, 0.9883011222627207104, 0.9883011222627207104, 1.000000000000000000),
 ( 0.8047378541243711547, 0.7953233243584096890, 0.7953233243584096890, 0.8047378541243711547),
 ( 0.8047378541243711547, 0.7953233243584096890, 0.7953233243584096890, 0.8047378541243711547),
 ( 1.000000000000000000, 0.9883011222627207104, 0.9883011222627207104, 1.000000000000000000) ) ) 
 REPRESENTATION_ITEM ( '' )  SURFACE ( )  );
#2107 = CARTESIAN_POINT ( 'NONE',  ( 11.35501502485006320, 163.0613501829054144, -179.8787844977782981 ) ) ;
#2108 = ORGANIZATION ( '未指定', '未指定', '' ) ;
#2109 = CARTESIAN_POINT ( 'NONE',  ( 11.35560995543151819, 170.4699549604912647, -180.0797697072902679 ) ) ;
#2110 = ORIENTED_EDGE ( 'NONE', *, *, #2956, .F. ) ;
#2111 = CARTESIAN_POINT ( 'NONE',  ( 27.35666594620550995, 151.4284014765921711, -183.7936619132813689 ) ) ;
#2112 = ADVANCED_FACE ( 'NONE', ( #2783 ), #3312, .F. ) ;
#2113 = VECTOR ( 'NONE', #1032, 1000.000000000000114 ) ;
#2114 = CARTESIAN_POINT ( 'NONE',  ( 31.35229792509779045, 150.7334571994288410, -155.7643399243403337 ) ) ;
#2115 = ORIENTED_EDGE ( 'NONE', *, *, #1770, .F. ) ;
#2116 = ORIENTED_EDGE ( 'NONE', *, *, #381, .F. ) ;
#2117 = EDGE_CURVE ( 'NONE', #3392, #942, #1970, .T. ) ;
#2118 = CARTESIAN_POINT ( 'NONE',  ( 31.32931714574460003, 150.7737900886124578, -155.4853287856763302 ) ) ;
#2119 = DIRECTION ( 'NONE',  ( -0.004944046975061859930, 0.01088478573707842012, 0.9999285363659576875 ) ) ;
#2120 = CARTESIAN_POINT ( 'NONE',  ( 0.2321432216790837721, 132.7437338472312263, -154.7223106797106311 ) ) ;
#2121 = CARTESIAN_POINT ( 'NONE',  ( 20.16762617350455145, 171.8016512601882368, -142.0479800241752457 ) ) ;
#2122 = DIRECTION ( 'NONE',  ( 0.000000000000000000, 0.9999407575168364204, -0.01088491877119459640 ) ) ;
#2123 = CARTESIAN_POINT ( 'NONE',  ( -25.84690025011956038, 145.3639207396045663, -189.6845154361646451 ) ) ;
#2124 = ORIENTED_EDGE ( 'NONE', *, *, #1348, .T. ) ;
#2125 = CARTESIAN_POINT ( 'NONE',  ( 11.35560995543146845, 163.5830613535499936, -180.0048019885190342 ) ) ;
#2126 = FACE_OUTER_BOUND ( 'NONE', #1639, .T. ) ;
#2127 = B_SPLINE_CURVE_WITH_KNOTS ( 'NONE', 3,
 ( #325, #1175, #2507, #2457, #1945, #83 ),
 .UNSPECIFIED., .F., .F.,
 ( 4, 2, 4 ),
 ( 0.000000000000000000, 0.0006130397995681537756, 0.001226079599136307551 ),
 .UNSPECIFIED. ) ;
#2128 = ORIENTED_EDGE ( 'NONE', *, *, #2794, .T. ) ;
#2129 = FACE_OUTER_BOUND ( 'NONE', #2773, .T. ) ;
#2130 = FACE_BOUND ( 'NONE', #74, .T. ) ;
#2131 = ORIENTED_EDGE ( 'NONE', *, *, #1189, .F. ) ;
#2132 = EDGE_CURVE ( 'NONE', #2704, #1846, #2259, .T. ) ;
#2133 = EDGE_LOOP ( 'NONE', ( #1589, #2892 ) ) ;
#2134 = CARTESIAN_POINT ( 'NONE',  ( -27.96325653320323568, 151.7410908705682857, -155.0685169625083120 ) ) ;
#2135 = LINE ( 'NONE', #2607, #2113 ) ;
#2136 = CARTESIAN_POINT ( 'NONE',  ( 16.80175832028036353, 162.8903377395733401, -150.4682250359535090 ) ) ;
#2137 = EDGE_CURVE ( 'NONE', #1066, #2258, #1596, .T. ) ;
#2138 = AXIS2_PLACEMENT_3D ( 'NONE', #310, #1377, #1116 ) ;
#2139 = DIRECTION ( 'NONE',  ( 0.9999877781250671172, 5.381554972451470757E-05, 0.004943754077442194007 ) ) ;
#2140 = DIRECTION ( 'NONE',  ( 0.8175974404068186985, 0.5757902616753939329, 0.000000000000000000 ) ) ;
#2141 = LINE ( 'NONE', #793, #2752 ) ;
#2142 = ADVANCED_FACE ( 'NONE', ( #2401 ), #2929, .T. ) ;
#2143 = VERTEX_POINT ( 'NONE', #2079 ) ;
#2144 = CARTESIAN_POINT ( 'NONE',  ( -26.60562477829399342, 150.4255566732427383, -184.0495565498538895 ) ) ;
#2145 = DIRECTION ( 'NONE',  ( -0.0003984800136896272243, 0.9359119795978976253, -0.3522337400914670180 ) ) ;
#2146 = EDGE_LOOP ( 'NONE', ( #3008, #1272, #873 ) ) ;
#2147 = ORIENTED_EDGE ( 'NONE', *, *, #3145, .T. ) ;
#2148 = ORIENTED_EDGE ( 'NONE', *, *, #2691, .F. ) ;
#2149 = ORIENTED_EDGE ( 'NONE', *, *, #2179, .T. ) ;
#2150 = CARTESIAN_POINT ( 'NONE',  ( -30.73457262689134240, 150.4314268280488989, -184.2120580316950225 ) ) ;
#2151 = AXIS2_PLACEMENT_3D ( 'NONE', #286, #1351, #2084 ) ;
#2152 = CARTESIAN_POINT ( 'NONE',  ( -11.90949676100577825, 166.1317612756041058, -190.1482927122735589 ) ) ;
#2153 = AXIS2_PLACEMENT_3D ( 'NONE', #2553, #2857, #125 ) ;
#2154 = CARTESIAN_POINT ( 'NONE',  ( 18.21956311049257593, 164.0623919849941785, -152.4741162500785947 ) ) ;
#2155 = ADVANCED_FACE ( 'NONE', ( #11 ), #750, .F. ) ;
#2156 = CARTESIAN_POINT ( 'NONE',  ( 0.1678706110031578380, 145.8844659095318548, -141.8647436509788520 ) ) ;
#2157 = CARTESIAN_POINT ( 'NONE',  ( -10.64412116332021974, 170.4687710183973479, -180.1885322969939693 ) ) ;
#2158 = CIRCLE ( 'NONE', #2325, 11.95298702592081952 ) ;
#2159 = APPLICATION_CONTEXT ( 'configuration controlled 3d designs of mechanical parts and assemblies' ) ;
#2160 = ORIENTED_EDGE ( 'NONE', *, *, #2196, .F. ) ;
#2161 = CARTESIAN_POINT ( 'NONE',  ( 11.35134048867754686, 162.5297839770840369, -179.1297387862866515 ) ) ;
#2162 = ADVANCED_FACE ( 'NONE', ( #2363 ), #1031, .F. ) ;
#2163 = CYLINDRICAL_SURFACE ( 'NONE', #2772, 4.000000000000008882 ) ;
#2164 = VERTEX_POINT ( 'NONE', #229 ) ;
#2165 = CARTESIAN_POINT ( 'NONE',  ( -19.09223514722866355, 161.7134734214171772, -152.1508845481225194 ) ) ;
#2166 = CIRCLE ( 'NONE', #432, 4.000000000000008882 ) ;
#2167 = AXIS2_PLACEMENT_3D ( 'NONE', #1092, #3215, #1338 ) ;
#2168 = ORIENTED_EDGE ( 'NONE', *, *, #123, .F. ) ;
#2169 = ORIENTED_EDGE ( 'NONE', *, *, #1770, .T. ) ;
#2170 = VECTOR ( 'NONE', #911, 1000.000000000000114 ) ;
#2171 = DIRECTION ( 'NONE',  ( -0.004944046975061859930, 0.01088478573707842186, 0.9999285363659576875 ) ) ;
#2172 = CARTESIAN_POINT ( 'NONE',  ( -26.46706083007131838, 150.7292889514220633, -156.1472551447418766 ) ) ;
#2173 = B_SPLINE_CURVE_WITH_KNOTS ( 'NONE', 3,
 ( #2209, #1630, #1695, #3282, #1940, #3031, #3018, #879, #62, #2189 ),
 .UNSPECIFIED., .F., .F.,
 ( 4, 2, 2, 2, 4 ),
 ( 6.800538419165193184E-05, 0.0007725234068893316926, 0.001477041429587011481, 0.002181559452284691052, 0.002886077474982371056 ),
 .UNSPECIFIED. ) ;
#2174 = CIRCLE ( 'NONE', #1164, 1.999999999999990896 ) ;
#2175 = CARTESIAN_POINT ( 'NONE',  ( 26.24970169736213066, 145.8808662210521163, -142.1954282707642960 ) ) ;
#2176 = LINE ( 'NONE', #575, #3185 ) ;
#2177 = LINE ( 'NONE', #3249, #2020 ) ;
#2178 = EDGE_LOOP ( 'NONE', ( #3309, #3257, #264, #227 ) ) ;
#2179 = EDGE_CURVE ( 'NONE', #1520, #694, #572, .T. ) ;
#2180 = CARTESIAN_POINT ( 'NONE',  ( -33.26923965389449478, 208.1435193473556637, -155.3461797062781784 ) ) ;
#2181 = CARTESIAN_POINT ( 'NONE',  ( -10.64906521029528186, 162.5300851869733378, -179.1020682036130722 ) ) ;
#2182 = ORIENTED_EDGE ( 'NONE', *, *, #2798, .F. ) ;
#2183 = EDGE_CURVE ( 'NONE', #1129, #413, #47, .T. ) ;
#2184 = CARTESIAN_POINT ( 'NONE',  ( -19.49360128045746876, 160.9621759214514896, -151.6658837258298433 ) ) ;
#2185 = ORIENTED_EDGE ( 'NONE', *, *, #449, .T. ) ;
#2186 = ORIENTED_EDGE ( 'NONE', *, *, #1811, .T. ) ;
#2187 = CARTESIAN_POINT ( 'NONE',  ( -30.43120739699195099, 151.5004729836356034, -155.0995792565602756 ) ) ;
#2188 = CARTESIAN_POINT ( 'NONE',  ( -26.73911404662054281, 150.7194458881435821, -157.0514860679959384 ) ) ;
#2189 = CARTESIAN_POINT ( 'NONE',  ( 8.772087945697849776, 165.6522355817936329, -155.0383133648398939 ) ) ;
#2190 = CARTESIAN_POINT ( 'NONE',  ( 26.43530295138169706, 146.4721883119733548, -179.7439804519136999 ) ) ;
#2191 = DIRECTION ( 'NONE',  ( -0.004645884459284544722, 0.3522282340390547328, 0.9359026054581319753 ) ) ;
#2192 = ORIENTED_EDGE ( 'NONE', *, *, #1348, .F. ) ;
#2193 = AXIS2_PLACEMENT_3D ( 'NONE', #2299, #968, #2525 ) ;
#2194 = DIRECTION ( 'NONE',  ( -0.9999891284265391977, -0.002009375742159099677, -0.004207783009750029439 ) ) ;
#2195 = CARTESIAN_POINT ( 'NONE',  ( 19.05973722094424971, 162.5745703761868128, -152.2690638141478701 ) ) ;
#2196 = EDGE_CURVE ( 'NONE', #2528, #1594, #1836, .T. ) ;
#2197 = AXIS2_PLACEMENT_3D ( 'NONE', #1511, #197, #1263 ) ;
#2198 = ORIENTED_EDGE ( 'NONE', *, *, #1829, .F. ) ;
#2199 = CARTESIAN_POINT ( 'NONE',  ( -19.41504385785127340, 161.1099249687658812, -151.7857633126627093 ) ) ;
#2200 = CARTESIAN_POINT ( 'NONE',  ( 0.1678706110031582543, 132.8852360618129183, -141.7232397069533931 ) ) ;
#2201 = ADVANCED_FACE ( 'NONE', ( #1852 ), #1576, .F. ) ;
#2202 = VERTEX_POINT ( 'NONE', #2134 ) ;
#2203 = ORIENTED_EDGE ( 'NONE', *, *, #2520, .F. ) ;
#2204 = AXIS2_PLACEMENT_3D ( 'NONE', #2006, #659, #415 ) ;
#2205 = EDGE_CURVE ( 'NONE', #2375, #448, #96, .T. ) ;
#2206 = DIRECTION ( 'NONE',  ( 0.004645884459282971328, -0.3522282340390540667, -0.9359026054581321974 ) ) ;
#2207 = CARTESIAN_POINT ( 'NONE',  ( -25.92293891556890983, 151.1468671589801147, -156.7617693632111013 ) ) ;
#2208 = AXIS2_PLACEMENT_3D ( 'NONE', #1065, #802, #517 ) ;
#2209 = CARTESIAN_POINT ( 'NONE',  ( 6.235108023675643985, 164.7354722441712909, -155.6554249543282253 ) ) ;
#2210 = CIRCLE ( 'NONE', #923, 29.60000000000034248 ) ;
#2211 = LINE ( 'NONE', #1158, #2170 ) ;
#2212 = CARTESIAN_POINT ( 'NONE',  ( -30.04756065946968846, 145.3603573428814002, -190.0118661214182794 ) ) ;
#2213 = CONICAL_SURFACE ( 'NONE', #2659, 29.60000000000000853, 0.7853981633974375098 ) ;
#2214 = DIRECTION ( 'NONE',  ( -0.004645884459284543855, 0.3522282340390547328, 0.9359026054581319753 ) ) ;
#2215 = CARTESIAN_POINT ( 'NONE',  ( 19.45900862851958735, 161.8415743495276899, -152.0118657486339657 ) ) ;
#2216 = VECTOR ( 'NONE', #1563, 1000.000000000000000 ) ;
#2217 = VERTEX_POINT ( 'NONE', #850 ) ;
#2218 = CARTESIAN_POINT ( 'NONE',  ( -19.35999595067213974, 161.2131703632500717, -151.8609501009727865 ) ) ;
#2219 = CARTESIAN_POINT ( 'NONE',  ( -5.693622742445364260, 168.5780064384831860, -170.1427583254047704 ) ) ;
#2220 = EDGE_LOOP ( 'NONE', ( #1052, #1028, #1250 ) ) ;
#2221 = ORIENTED_EDGE ( 'NONE', *, *, #743, .T. ) ;
#2222 = EDGE_CURVE ( 'NONE', #2549, #1889, #1916, .T. ) ;
#2223 = CARTESIAN_POINT ( 'NONE',  ( 11.73027112529977778, 209.9185841265456816, -155.7908471345419912 ) ) ;
#2224 = APPROVAL_PERSON_ORGANIZATION ( #174, #2707, #384 ) ;
#2225 = DIRECTION ( 'NONE',  ( -0.004944046975061859930, 0.01088478573707842186, 0.9999285363659576875 ) ) ;
#2226 = EDGE_CURVE ( 'NONE', #2792, #617, #1991, .T. ) ;
#2227 = CIRCLE ( 'NONE', #713, 1.700000000000017275 ) ;
#2228 = DIRECTION ( 'NONE',  ( 0.004944046975061859930, -0.01088478573707893707, -0.9999285363659576875 ) ) ;
#2229 = CARTESIAN_POINT ( 'NONE',  ( 27.47854374621630313, 151.4769473779225279, -155.0188530436823555 ) ) ;
#2230 = CARTESIAN_POINT ( 'NONE',  ( 26.72231736177651484, 192.1850763218499196, -153.3163445116383059 ) ) ;
#2231 = AXIS2_PLACEMENT_3D ( 'NONE', #2624, #2119, #503 ) ;
#2232 = DIRECTION ( 'NONE',  ( 0.000000000000000000, -0.9359127059959930772, 0.3522320353903913848 ) ) ;
#2233 = CARTESIAN_POINT ( 'NONE',  ( 20.15663788394255818, 160.5141772823867825, -150.8934518655388786 ) ) ;
#2234 = ORIENTED_EDGE ( 'NONE', *, *, #1259, .T. ) ;
#2235 = CARTESIAN_POINT ( 'NONE',  ( 19.39112166692919814, 194.1428175638196478, -152.7957659831060084 ) ) ;
#2236 = CARTESIAN_POINT ( 'NONE',  ( -30.87812338778952181, 150.7301081941651546, -156.0719955835758412 ) ) ;
#2237 = ORIENTED_EDGE ( 'NONE', *, *, #587, .T. ) ;
#2238 = ORIENTED_EDGE ( 'NONE', *, *, #2645, .F. ) ;
#2239 = DIRECTION ( 'NONE',  ( 0.000000000000000000, -0.9359127059959955197, 0.3522320353903845569 ) ) ;
#2240 = EDGE_CURVE ( 'NONE', #537, #1575, #89, .T. ) ;
#2241 = FACE_OUTER_BOUND ( 'NONE', #1723, .T. ) ;
#2242 = DIRECTION ( 'NONE',  ( -0.004645884459284543855, 0.3522282340390547328, 0.9359026054581319753 ) ) ;
#2243 = DIRECTION ( 'NONE',  ( 0.004944046975062000443, -0.01088478573707908105, -0.9999285363659576875 ) ) ;
#2244 = EDGE_CURVE ( 'NONE', #1795, #987, #1256, .T. ) ;
#2245 = CARTESIAN_POINT ( 'NONE',  ( -27.25926327990393361, 150.7284213410734424, -156.2269579855771724 ) ) ;
#2246 = CARTESIAN_POINT ( 'NONE',  ( 25.62207119095975472, 146.0788857584748257, -142.6705164441909233 ) ) ;
#2247 = CARTESIAN_POINT ( 'NONE',  ( 20.12535868636485503, 160.5750430418962083, -151.0107085858074640 ) ) ;
#2248 = ADVANCED_FACE ( 'NONE', ( #2775 ), #3080, .F. ) ;
#2249 = ORIENTED_EDGE ( 'NONE', *, *, #27, .F. ) ;
#2250 = DIRECTION ( 'NONE',  ( 0.004944046975061859930, -0.01088478573707893707, -0.9999285363659576875 ) ) ;
#2251 = TOROIDAL_SURFACE ( 'NONE', #1910, 34.00000000000000000, 2.000000000000000000 ) ;
#2252 = CARTESIAN_POINT ( 'NONE',  ( 11.37938091251509931, 162.8900533537500905, -184.8054800925920915 ) ) ;
#2253 = EDGE_LOOP ( 'NONE', ( #1668, #495 ) ) ;
#2254 = AXIS2_PLACEMENT_3D ( 'NONE', #2454, #3302, #1958 ) ;
#2255 = ORIENTED_EDGE ( 'NONE', *, *, #211, .F. ) ;
#2256 = DIRECTION ( 'NONE',  ( 0.000000000000000000, 0.9999407575168363094, -0.01088491877119503355 ) ) ;
#2257 = CARTESIAN_POINT ( 'NONE',  ( -27.47655254074999576, 151.6063139135952440, -155.1072578616881117 ) ) ;
#2258 = VERTEX_POINT ( 'NONE', #2497 ) ;
#2259 = LINE ( 'NONE', #1292, #1763 ) ;
#2260 = CARTESIAN_POINT ( 'NONE',  ( -33.25545660995216934, 218.0095501720113020, -163.3331545649010650 ) ) ;
#2261 = CARTESIAN_POINT ( 'NONE',  ( 11.35066590845639922, 162.5312691290672831, -178.9933056139093424 ) ) ;
#2262 = EDGE_CURVE ( 'NONE', #1951, #476, #2042, .T. ) ;
#2263 = LINE ( 'NONE', #3337, #2598 ) ;
#2264 = CARTESIAN_POINT ( 'NONE',  ( 18.97779638382711198, 162.7229836241045859, -152.3063051875078315 ) ) ;
#2265 = CIRCLE ( 'NONE', #3279, 12.04701297407904548 ) ;
#2266 = VERTEX_POINT ( 'NONE', #654 ) ;
#2267 = DIRECTION ( 'NONE',  ( 0.004943754084600977122, 0.000000000000000000, -0.9999877795731061392 ) ) ;
#2268 = ADVANCED_FACE ( 'NONE', ( #1165 ), #2213, .F. ) ;
#2269 = LINE ( 'NONE', #1230, #2765 ) ;
#2270 = VECTOR ( 'NONE', #1452, 1000.000000000000227 ) ;
#2271 = ORIENTED_EDGE ( 'NONE', *, *, #2183, .T. ) ;
#2272 = VERTEX_POINT ( 'NONE', #2236 ) ;
#2273 = CARTESIAN_POINT ( 'NONE',  ( -19.83756042636192873, 195.0958729142196262, -141.3513292439140514 ) ) ;
#2274 = VERTEX_POINT ( 'NONE', #1411 ) ;
#2275 = PLANE ( 'NONE',  #872 ) ;
#2276 = CARTESIAN_POINT ( 'NONE',  ( 25.59873320674745756, 145.9012328718206675, -188.7425448344861820 ) ) ;
#2277 = DIRECTION ( 'NONE',  ( 0.000000000000000000, -0.9359127059959930772, 0.3522320353903913848 ) ) ;
#2278 = DIRECTION ( 'NONE',  ( -0.004944046975061859063, 0.01088478573707840624, 0.9999285363659575765 ) ) ;
#2279 = CARTESIAN_POINT ( 'NONE',  ( -8.641324188681281271, 165.9764704026797517, -151.6447672510419693 ) ) ;
#2280 = VECTOR ( 'NONE', #3140, 1000.000000000000227 ) ;
#2281 = ADVANCED_FACE ( 'NONE', ( #1981 ), #903, .F. ) ;
#2282 = ORIENTED_EDGE ( 'NONE', *, *, #53, .F. ) ;
#2283 = LINE ( 'NONE', #3077, #3094 ) ;
#2284 = DIRECTION ( 'NONE',  ( 0.000000000000000000, 0.9999407575168364204, -0.01088491877119461201 ) ) ;
#2285 = CARTESIAN_POINT ( 'NONE',  ( 11.38020758897445539, 163.2577885933889377, -184.9766973935800536 ) ) ;
#2286 = EDGE_CURVE ( 'NONE', #2078, #854, #936, .T. ) ;
#2287 = ORIENTED_EDGE ( 'NONE', *, *, #3124, .F. ) ;
#2288 = ORIENTED_EDGE ( 'NONE', *, *, #2677, .F. ) ;
#2289 = CALENDAR_DATE ( 2024, 20, 8 ) ;
#2290 = CARTESIAN_POINT ( 'NONE',  ( 22.66759561881722007, 161.8626117751873039, -141.9274271274267960 ) ) ;
#2291 = EDGE_LOOP ( 'NONE', ( #2832, #1051, #58, #1486 ) ) ;
#2292 = CARTESIAN_POINT ( 'NONE',  ( 20.20635468975326532, 195.0002659615992116, -150.1342416970692568 ) ) ;
#2293 = CARTESIAN_POINT ( 'NONE',  ( 10.01765859121525182, 167.5143321814114188, -152.5522460641625457 ) ) ;
#2294 = DIRECTION ( 'NONE',  ( -0.004645884459284523038, 0.3522282340390548994, 0.9359026054581320864 ) ) ;
#2295 = DIRECTION ( 'NONE',  ( 0.000000000000000000, -0.9359127059959930772, 0.3522320353903913848 ) ) ;
#2296 = DIRECTION ( 'NONE',  ( 0.9999891284265393088, 0.002009375742165052381, 0.004207783009748313797 ) ) ;
#2297 = CYLINDRICAL_SURFACE ( 'NONE', #1265, 1.999999999999990896 ) ;
#2298 = ORIENTED_EDGE ( 'NONE', *, *, #2414, .F. ) ;
#2299 = CARTESIAN_POINT ( 'NONE',  ( -26.60562477829398986, 151.4254974307595489, -184.0604414686251005 ) ) ;
#2300 = DIRECTION ( 'NONE',  ( -2.364858737308502775E-20, 0.9999407575168364204, -0.01088491877119495722 ) ) ;
#2301 = CC_DESIGN_DATE_AND_TIME_ASSIGNMENT ( #2906, #3152, ( #1562 ) ) ;
#2302 = CARTESIAN_POINT ( 'NONE',  ( -11.93421699588108709, 166.1861852042895293, -185.1486500304437754 ) ) ;
#2303 = ORIENTED_EDGE ( 'NONE', *, *, #2629, .T. ) ;
#2304 = ORIENTED_EDGE ( 'NONE', *, *, #2738, .T. ) ;
#2305 = CIRCLE ( 'NONE', #1799, 31.99999999999998934 ) ;
#2306 = EDGE_CURVE ( 'NONE', #499, #364, #3061, .T. ) ;
#2307 = CIRCLE ( 'NONE', #800, 34.00000000000000711 ) ;
#2308 = CARTESIAN_POINT ( 'NONE',  ( -27.39131169450950409, 150.7291201772603131, -156.1627595472797907 ) ) ;
#2309 = VERTEX_POINT ( 'NONE', #2527 ) ;
#2310 = EDGE_CURVE ( 'NONE', #854, #396, #1545, .T. ) ;
#2311 = DIRECTION ( 'NONE',  ( 8.531762347620430453E-16, -0.9999407575168364204, 0.01088491877119481671 ) ) ;
#2312 = FACE_OUTER_BOUND ( 'NONE', #2885, .T. ) ;
#2313 = FACE_OUTER_BOUND ( 'NONE', #1926, .T. ) ;
#2314 = DIRECTION ( 'NONE',  ( 0.004645884459284523038, -0.3522282340390548439, -0.9359026054581319753 ) ) ;
#2315 = CARTESIAN_POINT ( 'NONE',  ( 32.41475585324158715, 148.7697634617350388, -141.7367102314518661 ) ) ;
#2316 = ORIENTED_EDGE ( 'NONE', *, *, #340, .T. ) ;
#2317 = DIRECTION ( 'NONE',  ( -0.004944046975061859063, 0.01088478573707893533, 0.9999285363659575765 ) ) ;
#2318 = DIRECTION ( 'NONE',  ( 0.004944046975061859063, -0.01088478573707893186, -0.9999285363659575765 ) ) ;
#2319 = DIRECTION ( 'NONE',  ( 0.004944046975061859930, -0.01088478573707893360, -0.9999285363659576875 ) ) ;
#2320 = VECTOR ( 'NONE', #2278, 1000.000000000000114 ) ;
#2321 = EDGE_LOOP ( 'NONE', ( #295, #2959, #739, #832, #1690 ) ) ;
#2322 = ORIENTED_EDGE ( 'NONE', *, *, #6, .F. ) ;
#2323 = AXIS2_PLACEMENT_3D ( 'NONE', #1429, #1706, #2000 ) ;
#2324 = APPROVAL_DATE_TIME ( #2853, #2707 ) ;
#2325 = AXIS2_PLACEMENT_3D ( 'NONE', #1807, #186, #1759 ) ;
#2326 = CARTESIAN_POINT ( 'NONE',  ( 20.20965057279256882, 160.4111706638150281, -150.4243879213856303 ) ) ;
#2327 = EDGE_CURVE ( 'NONE', #1823, #748, #1934, .T. ) ;
#2328 = EDGE_LOOP ( 'NONE', ( #173, #3068 ) ) ;
#2329 = DIRECTION ( 'NONE',  ( -0.9999877781250672282, -5.381554972452630176E-05, -0.004943754077442180130 ) ) ;
#2330 = FACE_OUTER_BOUND ( 'NONE', #1442, .T. ) ;
#2331 = CARTESIAN_POINT ( 'NONE',  ( -26.27785191160088729, 191.7300130190223513, -153.4081772715157115 ) ) ;
#2332 = CARTESIAN_POINT ( 'NONE',  ( -22.24896412395611733, 219.4406168693321035, -159.5431525111444273 ) ) ;
#2333 = EDGE_CURVE ( 'NONE', #2470, #2976, #1874, .T. ) ;
#2334 = CARTESIAN_POINT ( 'NONE',  ( -27.96325653320323568, 151.7410908705682857, -155.0685169625083120 ) ) ;
#2335 = CARTESIAN_POINT ( 'NONE',  ( -8.944129216563624141, 166.3214706303777461, -152.1374739675607373 ) ) ;
#2336 = B_SPLINE_CURVE_WITH_KNOTS ( 'NONE', 3,
 ( #1226, #721, #1734, #390, #1512, #199, #1786, #164, #1532, #665, #2031, #2334 ),
 .UNSPECIFIED., .F., .F.,
 ( 4, 2, 2, 2, 2, 4 ),
 ( 0.000000000000000000, 0.0004027004565550905304, 0.0008054009131101810609, 0.001610801826220357785, 0.002416202739330534401, 0.003221603652440711233 ),
 .UNSPECIFIED. ) ;
#2337 = EDGE_LOOP ( 'NONE', ( #1793, #9 ) ) ;
#2338 = FACE_OUTER_BOUND ( 'NONE', #2494, .T. ) ;
#2339 = DIRECTION ( 'NONE',  ( -6.973733562826225904E-15, -0.9999407575168361983, 0.01088491877119377761 ) ) ;
#2340 = CIRCLE ( 'NONE', #57, 3.999999999999999112 ) ;
#2341 = ORIENTED_EDGE ( 'NONE', *, *, #1448, .F. ) ;
#2342 = ORIENTED_EDGE ( 'NONE', *, *, #851, .F. ) ;
#2343 = FACE_OUTER_BOUND ( 'NONE', #954, .T. ) ;
#2344 = EDGE_LOOP ( 'NONE', ( #1584, #1388, #3275, #2852, #2740 ) ) ;
#2345 = CARTESIAN_POINT ( 'NONE',  ( 26.99733999590953104, 145.3634272830896066, -189.7298467144001108 ) ) ;
#2346 = CARTESIAN_POINT ( 'NONE',  ( -22.26758178613501471, 197.4415929613330434, -155.5378309912250359 ) ) ;
#2347 = CYLINDRICAL_SURFACE ( 'NONE', #741, 9.999999999999992895 ) ;
#2348 = PRODUCT ( 'M-COMA-340012-B', 'M-COMA-340012-B', '', ( #2550 ) ) ;
#2349 = DIRECTION ( 'NONE',  ( 0.001690963655019183829, 0.9359141350837779649, -0.3522241791704556757 ) ) ;
#2350 = EDGE_CURVE ( 'NONE', #2789, #1895, #40, .T. ) ;
#2351 = DIRECTION ( 'NONE',  ( -0.004944046975061859930, 0.01088478573707840798, 0.9999285363659576875 ) ) ;
#2352 = ORIENTED_EDGE ( 'NONE', *, *, #2132, .T. ) ;
#2353 = CARTESIAN_POINT ( 'NONE',  ( -9.578092382732156906, 167.5132776124118266, -152.6491238219683453 ) ) ;
#2354 = EDGE_CURVE ( 'NONE', #2087, #577, #2808, .T. ) ;
#2355 = DIRECTION ( 'NONE',  ( 0.8175974404068186985, 0.5757902616753939329, 0.000000000000000000 ) ) ;
#2356 = VERTEX_POINT ( 'NONE', #378 ) ;
#2357 = ORIENTED_EDGE ( 'NONE', *, *, #53, .T. ) ;
#2358 = DIRECTION ( 'NONE',  ( 0.004944046975061859930, -0.01088478573707893707, -0.9999285363659576875 ) ) ;
#2359 = VERTEX_POINT ( 'NONE', #1395 ) ;
#2360 = AXIS2_PLACEMENT_3D ( 'NONE', #3333, #664, #3403 ) ;
#2361 = ORIENTED_EDGE ( 'NONE', *, *, #3194, .F. ) ;
#2362 = PERSON ( '未指定', '未指定', '未指定', ('未指定'), ('未指定'), ('未指定') ) ;
#2363 = FACE_OUTER_BOUND ( 'NONE', #2046, .T. ) ;
#2364 = AXIS2_PLACEMENT_3D ( 'NONE', #576, #145, #2277 ) ;
#2365 = CARTESIAN_POINT ( 'NONE',  ( 0.3557443960555174423, 132.4716142038045632, -179.7205240888367257 ) ) ;
#2366 = CARTESIAN_POINT ( 'NONE',  ( -12.61937648469504580, 168.0650114707401883, -185.1724898161671433 ) ) ;
#2367 = DIRECTION ( 'NONE',  ( -0.004943754084601015286, 0.000000000000000000, 0.9999877795731060282 ) ) ;
#2368 = CARTESIAN_POINT ( 'NONE',  ( -5.764745313825156536, 164.7348264575746271, -155.7147500032575635 ) ) ;
#2369 = CARTESIAN_POINT ( 'NONE',  ( 27.35666594620550995, 151.4284014765921711, -183.7936619132813689 ) ) ;
#2370 = VERTEX_POINT ( 'NONE', #2511 ) ;
#2371 = EDGE_CURVE ( 'NONE', #2706, #1622, #1878, .T. ) ;
#2372 = CARTESIAN_POINT ( 'NONE',  ( -7.930214617062619098, 165.3680376377884329, -155.1450408877482516 ) ) ;
#2373 = CARTESIAN_POINT ( 'NONE',  ( -33.25065968878828215, 208.2488493289225460, -159.6596775526181204 ) ) ;
#2374 = AXIS2_PLACEMENT_3D ( 'NONE', #2781, #908, #3017 ) ;
#2375 = VERTEX_POINT ( 'NONE', #3011 ) ;
#2376 = EDGE_CURVE ( 'NONE', #3421, #1846, #1197, .T. ) ;
#2377 = ORIENTED_EDGE ( 'NONE', *, *, #1252, .F. ) ;
#2378 = VECTOR ( 'NONE', #935, 1000.000000000000114 ) ;
#2379 = CARTESIAN_POINT ( 'NONE',  ( -17.77999690200987004, 164.0604546252041303, -152.6520913968664956 ) ) ;
#2380 = ORIENTED_EDGE ( 'NONE', *, *, #1523, .T. ) ;
#2381 = VECTOR ( 'NONE', #147, 1000.000000000000114 ) ;
#2382 = ORIENTED_EDGE ( 'NONE', *, *, #2535, .F. ) ;
#2383 = CARTESIAN_POINT ( 'NONE',  ( 30.74701236129826398, 151.7442504345791292, -154.7782642838414517 ) ) ;
#2384 = CARTESIAN_POINT ( 'NONE',  ( -30.73969007248790319, 150.4253341935271919, -184.0699946017998059 ) ) ;
#2385 = CARTESIAN_POINT ( 'NONE',  ( -25.78801431277127065, 150.8498179650049167, -184.0501322797061903 ) ) ;
#2386 = CIRCLE ( 'NONE', #3339, 1.699999999999989519 ) ;
#2387 = CARTESIAN_POINT ( 'NONE',  ( 0.3804646309308268304, 132.4171902751191396, -184.7201667706664807 ) ) ;
#2388 = CARTESIAN_POINT ( 'NONE',  ( 27.35666594620552061, 151.4284014765921711, -183.7936619132813689 ) ) ;
#2389 = DIRECTION ( 'NONE',  ( -0.004645884459284542987, 0.3522282340390547328, 0.9359026054581319753 ) ) ;
#2390 = VERTEX_POINT ( 'NONE', #479 ) ;
#2391 = CARTESIAN_POINT ( 'NONE',  ( 25.64796595351839059, 145.8095266913049102, -188.7413031346113996 ) ) ;
#2392 = CC_DESIGN_APPROVAL ( #2930, ( #1835 ) ) ;
#2393 = CARTESIAN_POINT ( 'NONE',  ( 28.43248702353645285, 151.7332408237964501, -155.7896598465842715 ) ) ;
#2394 = EDGE_CURVE ( 'NONE', #2686, #2588, #170, .T. ) ;
#2395 = VERTEX_POINT ( 'NONE', #3165 ) ;
#2396 = DIRECTION ( 'NONE',  ( 0.000000000000000000, -0.9359127059959954087, 0.3522320353903850565 ) ) ;
#2397 = EDGE_CURVE ( 'NONE', #1008, #2654, #2158, .T. ) ;
#2398 = LINE ( 'NONE', #1308, #2942 ) ;
#2399 = ORIENTED_EDGE ( 'NONE', *, *, #2516, .T. ) ;
#2400 = VERTEX_POINT ( 'NONE', #2302 ) ;
#2401 = FACE_OUTER_BOUND ( 'NONE', #2927, .T. ) ;
#2402 = CARTESIAN_POINT ( 'NONE',  ( 28.43248702353645285, 150.7333000662796110, -155.7787749278131173 ) ) ;
#2403 = CARTESIAN_POINT ( 'NONE',  ( 6.316118689005676856, 164.5571196235381706, -172.0397506741456652 ) ) ;
#2404 = DIRECTION ( 'NONE',  ( 0.004645884459284533446, -0.3522282340390547883, -0.9359026054581319753 ) ) ;
#2405 = DIRECTION ( 'NONE',  ( 5.825786303515002248E-18, 0.9999407575168364204, -0.01088491877119495722 ) ) ;
#2406 = DIRECTION ( 'NONE',  ( -0.9999891284265393088, -0.002009375742123508789, -0.004207783009747060460 ) ) ;
#2407 = ORIENTED_EDGE ( 'NONE', *, *, #551, .F. ) ;
#2408 = CARTESIAN_POINT ( 'NONE',  ( -5.997783569644857593, 164.7353001190969621, -155.6712371878287797 ) ) ;
#2409 = CARTESIAN_POINT ( 'NONE',  ( -10.64471612992316452, 163.0604227422004442, -179.9875425934597502 ) ) ;
#2410 = VERTEX_POINT ( 'NONE', #761 ) ;
#2411 = ORIENTED_EDGE ( 'NONE', *, *, #1499, .F. ) ;
#2412 = VERTEX_POINT ( 'NONE', #2831 ) ;
#2413 = EDGE_LOOP ( 'NONE', ( #799, #1354, #1237, #2124, #1982 ) ) ;
#2414 = EDGE_CURVE ( 'NONE', #244, #2567, #2866, .T. ) ;
#2415 = CARTESIAN_POINT ( 'NONE',  ( -8.307801502339453137, 165.6513164069197614, -155.1227531699536257 ) ) ;
#2416 = DIRECTION ( 'NONE',  ( 0.000000000000000000, 0.9999407575168364204, -0.01088491877119371690 ) ) ;
#2417 = EDGE_CURVE ( 'NONE', #990, #36, #1776, .T. ) ;
#2418 = CIRCLE ( 'NONE', #2138, 34.10000000000002984 ) ;
#2419 = DIRECTION ( 'NONE',  ( 0.000000000000000000, -0.9359127059959930772, 0.3522320353903913848 ) ) ;
#2420 = CARTESIAN_POINT ( 'NONE',  ( -22.23038058572456066, 218.0317039331761180, -163.2867629329750514 ) ) ;
#2421 = CARTESIAN_POINT ( 'NONE',  ( -26.18697026429750352, 145.3605651052150449, -189.9927800786436478 ) ) ;
#2422 = CIRCLE ( 'NONE', #2254, 0.9999999999999953371 ) ;
#2423 = ORIENTED_EDGE ( 'NONE', *, *, #764, .F. ) ;
#2424 = FACE_OUTER_BOUND ( 'NONE', #671, .T. ) ;
#2425 = CARTESIAN_POINT ( 'NONE',  ( 31.18334007518589956, 150.9479599488084034, -184.6603118638981584 ) ) ;
#2426 = ORIENTED_EDGE ( 'NONE', *, *, #2371, .T. ) ;
#2427 = LINE ( 'NONE', #3444, #76 ) ;
#2428 = VECTOR ( 'NONE', #3280, 1000.000000000000114 ) ;
#2429 = EDGE_LOOP ( 'NONE', ( #1148, #3162, #107, #2743 ) ) ;
#2430 = EDGE_LOOP ( 'NONE', ( #3426, #2014, #481, #3122 ) ) ;
#2431 = VECTOR ( 'NONE', #483, 1000.000000000000114 ) ;
#2432 = CYLINDRICAL_SURFACE ( 'NONE', #1502, 1.999999999999990896 ) ;
#2433 = EDGE_CURVE ( 'NONE', #220, #2686, #3228, .T. ) ;
#2434 = CIRCLE ( 'NONE', #2884, 3.999999999999999112 ) ;
#2435 = CARTESIAN_POINT ( 'NONE',  ( 31.49567528737447830, 151.4177391705706270, -184.7731523977014376 ) ) ;
#2436 = AXIS2_PLACEMENT_3D ( 'NONE', #620, #670, #2759 ) ;
#2437 = DIRECTION ( 'NONE',  ( -0.004944046975061859063, 0.01088478573707842359, 0.9999285363659575765 ) ) ;
#2438 = CARTESIAN_POINT ( 'NONE',  ( -26.29643544943802524, 193.1389259551785926, -149.6645668496830979 ) ) ;
#2439 = EDGE_CURVE ( 'NONE', #2631, #2470, #3378, .T. ) ;
#2440 = DIRECTION ( 'NONE',  ( 1.000000000000000000, 8.531256904833195040E-16, -9.286754012891882187E-18 ) ) ;
#2441 = ORIENTED_EDGE ( 'NONE', *, *, #3110, .T. ) ;
#2442 = CARTESIAN_POINT ( 'NONE',  ( 6.306230595055438926, 168.5786522250799067, -170.0834332764754606 ) ) ;
#2443 = CARTESIAN_POINT ( 'NONE',  ( 30.89533377055002461, 151.4177068624670142, -184.7761203747973298 ) ) ;
#2444 = VERTEX_POINT ( 'NONE', #1518 ) ;
#2445 = CARTESIAN_POINT ( 'NONE',  ( -19.48392460917683877, 160.9804184106079674, -151.6816875051526949 ) ) ;
#2446 = LOCAL_TIME ( 17, 9, 3.000000000000000000, #2834 ) ;
#2447 = ORIENTED_EDGE ( 'NONE', *, *, #3083, .F. ) ;
#2448 = ORIENTED_EDGE ( 'NONE', *, *, #2433, .F. ) ;
#2449 = LINE ( 'NONE', #2223, #1389 ) ;
#2450 = DIRECTION ( 'NONE',  ( 0.004944046975061859930, -0.01088478573707893707, -0.9999285363659576875 ) ) ;
#2451 = ADVANCED_FACE ( 'NONE', ( #1826 ), #461, .F. ) ;
#2452 = DIRECTION ( 'NONE',  ( -0.004645884459284523038, 0.3522282340390548439, 0.9359026054581319753 ) ) ;
#2453 = CARTESIAN_POINT ( 'NONE',  ( 28.14371949643377846, 150.7330518668050274, -155.8015757199784161 ) ) ;
#2454 = CARTESIAN_POINT ( 'NONE',  ( -26.73911404662054281, 151.7193866456604212, -157.0623709867671209 ) ) ;
#2455 = ORIENTED_EDGE ( 'NONE', *, *, #1133, .T. ) ;
#2456 = EDGE_CURVE ( 'NONE', #1760, #2274, #989, .T. ) ;
#2457 = CARTESIAN_POINT ( 'NONE',  ( -25.36213383299576307, 145.4031055678887299, -189.2623661038221030 ) ) ;
#2458 = CARTESIAN_POINT ( 'NONE',  ( 18.83196912660130096, 162.9853636040816696, -152.3631345651771483 ) ) ;
#2459 = ORIENTED_EDGE ( 'NONE', *, *, #2645, .T. ) ;
#2460 = CARTESIAN_POINT ( 'NONE',  ( -18.36948755610357154, 163.0259020085772761, -152.5550581473765988 ) ) ;
#2461 = EDGE_CURVE ( 'NONE', #272, #2513, #2056, .T. ) ;
#2462 = DIRECTION ( 'NONE',  ( 0.000000000000000000, -0.9359127059959930772, 0.3522320353903913848 ) ) ;
#2463 = ORIENTED_EDGE ( 'NONE', *, *, #2566, .F. ) ;
#2464 = VERTEX_POINT ( 'NONE', #1286 ) ;
#2465 = LINE ( 'NONE', #608, #3356 ) ;
#2466 = CARTESIAN_POINT ( 'NONE',  ( 30.62061613627886203, 147.8859862758364159, -141.7359607636247461 ) ) ;
#2467 = CARTESIAN_POINT ( 'NONE',  ( 0.3557443960555080054, 132.4716142038039095, -179.7205240888596336 ) ) ;
#2468 = CARTESIAN_POINT ( 'NONE',  ( 28.18913698283358471, 150.7434584738794570, -154.8455749657107106 ) ) ;
#2469 = CARTESIAN_POINT ( 'NONE',  ( -26.73911404662054991, 150.7194458881435821, -157.0514860679959384 ) ) ;
#2470 = VERTEX_POINT ( 'NONE', #3117 ) ;
#2471 = VECTOR ( 'NONE', #2519, 1000.000000000000114 ) ;
#2472 = LINE ( 'NONE', #355, #1973 ) ;
#2473 = DIRECTION ( 'NONE',  ( -9.461665283317258898E-17, 0.9999407575168363094, -0.01088491877119408986 ) ) ;
#2474 = AXIS2_PLACEMENT_3D ( 'NONE', #471, #2537, #1732 ) ;
#2475 = EDGE_CURVE ( 'NONE', #1539, #220, #1656, .T. ) ;
#2476 = ORIENTED_EDGE ( 'NONE', *, *, #1666, .T. ) ;
#2477 = CARTESIAN_POINT ( 'NONE',  ( -19.32016746622807091, 161.2877564544473046, -151.9106376121725361 ) ) ;
#2478 = CARTESIAN_POINT ( 'NONE',  ( 15.63515259006526747, 165.5487896983930511, -152.5030748872142681 ) ) ;
#2479 = EDGE_CURVE ( 'NONE', #1611, #2078, #1043, .T. ) ;
#2480 = VERTEX_POINT ( 'NONE', #3424 ) ;
#2481 = EDGE_LOOP ( 'NONE', ( #749, #2249 ) ) ;
#2482 = VECTOR ( 'NONE', #992, 1000.000000000000000 ) ;
#2483 = DIRECTION ( 'NONE',  ( 0.000000000000000000, 0.9999407575168363094, -0.01088491877119520876 ) ) ;
#2484 = CARTESIAN_POINT ( 'NONE',  ( -27.25926327704143759, 150.7284213411066389, -156.2269579825257608 ) ) ;
#2485 = CARTESIAN_POINT ( 'NONE',  ( 11.73027112529977778, 209.9185841265456816, -155.7908471345419912 ) ) ;
#2486 = VECTOR ( 'NONE', #2296, 1000.000000000000114 ) ;
#2487 = CARTESIAN_POINT ( 'NONE',  ( 27.22317667787893924, 150.7223499339762327, -156.7847065126522068 ) ) ;
#2488 = DIRECTION ( 'NONE',  ( 0.000000000000000000, -0.9999407575168361983, 0.01088491877119450273 ) ) ;
#2489 = AXIS2_PLACEMENT_3D ( 'NONE', #960, #3385, #2026 ) ;
#2490 = DIRECTION ( 'NONE',  ( 0.004944046975061859063, -0.01088478573707893186, -0.9999285363659575765 ) ) ;
#2491 = CARTESIAN_POINT ( 'NONE',  ( 19.41750419111026460, 161.9186823328423372, -152.0448801698718739 ) ) ;
#2492 = B_SPLINE_CURVE_WITH_KNOTS ( 'NONE', 3,
 ( #2384, #2950, #2150, #2643, #1546, #3229, #2681, #247, #284, #751, #3196, #25 ),
 .UNSPECIFIED., .F., .F.,
 ( 4, 2, 2, 2, 2, 4 ),
 ( 0.000000000000000000, 0.0002120866455268446266, 0.0004241732910536892532, 0.0008483465821074824813, 0.001272519873161275872, 0.001696693164215069046 ),
 .UNSPECIFIED. ) ;
#2493 = VECTOR ( 'NONE', #205, 1000.000000000000000 ) ;
#2494 = EDGE_LOOP ( 'NONE', ( #3306, #236, #1851, #1843 ) ) ;
#2495 = DIRECTION ( 'NONE',  ( -9.909787885595103092E-17, -0.9999407575168361983, 0.01088491877119481324 ) ) ;
#2496 = CC_DESIGN_DATE_AND_TIME_ASSIGNMENT ( #3367, #1522, ( #440 ) ) ;
#2497 = CARTESIAN_POINT ( 'NONE',  ( -33.26078840835031514, 211.3424122813105157, -156.5500455133885112 ) ) ;
#2498 = ORIENTED_EDGE ( 'NONE', *, *, #2812, .F. ) ;
#2499 = ORIENTED_EDGE ( 'NONE', *, *, #1020, .F. ) ;
#2500 = EDGE_CURVE ( 'NONE', #2359, #3421, #315, .T. ) ;
#2501 = DIRECTION ( 'NONE',  ( 1.994389897115271521E-16, 0.9999407575168364204, -0.01088491877119481324 ) ) ;
#2502 = DIRECTION ( 'NONE',  ( 0.000000000000000000, -0.9999407575168364204, 0.01088491877119068980 ) ) ;
#2503 = EDGE_CURVE ( 'NONE', #2604, #1177, #1023, .T. ) ;
#2504 = CARTESIAN_POINT ( 'NONE',  ( 0.2321432216790837721, 132.7437338472312263, -154.7223106797106311 ) ) ;
#2505 = CARTESIAN_POINT ( 'NONE',  ( 27.22244270015482215, 150.7239658774656448, -156.6362582062514832 ) ) ;
#2506 = FACE_OUTER_BOUND ( 'NONE', #1913, .T. ) ;
#2507 = CARTESIAN_POINT ( 'NONE',  ( -25.04901571415058470, 145.5739104764012666, -189.0599637793612260 ) ) ;
#2508 = CARTESIAN_POINT ( 'NONE',  ( 20.10088631895340328, 160.6225722085274583, -151.0920789922819267 ) ) ;
#2509 = ORIENTED_EDGE ( 'NONE', *, *, #3079, .F. ) ;
#2510 = CARTESIAN_POINT ( 'NONE',  ( -19.78889085522720137, 160.4068831624566087, -150.8182583256049725 ) ) ;
#2511 = CARTESIAN_POINT ( 'NONE',  ( -11.61938870656998013, 163.1555756219765385, -185.1141034998155135 ) ) ;
#2512 = VERTEX_POINT ( 'NONE', #1270 ) ;
#2513 = VERTEX_POINT ( 'NONE', #1479 ) ;
#2514 = DIRECTION ( 'NONE',  ( -0.004645884459284522171, 0.3522282340390547883, 0.9359026054581319753 ) ) ;
#2515 = FACE_OUTER_BOUND ( 'NONE', #991, .T. ) ;
#2516 = EDGE_CURVE ( 'NONE', #1446, #2164, #2072, .T. ) ;
#2517 = CARTESIAN_POINT ( 'NONE',  ( -11.44671084001115169, 166.4328173075149095, -185.1489243343108058 ) ) ;
#2518 = DIRECTION ( 'NONE',  ( -0.004944046975061859930, 0.01088478573707840798, 0.9999285363659576875 ) ) ;
#2519 = DIRECTION ( 'NONE',  ( 0.004944046975061758449, -0.01088478573708196763, -0.9999285363659575765 ) ) ;
#2520 = EDGE_CURVE ( 'NONE', #3340, #2658, #2546, .T. ) ;
#2521 = LINE ( 'NONE', #130, #2381 ) ;
#2522 = CARTESIAN_POINT ( 'NONE',  ( 19.41159281218171984, 161.9296459502798484, -152.0494612443154381 ) ) ;
#2523 = CIRCLE ( 'NONE', #2639, 9.999999999999992895 ) ;
#2524 = VERTEX_POINT ( 'NONE', #2016 ) ;
#2525 = DIRECTION ( 'NONE',  ( -0.8176179852591166641, 0.5757610877619491196, 0.000000000000000000 ) ) ;
#2526 = VECTOR ( 'NONE', #2406, 1000.000000000000227 ) ;
#2527 = CARTESIAN_POINT ( 'NONE',  ( 23.72537763998453642, 219.4449975141963023, -159.3165814001272338 ) ) ;
#2528 = VERTEX_POINT ( 'NONE', #3099 ) ;
#2529 = VECTOR ( 'NONE', #2859, 1000.000000000000114 ) ;
#2530 = ORIENTED_EDGE ( 'NONE', *, *, #3058, .T. ) ;
#2531 = CARTESIAN_POINT ( 'NONE',  ( 0.000000000000000000, 0.000000000000000000, 0.000000000000000000 ) ) ;
#2532 = CARTESIAN_POINT ( 'NONE',  ( 26.40489595719983384, 151.1479988542947126, -156.6578080390829655 ) ) ;
#2533 = ORIENTED_EDGE ( 'NONE', *, *, #1189, .T. ) ;
#2534 = FACE_OUTER_BOUND ( 'NONE', #2833, .T. ) ;
#2535 = EDGE_CURVE ( 'NONE', #2512, #1659, #2653, .T. ) ;
#2536 = CARTESIAN_POINT ( 'NONE',  ( -8.644145607070086612, 170.4688786494968156, -180.1786447888391365 ) ) ;
#2537 = DIRECTION ( 'NONE',  ( -0.004645884459284544722, 0.3522282340390547328, 0.9359026054581320864 ) ) ;
#2538 = CARTESIAN_POINT ( 'NONE',  ( 22.73186822949302410, 197.4440146610707245, -155.3153620577401739 ) ) ;
#2539 = EDGE_CURVE ( 'NONE', #413, #2395, #1061, .T. ) ;
#2540 = LINE ( 'NONE', #148, #487 ) ;
#2541 = CIRCLE ( 'NONE', #2825, 11.95298702592081952 ) ;
#2542 = ORIENTED_EDGE ( 'NONE', *, *, #70, .F. ) ;
#2543 = CYLINDRICAL_SURFACE ( 'NONE', #294, 1.799999999999992939 ) ;
#2544 = CARTESIAN_POINT ( 'NONE',  ( 32.54052113403081137, 148.4928793339225024, -167.1726119895776890 ) ) ;
#2545 = AXIS2_PLACEMENT_3D ( 'NONE', #1204, #3370, #195 ) ;
#2546 = LINE ( 'NONE', #153, #261 ) ;
#2547 = EDGE_LOOP ( 'NONE', ( #3396, #2304, #1619, #86, #3209, #885, #3364, #1559, #730, #1080 ) ) ;
#2548 = VECTOR ( 'NONE', #1132, 1000.000000000000114 ) ;
#2549 = VERTEX_POINT ( 'NONE', #239 ) ;
#2550 = MECHANICAL_CONTEXT ( 'NONE', #1487, 'mechanical' ) ;
#2551 = CARTESIAN_POINT ( 'NONE',  ( -27.09168390743607802, 150.7368016795497567, -155.4570999661138444 ) ) ;
#2552 = VERTEX_POINT ( 'NONE', #2109 ) ;
#2553 = CARTESIAN_POINT ( 'NONE',  ( 6.355671064806058368, 168.4698043677091164, -180.0827186401350843 ) ) ;
#2554 = PLANE ( 'NONE',  #1336 ) ;
#2555 = LINE ( 'NONE', #963, #2529 ) ;
#2556 = EDGE_CURVE ( 'NONE', #2704, #2470, #256, .T. ) ;
#2557 = CARTESIAN_POINT ( 'NONE',  ( 0.3508003490804555979, 132.4824989895415968, -178.7205955524707690 ) ) ;
#2558 = CARTESIAN_POINT ( 'NONE',  ( -8.758079969033477852, 166.0948020037536992, -151.8633248903955462 ) ) ;
#2559 = VECTOR ( 'NONE', #3415, 1000.000000000000114 ) ;
#2560 = ORIENTED_EDGE ( 'NONE', *, *, #3341, .T. ) ;
#2561 = EDGE_CURVE ( 'NONE', #1011, #3028, #1322, .T. ) ;
#2562 = CARTESIAN_POINT ( 'NONE',  ( -26.60562477829399342, 151.4254974307595489, -184.0604414686250720 ) ) ;
#2563 = DIRECTION ( 'NONE',  ( 0.000000000000000000, 0.9999407575168363094, -0.01088491877119457038 ) ) ;
#2564 = CARTESIAN_POINT ( 'NONE',  ( -5.683734648495124553, 164.5564738369415068, -172.0990757230749750 ) ) ;
#2565 = ORIENTED_EDGE ( 'NONE', *, *, #300, .T. ) ;
#2566 = EDGE_CURVE ( 'NONE', #2395, #621, #369, .T. ) ;
#2567 = VERTEX_POINT ( 'NONE', #3187 ) ;
#2568 = CARTESIAN_POINT ( 'NONE',  ( -5.594741802944127151, 168.3603107237416054, -190.1413290527239326 ) ) ;
#2569 = EDGE_LOOP ( 'NONE', ( #1931, #309, #763, #2077, #821, #2459, #1534, #2271, #2856, #1166 ) ) ;
#2570 = FACE_BOUND ( 'NONE', #2481, .T. ) ;
#2571 = DIRECTION ( 'NONE',  ( 0.9999877781250670061, 5.381554972452538696E-05, 0.004943754077442305897 ) ) ;
#2572 = DIRECTION ( 'NONE',  ( -0.004944046975061859930, 0.01088478573707840798, 0.9999285363659576875 ) ) ;
#2573 = CARTESIAN_POINT ( 'NONE',  ( -33.26924322662542721, 208.1603019354852506, -155.3524958741608657 ) ) ;
#2574 = PLANE ( 'NONE',  #814 ) ;
#2575 = CARTESIAN_POINT ( 'NONE',  ( -8.514783356512717560, 165.8571603474048004, -151.2820775292116764 ) ) ;
#2576 = ORIENTED_EDGE ( 'NONE', *, *, #2539, .F. ) ;
#2577 = CARTESIAN_POINT ( 'NONE',  ( 0.2420313156292075718, 132.7219642757570739, -156.7221677524425445 ) ) ;
#2578 = CARTESIAN_POINT ( 'NONE',  ( 0.3755205839557647640, 132.4280750608562016, -183.7202382343005240 ) ) ;
#2579 = CARTESIAN_POINT ( 'NONE',  ( 11.38033019030677906, 163.3925901095456368, -185.0029637186372611 ) ) ;
#2580 = ADVANCED_FACE ( 'NONE', ( #1635 ), #34, .T. ) ;
#2581 = ORIENTED_EDGE ( 'NONE', *, *, #3384, .T. ) ;
#2582 = ORIENTED_EDGE ( 'NONE', *, *, #743, .F. ) ;
#2583 = AXIS2_PLACEMENT_3D ( 'NONE', #2111, #21, #1865 ) ;
#2584 = ADVANCED_FACE ( 'NONE', ( #2126 ), #2163, .F. ) ;
#2585 = PERSON_AND_ORGANIZATION ( #2362, #2108 ) ;
#2586 = AXIS2_PLACEMENT_3D ( 'NONE', #1715, #2785, #1454 ) ;
#2587 = DIRECTION ( 'NONE',  ( -0.9999877781250672282, -5.381554972452630176E-05, -0.004943754077442180130 ) ) ;
#2588 = VERTEX_POINT ( 'NONE', #1863 ) ;
#2589 = CARTESIAN_POINT ( 'NONE',  ( -11.29627642712361713, 166.5545275514378147, -185.1066133040590387 ) ) ;
#2590 = FACE_BOUND ( 'NONE', #2133, .T. ) ;
#2591 = CYLINDRICAL_SURFACE ( 'NONE', #2197, 1.599999999999991207 ) ;
#2592 = DIRECTION ( 'NONE',  ( -0.001690963655019507355, -0.9359141350837764106, 0.3522241791704597280 ) ) ;
#2593 = CIRCLE ( 'NONE', #1089, 1.999999999999990896 ) ;
#2594 = CARTESIAN_POINT ( 'NONE',  ( -8.434474588868635436, 165.7872522990828941, -150.8928957518249092 ) ) ;
#2595 = EDGE_LOOP ( 'NONE', ( #2918, #683, #141, #3175 ) ) ;
#2596 = VECTOR ( 'NONE', #2753, 1000.000000000000227 ) ;
#2597 = CARTESIAN_POINT ( 'NONE',  ( -22.33185439681080808, 171.7993640993250040, -142.2580895724666163 ) ) ;
#2598 = VECTOR ( 'NONE', #930, 1000.000000000000114 ) ;
#2599 = EDGE_LOOP ( 'NONE', ( #993, #2869, #3365, #375, #533, #3328, #485, #552 ) ) ;
#2600 = ORIENTED_EDGE ( 'NONE', *, *, #3124, .T. ) ;
#2601 = COORDINATED_UNIVERSAL_TIME_OFFSET ( 8, 0, .AHEAD. ) ;
#2602 = VECTOR ( 'NONE', #1536, 1000.000000000000227 ) ;
#2603 = DIRECTION ( 'NONE',  ( 0.004944046975061859063, -0.01088478573707893360, -0.9999285363659575765 ) ) ;
#2604 = VERTEX_POINT ( 'NONE', #2373 ) ;
#2605 = EDGE_CURVE ( 'NONE', #2202, #1861, #2941, .T. ) ;
#2606 = CARTESIAN_POINT ( 'NONE',  ( -25.07491047670921702, 146.3075093615827882, -142.9942306010327968 ) ) ;
#2607 = CARTESIAN_POINT ( 'NONE',  ( 11.35560995543151819, 170.4699549604912647, -180.0797697072902679 ) ) ;
#2608 = CARTESIAN_POINT ( 'NONE',  ( 26.24078061060989597, 145.9005068349722762, -140.3911474328231463 ) ) ;
#2609 = EDGE_CURVE ( 'NONE', #2809, #510, #2386, .T. ) ;
#2610 = AXIS2_PLACEMENT_3D ( 'NONE', #334, #2730, #1952 ) ;
#2611 = CARTESIAN_POINT ( 'NONE',  ( 0.4002408188309498072, 132.3736511321704370, -188.7198809161300233 ) ) ;
#2612 = CARTESIAN_POINT ( 'NONE',  ( 6.355671064806058368, 168.4698043677091164, -180.0827186401350843 ) ) ;
#2613 = ORIENTED_EDGE ( 'NONE', *, *, #2066, .F. ) ;
#2614 = AXIS2_PLACEMENT_3D ( 'NONE', #2695, #3015, #2483 ) ;
#2615 = CARTESIAN_POINT ( 'NONE',  ( -11.61938870656998368, -1.995501698978157767, -183.3163409342830619 ) ) ;
#2616 = CARTESIAN_POINT ( 'NONE',  ( 27.35666594620550995, 151.4284014765921711, -183.7936619132813689 ) ) ;
#2617 = ORIENTED_EDGE ( 'NONE', *, *, #846, .T. ) ;
#2618 = ORIENTED_EDGE ( 'NONE', *, *, #2183, .F. ) ;
#2619 = CALENDAR_DATE ( 2024, 20, 8 ) ;
#2620 = DIRECTION ( 'NONE',  ( 0.9999877781250671172, 5.381554972451470757E-05, 0.004943754077442194007 ) ) ;
#2621 = VERTEX_POINT ( 'NONE', #2633 ) ;
#2622 = ORIENTED_EDGE ( 'NONE', *, *, #1213, .T. ) ;
#2623 = DIRECTION ( 'NONE',  ( 0.000000000000000000, -0.9999407575168364204, 0.01088491877118685260 ) ) ;
#2624 = CARTESIAN_POINT ( 'NONE',  ( -26.57596049644362068, 151.3601887163370918, -190.0600126868208406 ) ) ;
#2625 = EDGE_CURVE ( 'NONE', #1672, #3375, #208, .T. ) ;
#2626 = LINE ( 'NONE', #2403, #853 ) ;
#2627 = PLANE ( 'NONE',  #1036 ) ;
#2628 = DIRECTION ( 'NONE',  ( -0.004645884459284543855, 0.3522282340390547328, 0.9359026054581319753 ) ) ;
#2629 = EDGE_CURVE ( 'NONE', #253, #1672, #875, .T. ) ;
#2630 = CARTESIAN_POINT ( 'NONE',  ( -27.95831248622817000, 151.7302060848311953, -156.0684454988742687 ) ) ;
#2631 = VERTEX_POINT ( 'NONE', #845 ) ;
#2632 = DIRECTION ( 'NONE',  ( -0.9999877781250671172, -5.381554972451976267E-05, -0.004943754077442179262 ) ) ;
#2633 = CARTESIAN_POINT ( 'NONE',  ( 22.75048589210839012, 219.4430385690699836, -159.3206835776573769 ) ) ;
#2634 = EDGE_LOOP ( 'NONE', ( #3204, #1570, #2613, #1319 ) ) ;
#2635 = CARTESIAN_POINT ( 'NONE',  ( -18.16708887662707284, 163.3849310199230729, -152.6101080623522250 ) ) ;
#2636 = COORDINATED_UNIVERSAL_TIME_OFFSET ( 8, 0, .AHEAD. ) ;
#2637 = CARTESIAN_POINT ( 'NONE',  ( -19.79315643524943269, 194.9981133396102564, -150.3319918601669372 ) ) ;
#2638 = EDGE_LOOP ( 'NONE', ( #363, #1741, #431, #400 ) ) ;
#2639 = AXIS2_PLACEMENT_3D ( 'NONE', #653, #1214, #2267 ) ;
#2640 = VERTEX_POINT ( 'NONE', #291 ) ;
#2641 = CARTESIAN_POINT ( 'NONE',  ( 0.9011391526637013705, 151.4269777404738022, -183.9244531302517487 ) ) ;
#2642 = VECTOR ( 'NONE', #2951, 1000.000000000000114 ) ;
#2643 = CARTESIAN_POINT ( 'NONE',  ( -30.71670929313495790, 150.4595838579910776, -184.3498176135993560 ) ) ;
#2644 = CARTESIAN_POINT ( 'NONE',  ( 8.987487525178188719, 166.5794797556727360, -152.5471632467188101 ) ) ;
#2645 = EDGE_CURVE ( 'NONE', #3148, #2946, #1415, .T. ) ;
#2646 = CARTESIAN_POINT ( 'NONE',  ( 30.62061613627887269, 145.8861047608027377, -141.7141909260823809 ) ) ;
#2647 = DIRECTION ( 'NONE',  ( -0.004944046975061859063, 0.01088478573707893360, 0.9999285363659575765 ) ) ;
#2648 = DIRECTION ( 'NONE',  ( -0.004645884459284522171, 0.3522282340390548439, 0.9359026054581319753 ) ) ;
#2649 = ORIENTED_EDGE ( 'NONE', *, *, #2137, .F. ) ;
#2650 = ADVANCED_FACE ( 'NONE', ( #1044 ), #1588, .F. ) ;
#2651 = AXIS2_PLACEMENT_3D ( 'NONE', #2764, #1663, #625 ) ;
#2652 = CARTESIAN_POINT ( 'NONE',  ( -6.224013558121123779, 164.7559401253449778, -155.6104234477055286 ) ) ;
#2653 = LINE ( 'NONE', #497, #760 ) ;
#2654 = VERTEX_POINT ( 'NONE', #650 ) ;
#2655 = SPHERICAL_SURFACE ( 'NONE', #2583, 1.000000000000000000 ) ;
#2656 = AXIS2_PLACEMENT_3D ( 'NONE', #3247, #3299, #1922 ) ;
#2657 = CARTESIAN_POINT ( 'NONE',  ( -10.64412116332023395, 162.5192004012363043, -180.1019967399790289 ) ) ;
#2658 = VERTEX_POINT ( 'NONE', #1700 ) ;
#2659 = AXIS2_PLACEMENT_3D ( 'NONE', #920, #1722, #3026 ) ;
#2660 = EDGE_LOOP ( 'NONE', ( #3431, #3044, #3407, #2341 ) ) ;
#2661 = CARTESIAN_POINT ( 'NONE',  ( 20.16195069864075862, 195.0980255362085813, -141.1535790808163711 ) ) ;
#2662 = CARTESIAN_POINT ( 'NONE',  ( 6.235108023675643985, 164.7354722441712909, -155.6554249543282253 ) ) ;
#2663 = CARTESIAN_POINT ( 'NONE',  ( 20.76829884924425684, 161.0147265095748992, -152.4283387237326224 ) ) ;
#2664 = DIRECTION ( 'NONE',  ( 0.9999877781250670061, 5.381554972483313775E-05, 0.004943754077441517465 ) ) ;
#2665 = DIRECTION ( 'NONE',  ( -0.004944046975055641814, 0.01088478573711006842, 0.9999285363659573544 ) ) ;
#2666 = DIRECTION ( 'NONE',  ( 0.004944046975061859930, -0.01088478573707842186, -0.9999285363659576875 ) ) ;
#2667 = ORIENTED_EDGE ( 'NONE', *, *, #3198, .F. ) ;
#2668 = CARTESIAN_POINT ( 'NONE',  ( 25.92999655950131910, 145.5332730965446331, -188.8587336281968589 ) ) ;
#2669 = DIRECTION ( 'NONE',  ( 0.000000000000000000, -0.9999407575168364204, 0.01088491877119371690 ) ) ;
#2670 = EDGE_CURVE ( 'NONE', #1760, #2375, #3305, .T. ) ;
#2671 = ORIENTED_EDGE ( 'NONE', *, *, #790, .F. ) ;
#2672 = EDGE_LOOP ( 'NONE', ( #1103, #1180, #1290, #3269, #1650, #380, #2288, #1593, #781, #967, #2617, #2509, #395, #1196 ) ) ;
#2673 = CIRCLE ( 'NONE', #2899, 9.999999999999992895 ) ;
#2674 = B_SPLINE_CURVE_WITH_KNOTS ( 'NONE', 3,
 ( #2125, #2957, #3440, #2107, #779, #1881, #1285, #1097, #2161, #1620 ),
 .UNSPECIFIED., .F., .F.,
 ( 4, 2, 2, 2, 4 ),
 ( 0.000000000000000000, 0.0004028564826238993342, 0.0008057129652477986684, 0.001208569447871698111, 0.001611425930495597337 ),
 .UNSPECIFIED. ) ;
#2675 = SECURITY_CLASSIFICATION_LEVEL ( 'unclassified' ) ;
#2676 = CIRCLE ( 'NONE', #2786, 1.999999999999990896 ) ;
#2677 = EDGE_CURVE ( 'NONE', #36, #1626, #3056, .T. ) ;
#2678 = CYLINDRICAL_SURFACE ( 'NONE', #2208, 1.999999999999990896 ) ;
#2679 = ORIENTED_EDGE ( 'NONE', *, *, #171, .T. ) ;
#2680 = ORIENTED_EDGE ( 'NONE', *, *, #300, .F. ) ;
#2681 = CARTESIAN_POINT ( 'NONE',  ( -30.60485468090681493, 150.6442955170463449, -184.7182306971885737 ) ) ;
#2682 = CARTESIAN_POINT ( 'NONE',  ( -26.27944583165563941, 195.4736609374139107, -154.8171122318815662 ) ) ;
#2683 = FACE_OUTER_BOUND ( 'NONE', #2599, .T. ) ;
#2684 = CARTESIAN_POINT ( 'NONE',  ( -0.7531475826261222473, 164.7227197861191428, -156.8269268123425491 ) ) ;
#2685 = LINE ( 'NONE', #2157, #565 ) ;
#2686 = VERTEX_POINT ( 'NONE', #3287 ) ;
#2687 = CARTESIAN_POINT ( 'NONE',  ( -8.842008555182196972, 167.7125137167939499, -152.6476531261533864 ) ) ;
#2688 = CARTESIAN_POINT ( 'NONE',  ( 30.97107597150256098, 151.2960697323584611, -184.7744217863116774 ) ) ;
#2689 = ORIENTED_EDGE ( 'NONE', *, *, #1005, .T. ) ;
#2690 = CARTESIAN_POINT ( 'NONE',  ( -17.82576032424577051, 163.9813027610259724, -152.6512542294084369 ) ) ;
#2691 = EDGE_CURVE ( 'NONE', #803, #1795, #2710, .T. ) ;
#2692 = EDGE_LOOP ( 'NONE', ( #1287, #2203, #711, #228 ) ) ;
#2693 = ORIENTED_EDGE ( 'NONE', *, *, #932, .F. ) ;
#2694 = ADVANCED_FACE ( 'NONE', ( #3374 ), #966, .F. ) ;
#2695 = CARTESIAN_POINT ( 'NONE',  ( 0.3557443960555174423, 132.4716142038045064, -179.7205240888367257 ) ) ;
#2696 = CARTESIAN_POINT ( 'NONE',  ( 20.20965057279257593, 160.4111706638150565, -150.4243879213856303 ) ) ;
#2697 = AXIS2_PLACEMENT_3D ( 'NONE', #1026, #2092, #224 ) ;
#2698 = FACE_OUTER_BOUND ( 'NONE', #1692, .T. ) ;
#2699 = DIRECTION ( 'NONE',  ( -0.9999877781250670061, -5.381554972413989888E-05, -0.004943754077442461155 ) ) ;
#2700 = LINE ( 'NONE', #2937, #2980 ) ;
#2701 = ORIENTED_EDGE ( 'NONE', *, *, #2888, .F. ) ;
#2702 = PLANE ( 'NONE',  #361 ) ;
#2703 = CARTESIAN_POINT ( 'NONE',  ( -10.64651634648797263, 162.6658572911827889, -179.6191123902364382 ) ) ;
#2704 = VERTEX_POINT ( 'NONE', #1282 ) ;
#2705 = PLANE ( 'NONE',  #1131 ) ;
#2706 = VERTEX_POINT ( 'NONE', #2315 ) ;
#2707 = APPROVAL ( #3381, '未指定' ) ;
#2708 = ORIENTED_EDGE ( 'NONE', *, *, #2461, .F. ) ;
#2709 =( BOUNDED_SURFACE ( )  B_SPLINE_SURFACE ( 3, 3, ( 
 ( #3452, #2913, #2136, #1578 ),
 ( #3197, #2896, #1565, #231 ),
 ( #2644, #1294, #3213, #2663 ),
 ( #1055, #248, #1872, #609 ) ),
 .UNSPECIFIED., .F., .F., .F. ) 
 B_SPLINE_SURFACE_WITH_KNOTS ( ( 4, 4 ),
 ( 4, 4 ),
 ( 0.000000000000000000, 1.000000000000000000 ),
 ( 0.000000000000000000, 1.000000000000000000 ),
 .UNSPECIFIED. ) 
 GEOMETRIC_REPRESENTATION_ITEM ( )  RATIONAL_B_SPLINE_SURFACE ( (
 ( 1.000000000000000000, 0.9883011222627212655, 0.9883011222627212655, 1.000000000000000000),
 ( 0.8047378541243610517, 0.7953233243584001411, 0.7953233243584001411, 0.8047378541243610517),
 ( 0.8047378541243610517, 0.7953233243584001411, 0.7953233243584001411, 0.8047378541243610517),
 ( 1.000000000000000000, 0.9883011222627212655, 0.9883011222627212655, 1.000000000000000000) ) ) 
 REPRESENTATION_ITEM ( '' )  SURFACE ( )  );
#2710 = B_SPLINE_CURVE_WITH_KNOTS ( 'NONE', 3,
 ( #2771, #1929, #374, #1961, #1441, #2233, #1161, #915, #580, #616, #2247, #2508, #1718, #356, #3319, #3007, #2988, #3037, #2788, #1176, #3023, #3268, #1190, #326, #631, #1423, #117, #2215, #391, #3338, #2491, #1456, #2522, #1685, #103, #131, #2195, #2264, #601, #1912, #1653, #2723, #1671, #2739, #2458, #1392, #68, #342, #1406, #84, #1146, #884, #947, #2013, #3093, #1227, #200 ),
 .UNSPECIFIED., .F., .F.,
 ( 4, 2, 2, 1, 1, 2, 2, 2, 1, 1, 1, 1, 2, 2, 2, 2, 1, 1, 1, 1, 2, 2, 2, 2, 1, 1, 1, 1, 2, 2, 2, 2, 1, 2, 2, 4 ),
 ( 0.000000000000000000, 0.06250000000046725124, 0.09375000000071109785, 0.1093750000008362894, 0.1171875000009021811, 0.1210937500009380829, 0.1250000000009739709, 0.1875000000013740953, 0.2187500000015738522, 0.2343750000016636970, 0.2421875000017083557, 0.2460937500017255641, 0.2480468750017338353, 0.2500000000017421065, 0.3750000000020587976, 0.4375000000022241098, 0.4687500000023070990, 0.4843750000023482882, 0.4921875000023746005, 0.4960937500023840929, 0.4980468750023864244, 0.5000000000023887559, 0.6250000000023614444, 0.6875000000023478997, 0.7187500000023325786, 0.7343750000023188118, 0.7421875000023183677, 0.7460937500023133717, 0.7480468750023062663, 0.7500000000022990498, 0.8125000000017288393, 0.8437500000014509505, 0.8593750000013125057, 0.8671875000012365664, 0.8750000000011606271, 1.000000000000000000 ),
 .UNSPECIFIED. ) ;
#2711 = CIRCLE ( 'NONE', #1869, 1.799999999999992939 ) ;
#2712 = DIRECTION ( 'NONE',  ( 0.004944046975061859930, -0.01088478573707893707, -0.9999285363659576875 ) ) ;
#2713 = AXIS2_PLACEMENT_3D ( 'NONE', #3001, #1437, #1139 ) ;
#2714 = CARTESIAN_POINT ( 'NONE',  ( -26.66678356412064588, 150.7323952218425802, -155.8618982703776226 ) ) ;
#2715 = EDGE_CURVE ( 'NONE', #3222, #2880, #3390, .T. ) ;
#2716 = VECTOR ( 'NONE', #105, 1000.000000000000227 ) ;
#2717 = DIRECTION ( 'NONE',  ( -5.834362857868974630E-18, -0.9999407575168361983, 0.01088491877119495549 ) ) ;
#2718 = CARTESIAN_POINT ( 'NONE',  ( 27.94095287357253810, 151.6092079685990086, -154.8334199920512901 ) ) ;
#2719 = LINE ( 'NONE', #1124, #964 ) ;
#2720 = ADVANCED_FACE ( 'NONE', ( #682 ), #2297, .T. ) ;
#2721 = ORIENTED_EDGE ( 'NONE', *, *, #1519, .T. ) ;
#2722 = LINE ( 'NONE', #1126, #2596 ) ;
#2723 = CARTESIAN_POINT ( 'NONE',  ( 18.84443822022841530, 162.9630369877804128, -152.3587698981729659 ) ) ;
#2724 = ORIENTED_EDGE ( 'NONE', *, *, #2070, .T. ) ;
#2725 = CARTESIAN_POINT ( 'NONE',  ( 0.7024060138087662164, 150.8645667326142927, -143.7199904269364197 ) ) ;
#2726 = DIRECTION ( 'NONE',  ( -0.004944046975061859930, 0.01088478573707842012, 0.9999285363659576875 ) ) ;
#2727 = CIRCLE ( 'NONE', #1273, 1.999999999999990896 ) ;
#2728 = ORIENTED_EDGE ( 'NONE', *, *, #2350, .F. ) ;
#2729 = EDGE_LOOP ( 'NONE', ( #3095, #3250 ) ) ;
#2730 = DIRECTION ( 'NONE',  ( -1.000000000000000000, -8.531256904833194054E-16, 9.286754012898675327E-18 ) ) ;
#2731 = CARTESIAN_POINT ( 'NONE',  ( -27.00965057232136601, 151.4736400628527520, -155.2769204058432422 ) ) ;
#2732 = CARTESIAN_POINT ( 'NONE',  ( 0.3508003490804555979, 132.4824989895415968, -178.7205955524707690 ) ) ;
#2733 = EDGE_CURVE ( 'NONE', #1212, #39, #2044, .T. ) ;
#2734 = CARTESIAN_POINT ( 'NONE',  ( 27.14192894696308045, 150.7353277228897070, -155.5925046826951643 ) ) ;
#2735 = CARTESIAN_POINT ( 'NONE',  ( 26.24970169736213066, 145.8808662210521163, -142.1954282707642960 ) ) ;
#2736 = ORIENTED_EDGE ( 'NONE', *, *, #381, .T. ) ;
#2737 = CARTESIAN_POINT ( 'NONE',  ( -10.65595808587459992, 162.4956110739533415, -184.3925675647582239 ) ) ;
#2738 = EDGE_CURVE ( 'NONE', #2217, #39, #2033, .T. ) ;
#2739 = CARTESIAN_POINT ( 'NONE',  ( 18.83487411476238194, 162.9801638626723559, -152.3621251141537130 ) ) ;
#2740 = ORIENTED_EDGE ( 'NONE', *, *, #482, .T. ) ;
#2741 = CARTESIAN_POINT ( 'NONE',  ( -19.69597929448375950, 160.5800742310752298, -151.2198116353374076 ) ) ;
#2742 = CARTESIAN_POINT ( 'NONE',  ( 11.37672156371052701, 162.5036886606651478, -184.2633599367927957 ) ) ;
#2743 = ORIENTED_EDGE ( 'NONE', *, *, #1679, .T. ) ;
#2744 = VERTEX_POINT ( 'NONE', #2823 ) ;
#2745 = DIRECTION ( 'NONE',  ( -0.001690963655019472444, -0.9359141350837777429, 0.3522241791704560088 ) ) ;
#2746 = B_SPLINE_CURVE_WITH_KNOTS ( 'NONE', 3,
 ( #2293, #1205, #928, #2817, #2839, #718, #3089, #2048, #162, #1784, #3354, #678, #1731, #403 ),
 .UNSPECIFIED., .F., .F.,
 ( 4, 2, 2, 2, 2, 2, 4 ),
 ( 0.000000000000000000, 0.0004004731693607321841, 0.0008009463387214643681, 0.001601892677442891873, 0.002402839016164319379, 0.002803312185525021639, 0.003203785354885723899 ),
 .UNSPECIFIED. ) ;
#2747 = CARTESIAN_POINT ( 'NONE',  ( -25.92150358109782005, 151.1437071799057605, -157.0520617978482107 ) ) ;
#2748 = DIRECTION ( 'NONE',  ( 0.9999877781250672282, 5.381554972452630176E-05, 0.004943754077442180130 ) ) ;
#2749 = CARTESIAN_POINT ( 'NONE',  ( 27.50779230217597515, 150.7294229659713665, -156.1349439264706689 ) ) ;
#2750 = CARTESIAN_POINT ( 'NONE',  ( -26.78092918701764802, 150.7226027157612975, -156.7614847675064595 ) ) ;
#2751 = EDGE_CURVE ( 'NONE', #2078, #1611, #1984, .T. ) ;
#2752 = VECTOR ( 'NONE', #1299, 1000.000000000000114 ) ;
#2753 = DIRECTION ( 'NONE',  ( 1.994389897115271028E-16, 0.9999407575168361983, -0.01088491877119481151 ) ) ;
#2754 = DIRECTION ( 'NONE',  ( 0.000000000000000000, -0.9999407575168363094, 0.01088491877120073038 ) ) ;
#2755 = AXIS2_PLACEMENT_3D ( 'NONE', #628, #1697, #912 ) ;
#2756 = ORIENTED_EDGE ( 'NONE', *, *, #1451, .F. ) ;
#2757 = ADVANCED_FACE ( 'NONE', ( #1996 ), #931, .F. ) ;
#2758 = CARTESIAN_POINT ( 'NONE',  ( -18.52216501198853749, 162.7534656276987164, -152.5034493575827526 ) ) ;
#2759 = DIRECTION ( 'NONE',  ( 0.000000000000000000, -0.9999407575168363094, 0.01088491877119485488 ) ) ;
#2760 = ORIENTED_EDGE ( 'NONE', *, *, #615, .T. ) ;
#2761 = ADVANCED_FACE ( 'NONE', ( #2052 ), #722, .T. ) ;
#2762 = ORIENTED_EDGE ( 'NONE', *, *, #1978, .T. ) ;
#2763 = CARTESIAN_POINT ( 'NONE',  ( 0.7627058373620371201, 150.7318109835949258, -155.9155691932565730 ) ) ;
#2764 = CARTESIAN_POINT ( 'NONE',  ( 30.85793039108171953, 147.3635165604568726, -189.7325305091677876 ) ) ;
#2765 = VECTOR ( 'NONE', #1758, 1000.000000000000227 ) ;
#2766 = DIRECTION ( 'NONE',  ( 0.000000000000000000, -0.9359127059959950756, 0.3522320353903860557 ) ) ;
#2767 = AXIS2_PLACEMENT_3D ( 'NONE', #1652, #457, #3074 ) ;
#2768 = CARTESIAN_POINT ( 'NONE',  ( 26.40409823996842320, 151.1497551065608604, -156.4964698725366077 ) ) ;
#2769 = CARTESIAN_POINT ( 'NONE',  ( 0.2321432216789613978, 132.7437338472308852, -154.7223106797106311 ) ) ;
#2770 = DIRECTION ( 'NONE',  ( -0.004944046975061859930, 0.01088478573707842186, 0.9999285363659576875 ) ) ;
#2771 = CARTESIAN_POINT ( 'NONE',  ( 20.20965057279257593, 160.4111706638150565, -150.4243879213856303 ) ) ;
#2772 = AXIS2_PLACEMENT_3D ( 'NONE', #796, #3237, #2669 ) ;
#2773 = EDGE_LOOP ( 'NONE', ( #518, #1084, #3324, #847 ) ) ;
#2774 = CARTESIAN_POINT ( 'NONE',  ( -18.82046923822350593, 162.2121683906420060, -152.3464788335948015 ) ) ;
#2775 = FACE_OUTER_BOUND ( 'NONE', #2638, .T. ) ;
#2776 = EDGE_CURVE ( 'NONE', #1823, #1234, #2030, .T. ) ;
#2777 = ORIENTED_EDGE ( 'NONE', *, *, #2824, .T. ) ;
#2778 = EDGE_LOOP ( 'NONE', ( #2600, #2921, #890, #1379 ) ) ;
#2779 = EDGE_CURVE ( 'NONE', #188, #1143, #2227, .T. ) ;
#2780 = DATE_AND_TIME ( #1711, #1661 ) ;
#2781 = CARTESIAN_POINT ( 'NONE',  ( -30.04756065946968846, 147.3602388579151068, -190.0336359589607014 ) ) ;
#2782 = AXIS2_PLACEMENT_3D ( 'NONE', #2388, #1617, #2140 ) ;
#2783 = FACE_OUTER_BOUND ( 'NONE', #1828, .T. ) ;
#2784 = DIRECTION ( 'NONE',  ( 0.000000000000000000, -0.9999407575168363094, 0.01088491877120073038 ) ) ;
#2785 = DIRECTION ( 'NONE',  ( 0.004944046975061999576, -0.01088478573707907758, -0.9999285363659576875 ) ) ;
#2786 = AXIS2_PLACEMENT_3D ( 'NONE', #1937, #1628, #316 ) ;
#2787 = CARTESIAN_POINT ( 'NONE',  ( -10.59468069356960207, 172.3598046760602358, -190.2095874981959298 ) ) ;
#2788 = CARTESIAN_POINT ( 'NONE',  ( 19.93099847493036947, 160.9502372020740211, -151.4585624344209975 ) ) ;
#2789 = VERTEX_POINT ( 'NONE', #409 ) ;
#2790 = DIRECTION ( 'NONE',  ( 0.000000000000000000, 0.9999407575168361983, -0.01088491877119480630 ) ) ;
#2791 = CARTESIAN_POINT ( 'NONE',  ( 11.73872594357487387, 211.4160516015782321, -156.3543791100669580 ) ) ;
#2792 = VERTEX_POINT ( 'NONE', #1474 ) ;
#2793 = ORIENTED_EDGE ( 'NONE', *, *, #2751, .T. ) ;
#2794 = EDGE_CURVE ( 'NONE', #328, #2359, #2540, .T. ) ;
#2795 = PERSON_AND_ORGANIZATION ( #2362, #2108 ) ;
#2796 = CARTESIAN_POINT ( 'NONE',  ( 26.82145512558529177, 151.2829147632307354, -155.5435869177037205 ) ) ;
#2797 = ORIENTED_EDGE ( 'NONE', *, *, #399, .F. ) ;
#2798 = EDGE_CURVE ( 'NONE', #1446, #3027, #1496, .T. ) ;
#2799 = FACE_OUTER_BOUND ( 'NONE', #1104, .T. ) ;
#2800 = DIRECTION ( 'NONE',  ( 0.004944046975062000443, -0.01088478573707908105, -0.9999285363659576875 ) ) ;
#2801 = DIRECTION ( 'NONE',  ( -0.004645884459284543855, 0.3522282340390547328, 0.9359026054581319753 ) ) ;
#2802 = CARTESIAN_POINT ( 'NONE',  ( 22.73186822949302055, 195.5512663334842784, -154.6030236188704237 ) ) ;
#2803 = CARTESIAN_POINT ( 'NONE',  ( -24.20606467227170810, 161.5831983165378176, -167.5956853271923706 ) ) ;
#2804 = AXIS2_PLACEMENT_3D ( 'NONE', #3091, #1491, #1733 ) ;
#2805 = VERTEX_POINT ( 'NONE', #15 ) ;
#2806 = DIRECTION ( 'NONE',  ( 0.000000000000000000, -0.9359127059959955197, 0.3522320353903845569 ) ) ;
#2807 = CARTESIAN_POINT ( 'NONE',  ( -12.49699531731168989, 164.7085767660711610, -151.8045389655742383 ) ) ;
#2808 = LINE ( 'NONE', #3043, #2548 ) ;
#2809 = VERTEX_POINT ( 'NONE', #792 ) ;
#2810 = VERTEX_POINT ( 'NONE', #270 ) ;
#2811 =( LENGTH_UNIT ( ) NAMED_UNIT ( * ) SI_UNIT ( .MILLI., .METRE. ) );
#2812 = EDGE_CURVE ( 'NONE', #1889, #272, #2673, .T. ) ;
#2813 = CARTESIAN_POINT ( 'NONE',  ( -27.95831248622818777, 150.7302653273143846, -156.0575605801030861 ) ) ;
#2814 = ORIENTED_EDGE ( 'NONE', *, *, #2516, .F. ) ;
#2815 = AXIS2_PLACEMENT_3D ( 'NONE', #140, #3137, #1255 ) ;
#2816 = CARTESIAN_POINT ( 'NONE',  ( -10.64270902404197194, 167.7510801086490346, -184.3872767460887871 ) ) ;
#2817 = CARTESIAN_POINT ( 'NONE',  ( 9.819959563964507865, 167.0229580277435844, -152.4816713448292376 ) ) ;
#2818 = ADVANCED_FACE ( 'NONE', ( #3181 ), #3436, .F. ) ;
#2819 = AXIS2_PLACEMENT_3D ( 'NONE', #1302, #1684, #1422 ) ;
#2820 = CYLINDRICAL_SURFACE ( 'NONE', #407, 35.94690529099829490 ) ;
#2821 = AXIS2_PLACEMENT_3D ( 'NONE', #830, #3423, #1844 ) ;
#2822 = DIRECTION ( 'NONE',  ( -0.000000000000000000, 0.9999407575168361983, -0.01088491877119377761 ) ) ;
#2823 = CARTESIAN_POINT ( 'NONE',  ( -22.29648433693775900, 193.1391412173774711, -149.6447918333733753 ) ) ;
#2824 = EDGE_CURVE ( 'NONE', #2359, #1539, #543, .T. ) ;
#2825 = AXIS2_PLACEMENT_3D ( 'NONE', #1455, #2314, #1000 ) ;
#2826 = VERTEX_POINT ( 'NONE', #1298 ) ;
#2827 = DIRECTION ( 'NONE',  ( 0.000000000000000000, 0.9999407575168361983, -0.01088491877119452528 ) ) ;
#2828 = LINE ( 'NONE', #460, #1033 ) ;
#2829 = ADVANCED_BREP_SHAPE_REPRESENTATION ( 'M-COMA-340012-B', ( #1209, #1553 ), #1989 ) ;
#2830 = VECTOR ( 'NONE', #3414, 1000.000000000000114 ) ;
#2831 = CARTESIAN_POINT ( 'NONE',  ( 0.1728146579782190162, 161.4726569410572949, -143.0344769201753081 ) ) ;
#2832 = ORIENTED_EDGE ( 'NONE', *, *, #673, .T. ) ;
#2833 = EDGE_LOOP ( 'NONE', ( #514, #1481, #2040, #1344, #1686, #3383, #1403, #2361, #3189, #414, #3144, #1134, #2287, #1228, #1813, #1918 ) ) ;
#2834 = COORDINATED_UNIVERSAL_TIME_OFFSET ( 8, 0, .AHEAD. ) ;
#2835 = CARTESIAN_POINT ( 'NONE',  ( -27.66951779409294687, 150.7300489553993259, -156.0774375402515375 ) ) ;
#2836 = ORIENTED_EDGE ( 'NONE', *, *, #2394, .T. ) ;
#2837 = LOCAL_TIME ( 17, 9, 3.000000000000000000, #2636 ) ;
#2838 = CARTESIAN_POINT ( 'NONE',  ( 0.7024060138087601102, 150.8645667326142643, -143.7199904269364197 ) ) ;
#2839 = CARTESIAN_POINT ( 'NONE',  ( 9.760627810357034306, 166.9069080995096783, -152.4410167158773106 ) ) ;
#2840 = DIRECTION ( 'NONE',  ( 0.004944046975061859063, -0.01088478573707893360, -0.9999285363659575765 ) ) ;
#2841 = EDGE_CURVE ( 'NONE', #933, #2400, #2727, .T. ) ;
#2842 = CARTESIAN_POINT ( 'NONE',  ( 22.76906942990344973, 218.0341256329137138, -163.0642939994901610 ) ) ;
#2843 = DIRECTION ( 'NONE',  ( 0.004944046975061859930, -0.01088478573707842532, -0.9999285363659577985 ) ) ;
#2844 = AXIS2_PLACEMENT_3D ( 'NONE', #1528, #3371, #2858 ) ;
#2845 = ORIENTED_EDGE ( 'NONE', *, *, #3020, .F. ) ;
#2846 =( BOUNDED_CURVE ( )  B_SPLINE_CURVE ( 3, ( #1163, #2235, #1900, #329 ),
 .UNSPECIFIED., .F., .T. ) 
 B_SPLINE_CURVE_WITH_KNOTS ( ( 4, 4 ),
 ( 1.570796326794901443, 3.141592653589778017 ),
 .UNSPECIFIED. ) 
 CURVE ( )  GEOMETRIC_REPRESENTATION_ITEM ( )  RATIONAL_B_SPLINE_CURVE ( ( 1.000000000000000000, 0.8047378541243697114, 0.8047378541243697114, 1.000000000000000000 ) ) 
 REPRESENTATION_ITEM ( '' )  );
#2847 = CARTESIAN_POINT ( 'NONE',  ( 0.2098950102911827931, 132.7927153830478062, -150.2226322660638402 ) ) ;
#2848 = EDGE_CURVE ( 'NONE', #1909, #3190, #3240, .T. ) ;
#2849 = CARTESIAN_POINT ( 'NONE',  ( -8.344066018720736722, 165.7857100319683070, -151.7957304233570142 ) ) ;
#2850 = CARTESIAN_POINT ( 'NONE',  ( 27.35666594620552061, 151.4284014765921711, -183.7936619132813689 ) ) ;
#2851 = ORIENTED_EDGE ( 'NONE', *, *, #2994, .F. ) ;
#2852 = ORIENTED_EDGE ( 'NONE', *, *, #996, .T. ) ;
#2853 = DATE_AND_TIME ( #2289, #2446 ) ;
#2854 = CARTESIAN_POINT ( 'NONE',  ( 27.42331624854669414, 151.4613373269965280, -155.0341643719498279 ) ) ;
#2855 = PRODUCT_DEFINITION_SHAPE ( 'NONE', 'NONE',  #440 ) ;
#2856 = ORIENTED_EDGE ( 'NONE', *, *, #1604, .T. ) ;
#2857 = DIRECTION ( 'NONE',  ( 0.004944046975061859930, -0.01088478573707893707, -0.9999285363659576875 ) ) ;
#2858 = DIRECTION ( 'NONE',  ( 4.336808689942037300E-14, 0.9999407575168363094, -0.01088491877120073038 ) ) ;
#2859 = DIRECTION ( 'NONE',  ( -0.004944046975061859063, 0.01088478573707841839, 0.9999285363659575765 ) ) ;
#2860 = FACE_OUTER_BOUND ( 'NONE', #2291, .T. ) ;
#2861 = CARTESIAN_POINT ( 'NONE',  ( -19.78986055221012563, 160.4090180418261014, -150.6221380844833675 ) ) ;
#2862 = CARTESIAN_POINT ( 'NONE',  ( 0.1678706110031578380, 132.8852360618129183, -141.7232397069533079 ) ) ;
#2863 = APPROVAL ( #1326, '未指定' ) ;
#2864 = ORIENTED_EDGE ( 'NONE', *, *, #1475, .T. ) ;
#2865 = CARTESIAN_POINT ( 'NONE',  ( 0.1728146579782196268, 132.8743512760757994, -142.7231682433192645 ) ) ;
#2866 = LINE ( 'NONE', #1501, #1203 ) ;
#2867 = EDGE_CURVE ( 'NONE', #2640, #577, #287, .T. ) ;
#2868 = ORIENTED_EDGE ( 'NONE', *, *, #3170, .F. ) ;
#2869 = ORIENTED_EDGE ( 'NONE', *, *, #2376, .T. ) ;
#2870 = AXIS2_PLACEMENT_3D ( 'NONE', #2847, #3096, #2827 ) ;
#2871 = EDGE_CURVE ( 'NONE', #1011, #2390, #811, .T. ) ;
#2872 = CARTESIAN_POINT ( 'NONE',  ( -27.71671977773953088, 151.6734115448641376, -155.0665612584873827 ) ) ;
#2873 = ORIENTED_EDGE ( 'NONE', *, *, #639, .F. ) ;
#2874 = CARTESIAN_POINT ( 'NONE',  ( -25.27894940382598676, 146.0888378752060817, -142.9146938730559668 ) ) ;
#2875 = LINE ( 'NONE', #1510, #3295 ) ;
#2876 = CARTESIAN_POINT ( 'NONE',  ( -17.78658892435975147, 192.9759051197145823, -152.9668768190189496 ) ) ;
#2877 = CARTESIAN_POINT ( 'NONE',  ( 11.35560995543153240, 172.4698364755249713, -180.1015395448326615 ) ) ;
#2878 = VECTOR ( 'NONE', #1485, 1000.000000000000114 ) ;
#2879 = CARTESIAN_POINT ( 'NONE',  ( -8.480290960319736726, 165.8266247914006328, -151.1533477030080235 ) ) ;
#2880 = VERTEX_POINT ( 'NONE', #1582 ) ;
#2881 = AXIS2_PLACEMENT_3D ( 'NONE', #1440, #1928, #373 ) ;
#2882 = DIRECTION ( 'NONE',  ( 0.0003984800136894782550, -0.9359119795978976253, 0.3522337400914669625 ) ) ;
#2883 = DIRECTION ( 'NONE',  ( 0.000000000000000000, -0.9359127059959930772, 0.3522320353903913848 ) ) ;
#2884 = AXIS2_PLACEMENT_3D ( 'NONE', #626, #2452, #2766 ) ;
#2885 = EDGE_LOOP ( 'NONE', ( #2116, #1899, #852, #3076 ) ) ;
#2886 = CARTESIAN_POINT ( 'NONE',  ( -17.78988499595639894, 164.0433555889051433, -152.6519297094164074 ) ) ;
#2887 = AXIS2_PLACEMENT_3D ( 'NONE', #1179, #1965, #136 ) ;
#2888 = EDGE_CURVE ( 'NONE', #1809, #1062, #2916, .T. ) ;
#2889 = VECTOR ( 'NONE', #970, 1000.000000000000227 ) ;
#2890 = FACE_OUTER_BOUND ( 'NONE', #2905, .T. ) ;
#2891 = ORIENTED_EDGE ( 'NONE', *, *, #3198, .T. ) ;
#2892 = ORIENTED_EDGE ( 'NONE', *, *, #1064, .F. ) ;
#2893 = EDGE_CURVE ( 'NONE', #1988, #2792, #2085, .T. ) ;
#2894 = CARTESIAN_POINT ( 'NONE',  ( 31.35229792509779045, 150.7334571994288410, -155.7643399243403337 ) ) ;
#2895 = CARTESIAN_POINT ( 'NONE',  ( -30.13440450868840159, 151.4144224734105535, -185.0778400798410530 ) ) ;
#2896 = CARTESIAN_POINT ( 'NONE',  ( 12.92836996055424592, 164.7099450628035129, -151.6788406760425971 ) ) ;
#2897 = DIRECTION ( 'NONE',  ( 0.004944046975062000443, -0.01088478573707908105, -0.9999285363659576875 ) ) ;
#2898 = CYLINDRICAL_SURFACE ( 'NONE', #3069, 1.599999999999991207 ) ;
#2899 = AXIS2_PLACEMENT_3D ( 'NONE', #1858, #1876, #541 ) ;
#2900 = EDGE_LOOP ( 'NONE', ( #889, #2530, #2756, #3207 ) ) ;
#2901 = VECTOR ( 'NONE', #251, 1000.000000000000227 ) ;
#2902 = CARTESIAN_POINT ( 'NONE',  ( 25.71138375141645227, 145.7267315965910086, -188.7574119083620019 ) ) ;
#2903 = CARTESIAN_POINT ( 'NONE',  ( 31.49144365901142351, 150.4271147420214447, -183.9064248914943107 ) ) ;
#2904 = EDGE_LOOP ( 'NONE', ( #2797, #59, #2447, #2377 ) ) ;
#2905 = EDGE_LOOP ( 'NONE', ( #1041, #1191, #2969, #1832, #1504, #20, #822 ) ) ;
#2906 = DATE_AND_TIME ( #225, #2837 ) ;
#2907 = DIRECTION ( 'NONE',  ( 0.000000000000000000, -0.9359127059959954087, 0.3522320353903850565 ) ) ;
#2908 = VERTEX_POINT ( 'NONE', #2967 ) ;
#2909 = EDGE_CURVE ( 'NONE', #2356, #3148, #1777, .T. ) ;
#2910 = EDGE_LOOP ( 'NONE', ( #276, #2736, #2002, #2649 ) ) ;
#2911 = CARTESIAN_POINT ( 'NONE',  ( -33.26078840835031514, 211.3424122813105157, -156.5500455133885112 ) ) ;
#2912 = CYLINDRICAL_SURFACE ( 'NONE', #2231, 0.9999999999999953371 ) ;
#2913 = CARTESIAN_POINT ( 'NONE',  ( 12.92257764922429075, 164.7226973825260075, -150.5073515256439691 ) ) ;
#2914 = EDGE_CURVE ( 'NONE', #705, #3225, #1317, .T. ) ;
#2915 = LINE ( 'NONE', #28, #3051 ) ;
#2916 = LINE ( 'NONE', #2156, #2901 ) ;
#2917 = CARTESIAN_POINT ( 'NONE',  ( 6.405111534556676922, 168.3609565103382977, -190.0820040037946228 ) ) ;
#2918 = ORIENTED_EDGE ( 'NONE', *, *, #2070, .F. ) ;
#2919 = CARTESIAN_POINT ( 'NONE',  ( -8.307801502339453137, 165.6513164069197614, -155.1227531699536257 ) ) ;
#2920 = DIRECTION ( 'NONE',  ( -0.9999891284265391977, -0.002009375742162535731, -0.004207783009750831749 ) ) ;
#2921 = ORIENTED_EDGE ( 'NONE', *, *, #1839, .F. ) ;
#2922 = DIRECTION ( 'NONE',  ( 0.003495969142571055902, 0.6993681846185283435, -0.7147530486420735629 ) ) ;
#2923 = PERSON_AND_ORGANIZATION ( #2362, #2108 ) ;
#2924 = CARTESIAN_POINT ( 'NONE',  ( 11.74885466313691573, 206.8250283195966404, -158.9004398926719546 ) ) ;
#2925 = ORIENTED_EDGE ( 'NONE', *, *, #1662, .F. ) ;
#2926 = VECTOR ( 'NONE', #2648, 1000.000000000000114 ) ;
#2927 = EDGE_LOOP ( 'NONE', ( #134, #1625, #1788, #484 ) ) ;
#2928 = B_SPLINE_CURVE_WITH_KNOTS ( 'NONE', 3,
 ( #2919, #2970, #2372, #1605, #1042, #255, #511, #2652, #2408, #18 ),
 .UNSPECIFIED., .F., .F.,
 ( 4, 2, 2, 2, 4 ),
 ( 0.001544328649835094566, 0.002250810413256555502, 0.002957292176678013619, 0.003663773940099471736, 0.004370255703520930721 ),
 .UNSPECIFIED. ) ;
#2929 = PLANE ( 'NONE',  #1261 ) ;
#2930 = APPROVAL ( #924, '未指定' ) ;
#2931 = VECTOR ( 'NONE', #3159, 1000.000000000000227 ) ;
#2932 = FACE_OUTER_BOUND ( 'NONE', #2963, .T. ) ;
#2933 = CARTESIAN_POINT ( 'NONE',  ( 30.93671205709346950, 151.7333755916904181, -155.7772794225518282 ) ) ;
#2934 = FACE_OUTER_BOUND ( 'NONE', #1019, .T. ) ;
#2935 = EDGE_CURVE ( 'NONE', #2640, #537, #1631, .T. ) ;
#2936 = DIRECTION ( 'NONE',  ( 0.004944046975062000443, -0.01088478573707908105, -0.9999285363659576875 ) ) ;
#2937 = CARTESIAN_POINT ( 'NONE',  ( -33.26078840835031514, 214.3373329404976744, -157.6771880266377366 ) ) ;
#2938 = ORIENTED_EDGE ( 'NONE', *, *, #1679, .F. ) ;
#2939 = DIRECTION ( 'NONE',  ( 0.000000000000000000, 0.9999407575168363094, -0.01088491877120073038 ) ) ;
#2940 = EDGE_CURVE ( 'NONE', #272, #1594, #302, .T. ) ;
#2941 = LINE ( 'NONE', #817, #701 ) ;
#2942 = VECTOR ( 'NONE', #2603, 1000.000000000000114 ) ;
#2943 = ORIENTED_EDGE ( 'NONE', *, *, #2867, .F. ) ;
#2944 = ORIENTED_EDGE ( 'NONE', *, *, #2888, .T. ) ;
#2945 = CARTESIAN_POINT ( 'NONE',  ( 0.4002408188309488635, 160.9719567971519609, -189.0311895929859816 ) ) ;
#2946 = VERTEX_POINT ( 'NONE', #3419 ) ;
#2947 = AXIS2_PLACEMENT_3D ( 'NONE', #437, #1223, #1748 ) ;
#2948 = ORIENTED_EDGE ( 'NONE', *, *, #1112, .F. ) ;
#2949 = VECTOR ( 'NONE', #1975, 1000.000000000000227 ) ;
#2950 = CARTESIAN_POINT ( 'NONE',  ( -30.73933517503501633, 150.4245528533107858, -184.1417722552915563 ) ) ;
#2951 = DIRECTION ( 'NONE',  ( -0.9999877781250670061, -5.381554972533476422E-05, -0.004943754077442311101 ) ) ;
#2952 = DIRECTION ( 'NONE',  ( 0.004944046975061868604, -0.01088478573707161827, -0.9999285363659576875 ) ) ;
#2953 = CARTESIAN_POINT ( 'NONE',  ( -12.61937648469504580, 168.0650114707401883, -185.1724898161671433 ) ) ;
#2954 = SPHERICAL_SURFACE ( 'NONE', #2080, 1.000000000000000000 ) ;
#2955 = ORIENTED_EDGE ( 'NONE', *, *, #233, .F. ) ;
#2956 = EDGE_CURVE ( 'NONE', #843, #1076, #1943, .T. ) ;
#2957 = CARTESIAN_POINT ( 'NONE',  ( 11.35560995543146845, 163.4468825379298949, -180.0033196053526297 ) ) ;
#2958 = DIRECTION ( 'NONE',  ( 0.004943754084600615432, 0.000000000000000000, -0.9999877795731060282 ) ) ;
#2959 = ORIENTED_EDGE ( 'NONE', *, *, #2776, .T. ) ;
#2960 = ADVANCED_FACE ( 'NONE', ( #1822 ), #2898, .F. ) ;
#2961 = DIRECTION ( 'NONE',  ( 0.000000000000000000, -0.9359127059959930772, 0.3522320353903913848 ) ) ;
#2962 = ORIENTED_EDGE ( 'NONE', *, *, #2433, .T. ) ;
#2963 = EDGE_LOOP ( 'NONE', ( #2237, #138, #3202, #427 ) ) ;
#2964 = CARTESIAN_POINT ( 'NONE',  ( -5.644182272694745706, 168.4691585811124241, -180.1420436890643941 ) ) ;
#2965 = DIRECTION ( 'NONE',  ( 0.004944046975061859930, -0.01088478573707893360, -0.9999285363659576875 ) ) ;
#2966 = LINE ( 'NONE', #1107, #532 ) ;
#2967 = CARTESIAN_POINT ( 'NONE',  ( -19.79315643524942558, 194.9981133396102564, -150.3319918601669372 ) ) ;
#2968 = CARTESIAN_POINT ( 'NONE',  ( 22.67057724397500351, 175.2152202820822993, -142.6758799480598441 ) ) ;
#2969 = ORIENTED_EDGE ( 'NONE', *, *, #2677, .T. ) ;
#2970 = CARTESIAN_POINT ( 'NONE',  ( -8.125783843501572790, 165.5017110481824716, -155.1202246631268622 ) ) ;
#2971 = CARTESIAN_POINT ( 'NONE',  ( -22.23038058572457487, 218.0317039331761180, -163.2867629329750798 ) ) ;
#2972 = ADVANCED_FACE ( 'NONE', ( #2103 ), #1883, .F. ) ;
#2973 = ORIENTED_EDGE ( 'NONE', *, *, #1566, .F. ) ;
#2974 = CARTESIAN_POINT ( 'NONE',  ( -18.38499353848200002, 162.9982699515481670, -152.5499654235371167 ) ) ;
#2975 = ADVANCED_FACE ( 'NONE', ( #100 ), #1924, .T. ) ;
#2976 = VERTEX_POINT ( 'NONE', #1172 ) ;
#2977 = ORIENTED_EDGE ( 'NONE', *, *, #3194, .T. ) ;
#2978 = EDGE_CURVE ( 'NONE', #2217, #843, #383, .T. ) ;
#2979 = CARTESIAN_POINT ( 'NONE',  ( 23.87021157204743460, 208.4643972503457974, -188.4930397396153126 ) ) ;
#2980 = VECTOR ( 'NONE', #2389, 1000.000000000000000 ) ;
#2981 = CARTESIAN_POINT ( 'NONE',  ( -26.88794606710355595, 150.7246600729949364, -156.5724860809807524 ) ) ;
#2982 = DIRECTION ( 'NONE',  ( -7.409890710233097524E-19, 0.9999407575168364204, -0.01088491877119481324 ) ) ;
#2983 = DIRECTION ( 'NONE',  ( 0.004944046975061859930, -0.01088478573707842532, -0.9999285363659577985 ) ) ;
#2984 = CARTESIAN_POINT ( 'NONE',  ( 11.73872594357487387, 214.4109722607653907, -157.4815216233162118 ) ) ;
#2985 = AXIS2_PLACEMENT_3D ( 'NONE', #699, #3090, #679 ) ;
#2986 = ORIENTED_EDGE ( 'NONE', *, *, #3366, .F. ) ;
#2987 = DIRECTION ( 'NONE',  ( 1.142177454366021264E-12, -0.9359127059959929662, 0.3522320353903913293 ) ) ;
#2988 = CARTESIAN_POINT ( 'NONE',  ( 19.94425905372437668, 160.9247908341385198, -151.4356172296513137 ) ) ;
#2989 = ORIENTED_EDGE ( 'NONE', *, *, #1829, .T. ) ;
#2990 = CARTESIAN_POINT ( 'NONE',  ( 0.1678706110031578380, 145.8844659095318548, -141.8647436509788520 ) ) ;
#2991 = CARTESIAN_POINT ( 'NONE',  ( -19.82890332634039510, 175.2129331212190095, -142.8859894963511579 ) ) ;
#2992 = EDGE_LOOP ( 'NONE', ( #417, #1497, #260, #1850 ) ) ;
#2993 = ORIENTED_EDGE ( 'NONE', *, *, #1492, .F. ) ;
#2994 = EDGE_CURVE ( 'NONE', #480, #314, #2211, .T. ) ;
#2995 = VECTOR ( 'NONE', #152, 1000.000000000000227 ) ;
#2996 = CARTESIAN_POINT ( 'NONE',  ( -30.74842988961209045, 150.9653135561748627, -155.4249689690523155 ) ) ;
#2997 = AXIS2_PLACEMENT_3D ( 'NONE', #579, #67, #844 ) ;
#2998 = FACE_OUTER_BOUND ( 'NONE', #3379, .T. ) ;
#2999 = EDGE_CURVE ( 'NONE', #1622, #990, #2174, .T. ) ;
#3000 = VECTOR ( 'NONE', #927, 1000.000000000000227 ) ;
#3001 = CARTESIAN_POINT ( 'NONE',  ( -5.683734648495124553, 172.5559998970762194, -172.1861550732445210 ) ) ;
#3002 = CARTESIAN_POINT ( 'NONE',  ( 26.71655331824852553, 151.2503795360642300, -155.7120990051955403 ) ) ;
#3003 = CARTESIAN_POINT ( 'NONE',  ( -33.25065968878828215, 205.2539286697353873, -158.5325350393688666 ) ) ;
#3004 = VECTOR ( 'NONE', #3362, 1000.000000000000227 ) ;
#3005 = ORIENTED_EDGE ( 'NONE', *, *, #3318, .T. ) ;
#3006 = CARTESIAN_POINT ( 'NONE',  ( -5.764745313825156536, 164.7348264575746271, -155.7147500032575635 ) ) ;
#3007 = CARTESIAN_POINT ( 'NONE',  ( 19.96233127065205792, 160.8900729894555468, -151.4033504760396340 ) ) ;
#3008 = ORIENTED_EDGE ( 'NONE', *, *, #3341, .F. ) ;
#3009 = CARTESIAN_POINT ( 'NONE',  ( -18.97136477670755994, 161.9359940420188479, -152.2426939375972381 ) ) ;
#3010 = AXIS2_PLACEMENT_3D ( 'NONE', #1642, #2712, #1380 ) ;
#3011 = CARTESIAN_POINT ( 'NONE',  ( 22.66759561881724494, 171.8017857990625146, -142.0356206389816691 ) ) ;
#3012 = ORIENTED_EDGE ( 'NONE', *, *, #658, .F. ) ;
#3013 = ORIENTED_EDGE ( 'NONE', *, *, #937, .T. ) ;
#3014 = VECTOR ( 'NONE', #2206, 999.9999999999998863 ) ;
#3015 = DIRECTION ( 'NONE',  ( 0.004944046975061859930, -0.01088478573707893707, -0.9999285363659576875 ) ) ;
#3016 = EDGE_CURVE ( 'NONE', #2744, #2810, #2340, .T. ) ;
#3017 = DIRECTION ( 'NONE',  ( 0.000000000000000000, 0.9999407575168363094, -0.01088491877120073038 ) ) ;
#3018 = CARTESIAN_POINT ( 'NONE',  ( 7.989938753148075001, 165.1403022812598351, -155.1506465887342472 ) ) ;
#3019 = CARTESIAN_POINT ( 'NONE',  ( 27.93612772222153851, 150.7323344922480430, -155.8674771817159694 ) ) ;
#3020 = EDGE_CURVE ( 'NONE', #3375, #1675, #2176, .T. ) ;
#3021 = LINE ( 'NONE', #101, #1359 ) ;
#3022 = CARTESIAN_POINT ( 'NONE',  ( 22.75048589206632244, 219.4430385690699836, -159.3206835776575474 ) ) ;
#3023 = CARTESIAN_POINT ( 'NONE',  ( 19.92655655701504358, 160.9587559162317802, -151.4661252639488396 ) ) ;
#3024 = ORIENTED_EDGE ( 'NONE', *, *, #720, .T. ) ;
#3025 = CARTESIAN_POINT ( 'NONE',  ( -18.97475726999168799, 161.9297516273027497, -152.2401338357230998 ) ) ;
#3026 = DIRECTION ( 'NONE',  ( 0.000000000000000000, -0.9999407575168363094, 0.01088491877119054929 ) ) ;
#3027 = VERTEX_POINT ( 'NONE', #3264 ) ;
#3028 = VERTEX_POINT ( 'NONE', #2260 ) ;
#3029 = DIRECTION ( 'NONE',  ( 0.000000000000000000, -0.9999407575168364204, 0.01088491877119461201 ) ) ;
#3030 = CARTESIAN_POINT ( 'NONE',  ( -26.27944583165565007, 195.4736609374139107, -154.8171122318815662 ) ) ;
#3031 = CARTESIAN_POINT ( 'NONE',  ( 7.783590918526589242, 165.0462024862629278, -155.2090780627025310 ) ) ;
#3032 = CARTESIAN_POINT ( 'NONE',  ( 27.26335729374648409, 151.4143101178040638, -155.1486844913533787 ) ) ;
#3033 = PLANE ( 'NONE',  #2755 ) ;
#3034 = AXIS2_PLACEMENT_3D ( 'NONE', #2562, #445, #2015 ) ;
#3035 = ADVANCED_FACE ( 'NONE', ( #2330 ), #1767, .F. ) ;
#3036 = CARTESIAN_POINT ( 'NONE',  ( -10.77073615807022833, 162.5737615871553885, -184.6469529812685835 ) ) ;
#3037 = CARTESIAN_POINT ( 'NONE',  ( 19.93500886487887414, 160.9425441347047183, -151.4516884969438877 ) ) ;
#3038 = AXIS2_PLACEMENT_3D ( 'NONE', #2769, #2518, #2488 ) ;
#3039 = ORIENTED_EDGE ( 'NONE', *, *, #2841, .F. ) ;
#3040 = CARTESIAN_POINT ( 'NONE',  ( -18.32416054450350273, 163.1065324382585402, -152.5691439010266777 ) ) ;
#3041 = EDGE_CURVE ( 'NONE', #2658, #1675, #330, .T. ) ;
#3042 = VECTOR ( 'NONE', #1694, 1000.000000000000227 ) ;
#3043 = CARTESIAN_POINT ( 'NONE',  ( 20.17060779866232068, 175.2150857432080215, -142.6882393332534491 ) ) ;
#3044 = ORIENTED_EDGE ( 'NONE', *, *, #1701, .T. ) ;
#3045 = EDGE_LOOP ( 'NONE', ( #3039, #2724, #2168, #2110, #82 ) ) ;
#3046 = CIRCLE ( 'NONE', #2374, 1.999999999999990896 ) ;
#3047 = APPROVAL_ROLE ( '' ) ;
#3048 = CARTESIAN_POINT ( 'NONE',  ( -26.16940077171876311, 151.2249880773700568, -156.0945870309470251 ) ) ;
#3049 = TOROIDAL_SURFACE ( 'NONE', #1756, 33.00000000000000000, 1.000000000000000000 ) ;
#3050 = CARTESIAN_POINT ( 'NONE',  ( -5.683734648495124553, 172.5559998970762194, -172.1861550732445210 ) ) ;
#3051 = VECTOR ( 'NONE', #2404, 1000.000000000000114 ) ;
#3052 = CARTESIAN_POINT ( 'NONE',  ( 26.40556621235621648, 151.1465232243495507, -156.7933664714542488 ) ) ;
#3053 = PLANE ( 'NONE',  #2586 ) ;
#3054 = AXIS2_PLACEMENT_3D ( 'NONE', #2467, #1892, #79 ) ;
#3055 = DIRECTION ( 'NONE',  ( 0.000000000000000000, -0.9359127059959954087, 0.3522320353903850565 ) ) ;
#3056 = LINE ( 'NONE', #865, #1432 ) ;
#3057 = AXIS2_PLACEMENT_3D ( 'NONE', #2393, #512, #2958 ) ;
#3058 = EDGE_CURVE ( 'NONE', #987, #3225, #2746, .T. ) ;
#3059 = ORIENTED_EDGE ( 'NONE', *, *, #1049, .T. ) ;
#3060 = PLANE ( 'NONE',  #1182 ) ;
#3061 = LINE ( 'NONE', #1460, #1099 ) ;
#3062 = ADVANCED_FACE ( 'NONE', ( #438 ), #944, .T. ) ;
#3063 = VERTEX_POINT ( 'NONE', #2276 ) ;
#3064 = AXIS2_PLACEMENT_3D ( 'NONE', #1398, #1677, #366 ) ;
#3065 = ORIENTED_EDGE ( 'NONE', *, *, #951, .F. ) ;
#3066 = CARTESIAN_POINT ( 'NONE',  ( 11.37538614333170806, 162.4768452003818879, -183.9929482957391258 ) ) ;
#3067 = CARTESIAN_POINT ( 'NONE',  ( 26.51089521566511564, 151.1854200456687636, -156.1338508087582966 ) ) ;
#3068 = ORIENTED_EDGE ( 'NONE', *, *, #1185, .T. ) ;
#3069 = AXIS2_PLACEMENT_3D ( 'NONE', #1568, #2628, #234 ) ;
#3070 = DIRECTION ( 'NONE',  ( -0.004943754084601015286, 0.000000000000000000, 0.9999877795731060282 ) ) ;
#3071 = FACE_OUTER_BOUND ( 'NONE', #1805, .T. ) ;
#3072 = FACE_OUTER_BOUND ( 'NONE', #2992, .T. ) ;
#3073 = CIRCLE ( 'NONE', #882, 1.699999999999989519 ) ;
#3074 = DIRECTION ( 'NONE',  ( 0.000000000000000000, 0.9999407575168364204, -0.01088491877119459640 ) ) ;
#3075 = CARTESIAN_POINT ( 'NONE',  ( -9.535536643293491821, 167.3845083750424010, -152.6475116836259645 ) ) ;
#3076 = ORIENTED_EDGE ( 'NONE', *, *, #1746, .T. ) ;
#3077 = CARTESIAN_POINT ( 'NONE',  ( -33.24585562216255852, 195.4596626503875143, -154.8464256913204906 ) ) ;
#3078 = CARTESIAN_POINT ( 'NONE',  ( -19.85125416204476068, 160.3644551541251246, -150.6219565469165502 ) ) ;
#3079 = EDGE_CURVE ( 'NONE', #3156, #3227, #774, .T. ) ;
#3080 = CYLINDRICAL_SURFACE ( 'NONE', #696, 1.599999999999991207 ) ;
#3081 = ORIENTED_EDGE ( 'NONE', *, *, #254, .F. ) ;
#3082 = EDGE_LOOP ( 'NONE', ( #1095, #453, #767, #3345 ) ) ;
#3083 = EDGE_CURVE ( 'NONE', #3131, #1119, #109, .T. ) ;
#3084 = DIRECTION ( 'NONE',  ( 1.000000000000000000, 0.000000000000000000, 0.000000000000000000 ) ) ;
#3085 = PLANE ( 'NONE',  #1753 ) ;
#3086 = ORIENTED_EDGE ( 'NONE', *, *, #2226, .F. ) ;
#3087 = ADVANCED_FACE ( 'NONE', ( #962, #2590, #196 ), #2554, .T. ) ;
#3088 = FACE_BOUND ( 'NONE', #2729, .T. ) ;
#3089 = CARTESIAN_POINT ( 'NONE',  ( 9.441362473442328707, 166.3975788873092938, -152.1372177689534055 ) ) ;
#3090 = DIRECTION ( 'NONE',  ( 0.004944046975061859063, -0.01088478573707893880, -0.9999285363659576875 ) ) ;
#3091 = CARTESIAN_POINT ( 'NONE',  ( -33.09543481280896771, 194.9664864746052046, -190.3587602038631701 ) ) ;
#3092 = DIRECTION ( 'NONE',  ( -0.004645884459284533446, 0.3522282340390548439, 0.9359026054581320864 ) ) ;
#3093 = CARTESIAN_POINT ( 'NONE',  ( 18.39689111696022294, 163.7552068748754266, -152.4665168866324336 ) ) ;
#3094 = VECTOR ( 'NONE', #934, 1000.000000000000227 ) ;
#3095 = ORIENTED_EDGE ( 'NONE', *, *, #1746, .F. ) ;
#3096 = DIRECTION ( 'NONE',  ( -0.004944046975061859063, 0.01088478573707893880, 0.9999285363659576875 ) ) ;
#3097 = CARTESIAN_POINT ( 'NONE',  ( -16.37617598836788346, 162.8757995975348649, -151.8037683751842053 ) ) ;
#3098 = AXIS2_PLACEMENT_3D ( 'NONE', #2050, #1530, #3388 ) ;
#3099 = CARTESIAN_POINT ( 'NONE',  ( -19.83188495149813946, 160.5015387205912987, -142.1227455253728067 ) ) ;
#3100 = ORIENTED_EDGE ( 'NONE', *, *, #3442, .T. ) ;
#3101 = EDGE_LOOP ( 'NONE', ( #1778, #182, #553, #1962 ) ) ;
#3102 = LINE ( 'NONE', #940, #598 ) ;
#3103 = DIRECTION ( 'NONE',  ( 0.000000000000000000, 0.9999407575168363094, -0.01088491877119503355 ) ) ;
#3104 = ADVANCED_FACE ( 'NONE', ( #3071 ), #3130, .F. ) ;
#3105 = VERTEX_POINT ( 'NONE', #1800 ) ;
#3106 = FACE_BOUND ( 'NONE', #2337, .T. ) ;
#3107 = DIRECTION ( 'NONE',  ( 0.004944046975062000443, -0.01088478573707908105, -0.9999285363659576875 ) ) ;
#3108 = VECTOR ( 'NONE', #614, 1000.000000000000114 ) ;
#3109 = FACE_OUTER_BOUND ( 'NONE', #3449, .T. ) ;
#3110 = EDGE_CURVE ( 'NONE', #1129, #2946, #2063, .T. ) ;
#3111 = VECTOR ( 'NONE', #3199, 1000.000000000000114 ) ;
#3112 = DIRECTION ( 'NONE',  ( 0.004944046975061859930, -0.01088478573707893360, -0.9999285363659575765 ) ) ;
#3113 = CARTESIAN_POINT ( 'NONE',  ( -31.95324935044600778, 148.4894085237902743, -167.4914572272665509 ) ) ;
#3114 = AXIS2_PLACEMENT_3D ( 'NONE', #370, #1680, #352 ) ;
#3115 = EDGE_LOOP ( 'NONE', ( #73, #1503, #3457, #2721 ) ) ;
#3116 = CARTESIAN_POINT ( 'NONE',  ( -8.547921316695184402, 166.5785360664727364, -152.6338550552168272 ) ) ;
#3117 = CARTESIAN_POINT ( 'NONE',  ( 11.40505042518211987, 168.0118791152480924, -190.0534824001383072 ) ) ;
#3118 = ORIENTED_EDGE ( 'NONE', *, *, #1983, .F. ) ;
#3119 = ORIENTED_EDGE ( 'NONE', *, *, #2561, .F. ) ;
#3120 = CARTESIAN_POINT ( 'NONE',  ( -23.02534357652212549, 163.3869719143391421, -1.892405799972442404 ) ) ;
#3121 = CARTESIAN_POINT ( 'NONE',  ( 28.42754297656138363, 151.7441256095335405, -154.7897313102183148 ) ) ;
#3122 = ORIENTED_EDGE ( 'NONE', *, *, #1005, .F. ) ;
#3123 = CARTESIAN_POINT ( 'NONE',  ( 23.44058167220916999, 160.1939525506354300, -154.9063699723618015 ) ) ;
#3124 = EDGE_CURVE ( 'NONE', #277, #2621, #2875, .T. ) ;
#3125 = CARTESIAN_POINT ( 'NONE',  ( 0.7627058373620363430, 151.7317517411117649, -155.9264541120277556 ) ) ;
#3126 = FACE_OUTER_BOUND ( 'NONE', #2547, .T. ) ;
#3127 = CARTESIAN_POINT ( 'NONE',  ( -19.83188495149815012, 171.7994986381992248, -142.2457301872729261 ) ) ;
#3128 = ADVANCED_FACE ( 'NONE', ( #1453 ), #662, .F. ) ;
#3129 = CARTESIAN_POINT ( 'NONE',  ( -8.423269307339920076, 165.7793347876070129, -150.6243960319015969 ) ) ;
#3130 = TOROIDAL_SURFACE ( 'NONE', #1721, 33.00000000000000000, 1.000000000000000000 ) ;
#3131 = VERTEX_POINT ( 'NONE', #1240 ) ;
#3132 = CYLINDRICAL_SURFACE ( 'NONE', #637, 28.59999999999998721 ) ;
#3133 = ADVANCED_FACE ( 'NONE', ( #2312 ), #3331, .F. ) ;
#3134 = DIRECTION ( 'NONE',  ( -0.004645884459284543855, 0.3522282340390547328, 0.9359026054581319753 ) ) ;
#3135 = EDGE_LOOP ( 'NONE', ( #2793, #1935 ) ) ;
#3136 = VERTEX_POINT ( 'NONE', #2415 ) ;
#3137 = DIRECTION ( 'NONE',  ( 0.004944046975061859930, -0.01088478573707842186, -0.9999285363659576875 ) ) ;
#3138 = ORIENTED_EDGE ( 'NONE', *, *, #2848, .F. ) ;
#3139 = CARTESIAN_POINT ( 'NONE',  ( -25.51476622419287921, 145.9508077569543048, -142.7690384145725488 ) ) ;
#3140 = DIRECTION ( 'NONE',  ( 0.004944046975061859930, -0.01088478573707893360, -0.9999285363659575765 ) ) ;
#3141 = DIRECTION ( 'NONE',  ( 0.000000000000000000, -0.9359127059959950756, 0.3522320353903860557 ) ) ;
#3142 = LINE ( 'NONE', #2787, #1651 ) ;
#3143 = CARTESIAN_POINT ( 'NONE',  ( -9.321463540534379533, 166.9046936184721801, -152.5348446993851041 ) ) ;
#3144 = ORIENTED_EDGE ( 'NONE', *, *, #1645, .F. ) ;
#3145 = EDGE_CURVE ( 'NONE', #3027, #281, #201, .T. ) ;
#3146 = CARTESIAN_POINT ( 'NONE',  ( -30.04756065946968846, 145.3603573428814002, -190.0118661214182794 ) ) ;
#3147 = DIRECTION ( 'NONE',  ( -0.004944046975062000443, 0.01088478573707908105, 0.9999285363659576875 ) ) ;
#3148 = VERTEX_POINT ( 'NONE', #1293 ) ;
#3149 = ADVANCED_FACE ( 'NONE', ( #1564, #1818, #538 ), #1613, .F. ) ;
#3150 = CARTESIAN_POINT ( 'NONE',  ( -17.97454227666641913, 163.7226275385586121, -152.6401265591453580 ) ) ;
#3151 = CIRCLE ( 'NONE', #567, 31.99999999999998934 ) ;
#3152 = DATE_TIME_ROLE ( 'classification_date' ) ;
#3153 = CIRCLE ( 'NONE', #133, 31.99999999999998934 ) ;
#3154 = CARTESIAN_POINT ( 'NONE',  ( 6.355671064806058368, 170.1697036554877513, -180.1012230020461118 ) ) ;
#3155 = ORIENTED_EDGE ( 'NONE', *, *, #1944, .F. ) ;
#3156 = VERTEX_POINT ( 'NONE', #1577 ) ;
#3157 = CARTESIAN_POINT ( 'NONE',  ( -25.02567772993830530, 146.3992208411379750, -142.9949855057728314 ) ) ;
#3158 = CARTESIAN_POINT ( 'NONE',  ( -33.09543481280896771, 194.9664864746052046, -190.3587602038631701 ) ) ;
#3159 = DIRECTION ( 'NONE',  ( -0.001690963655018912779, -0.9359141350837786311, 0.3522241791704536773 ) ) ;
#3160 = DIRECTION ( 'NONE',  ( -0.004645884459283653074, 0.3522282340390607835, 0.9359026054581296439 ) ) ;
#3161 = CARTESIAN_POINT ( 'NONE',  ( -12.59465624981973697, 168.0105875420547932, -190.1721324979969552 ) ) ;
#3162 = ORIENTED_EDGE ( 'NONE', *, *, #3406, .T. ) ;
#3163 = CIRCLE ( 'NONE', #1194, 29.60000000000034248 ) ;
#3164 = CARTESIAN_POINT ( 'NONE',  ( 9.355634399181383287, 170.4698473293918539, -180.0896572154451576 ) ) ;
#3165 = CARTESIAN_POINT ( 'NONE',  ( 28.42754297656138363, 151.7441256095335405, -154.7897313102183148 ) ) ;
#3166 = ADVANCED_FACE ( 'NONE', ( #2932 ), #2912, .F. ) ;
#3167 = AXIS2_PLACEMENT_3D ( 'NONE', #1752, #702, #3373 ) ;
#3168 = ORIENTED_EDGE ( 'NONE', *, *, #2500, .F. ) ;
#3169 = ORIENTED_EDGE ( 'NONE', *, *, #1430, .T. ) ;
#3170 = EDGE_CURVE ( 'NONE', #926, #3222, #2492, .T. ) ;
#3171 = PERSON_AND_ORGANIZATION_ROLE ( 'classification_officer' ) ;
#3172 = VECTOR ( 'NONE', #2339, 1000.000000000000227 ) ;
#3173 = FACE_BOUND ( 'NONE', #2328, .T. ) ;
#3174 = ORIENTED_EDGE ( 'NONE', *, *, #1323, .T. ) ;
#3175 = ORIENTED_EDGE ( 'NONE', *, *, #2001, .F. ) ;
#3176 = CARTESIAN_POINT ( 'NONE',  ( 30.89589054796883971, 151.5034797924847396, -154.7963292878915524 ) ) ;
#3177 = CARTESIAN_POINT ( 'NONE',  ( 0.2420313156291974133, 164.7200685162958393, -157.0704851531207851 ) ) ;
#3178 = DIRECTION ( 'NONE',  ( 0.000000000000000000, 0.9999407575168363094, -0.01088491877120073038 ) ) ;
#3179 = LOCAL_TIME ( 17, 9, 3.000000000000000000, #139 ) ;
#3180 = DIRECTION ( 'NONE',  ( -0.9999877781250671172, -5.381554972442068014E-05, -0.004943754077442179262 ) ) ;
#3181 = FACE_OUTER_BOUND ( 'NONE', #2595, .T. ) ;
#3182 = CYLINDRICAL_SURFACE ( 'NONE', #1413, 1.000000000000002220 ) ;
#3183 = UNCERTAINTY_MEASURE_WITH_UNIT (LENGTH_MEASURE( 1.000000000000000082E-05 ), #2811, 'distance_accuracy_value', 'NONE');
#3184 = VERTEX_POINT ( 'NONE', #788 ) ;
#3185 = VECTOR ( 'NONE', #1385, 1000.000000000000227 ) ;
#3186 = CARTESIAN_POINT ( 'NONE',  ( -13.23851141967290879, 166.5722054792899485, -152.6569782984126675 ) ) ;
#3187 = CARTESIAN_POINT ( 'NONE',  ( 9.405074868932002730, 172.3608809870547418, -190.1107124166471181 ) ) ;
#3188 = AXIS2_PLACEMENT_3D ( 'NONE', #906, #623, #3029 ) ;
#3189 = ORIENTED_EDGE ( 'NONE', *, *, #3346, .F. ) ;
#3190 = VERTEX_POINT ( 'NONE', #12 ) ;
#3191 = CARTESIAN_POINT ( 'NONE',  ( 0.2420313156292075718, 132.7219642757570739, -156.7221677524425445 ) ) ;
#3192 = ORIENTED_EDGE ( 'NONE', *, *, #296, .T. ) ;
#3193 = ORIENTED_EDGE ( 'NONE', *, *, #1049, .F. ) ;
#3194 = EDGE_CURVE ( 'NONE', #448, #2087, #1853, .T. ) ;
#3195 = CARTESIAN_POINT ( 'NONE',  ( 31.03736482575449429, 151.2700257186931481, -154.8819030320529748 ) ) ;
#3196 = CARTESIAN_POINT ( 'NONE',  ( -30.20999811816320246, 151.2930158353886441, -185.0768922652211472 ) ) ;
#3197 = CARTESIAN_POINT ( 'NONE',  ( 8.775440661963411770, 165.7866313388913113, -151.7110947579940898 ) ) ;
#3198 = EDGE_CURVE ( 'NONE', #2412, #1162, #1312, .T. ) ;
#3199 = DIRECTION ( 'NONE',  ( 0.9999877781250670061, 5.381554972483313775E-05, 0.004943754077441517465 ) ) ;
#3200 = CARTESIAN_POINT ( 'NONE',  ( 20.20965057279259369, 194.9930097642211422, -150.8008307323589747 ) ) ;
#3201 = DIRECTION ( 'NONE',  ( -0.004943754084600615432, 0.000000000000000000, 0.9999877795731060282 ) ) ;
#3202 = ORIENTED_EDGE ( 'NONE', *, *, #1424, .F. ) ;
#3203 = DIRECTION ( 'NONE',  ( 0.004944046975061859063, -0.01088478573707893533, -0.9999285363659575765 ) ) ;
#3204 = ORIENTED_EDGE ( 'NONE', *, *, #386, .F. ) ;
#3205 = CARTESIAN_POINT ( 'NONE',  ( 25.95814476210674826, 197.2708090241919194, -150.9602114257869232 ) ) ;
#3206 = FACE_BOUND ( 'NONE', #1755, .T. ) ;
#3207 = ORIENTED_EDGE ( 'NONE', *, *, #2691, .T. ) ;
#3208 = CIRCLE ( 'NONE', #2360, 1.999999999999990896 ) ;
#3209 = ORIENTED_EDGE ( 'NONE', *, *, #486, .T. ) ;
#3210 = DIRECTION ( 'NONE',  ( 0.004943754084600977122, -8.326672684688680364E-15, -0.9999877795731061392 ) ) ;
#3211 = DIRECTION ( 'NONE',  ( -0.004645884459284543855, 0.3522282340390547328, 0.9359026054581319753 ) ) ;
#3212 = EDGE_CURVE ( 'NONE', #2588, #621, #2075, .T. ) ;
#3213 = CARTESIAN_POINT ( 'NONE',  ( 17.21472998068432858, 163.5997613279381824, -152.4740485518591129 ) ) ;
#3214 = CARTESIAN_POINT ( 'NONE',  ( -27.95831248622817000, 150.7302653273143846, -156.0575605801030861 ) ) ;
#3215 = DIRECTION ( 'NONE',  ( -0.004645884459284544722, 0.3522282340390547328, 0.9359026054581320864 ) ) ;
#3216 = EDGE_CURVE ( 'NONE', #2631, #2552, #2135, .T. ) ;
#3217 = DIRECTION ( 'NONE',  ( 0.9999877781250671172, 5.381554972537442569E-05, 0.004943754077442311101 ) ) ;
#3218 = ORIENTED_EDGE ( 'NONE', *, *, #2004, .T. ) ;
#3219 = CARTESIAN_POINT ( 'NONE',  ( -21.01797305767444612, 161.9597964196642579, -152.6452343985840798 ) ) ;
#3220 = DIRECTION ( 'NONE',  ( -0.9999877781250670061, -5.381554972537288747E-05, -0.004943754077442168854 ) ) ;
#3221 = AXIS2_PLACEMENT_3D ( 'NONE', #969, #1535, #685 ) ;
#3222 = VERTEX_POINT ( 'NONE', #2895 ) ;
#3223 = CARTESIAN_POINT ( 'NONE',  ( -32.07901463123524621, 148.7662926516028392, -142.0555554691406428 ) ) ;
#3224 = VECTOR ( 'NONE', #232, 1000.000000000000114 ) ;
#3225 = VERTEX_POINT ( 'NONE', #214 ) ;
#3226 = CIRCLE ( 'NONE', #3445, 34.00000000000000711 ) ;
#3227 = VERTEX_POINT ( 'NONE', #1278 ) ;
#3228 = CIRCLE ( 'NONE', #1102, 1.000000000000002220 ) ;
#3229 = CARTESIAN_POINT ( 'NONE',  ( -30.65311716033568956, 150.5639200834942244, -184.6068109685622005 ) ) ;
#3230 = CARTESIAN_POINT ( 'NONE',  ( 22.73186822949302055, 197.4440146610706961, -155.3153620577401739 ) ) ;
#3231 = CARTESIAN_POINT ( 'NONE',  ( 6.167797279753820305, 168.8834262257178693, -142.0854342582516949 ) ) ;
#3232 = CARTESIAN_POINT ( 'NONE',  ( -25.91833650004249279, 145.8976998291049370, -140.6490124323085240 ) ) ;
#3233 = DIRECTION ( 'NONE',  ( 0.004944046975061858196, -0.01088478573707894054, -0.9999285363659575765 ) ) ;
#3234 = ORIENTED_EDGE ( 'NONE', *, *, #996, .F. ) ;
#3235 = EDGE_CURVE ( 'NONE', #2805, #1626, #489, .T. ) ;
#3236 = FACE_OUTER_BOUND ( 'NONE', #17, .T. ) ;
#3237 = DIRECTION ( 'NONE',  ( -0.004944046975061860798, 0.01088478573707841839, 0.9999285363659577985 ) ) ;
#3238 = EDGE_LOOP ( 'NONE', ( #599, #973, #3395, #675 ) ) ;
#3239 = LINE ( 'NONE', #2990, #3260 ) ;
#3240 = CIRCLE ( 'NONE', #2167, 1.799999999999992939 ) ;
#3241 = ADVANCED_FACE ( 'NONE', ( #1013 ), #2081, .T. ) ;
#3242 = CIRCLE ( 'NONE', #2614, 33.00000000000001421 ) ;
#3243 = ORIENTED_EDGE ( 'NONE', *, *, #1811, .F. ) ;
#3244 = ORIENTED_EDGE ( 'NONE', *, *, #238, .T. ) ;
#3245 = DIRECTION ( 'NONE',  ( 0.000000000000000000, 0.9999407575168363094, -0.01088491877119503355 ) ) ;
#3246 = CARTESIAN_POINT ( 'NONE',  ( 6.306230595055438926, 170.2785515128585416, -170.1019376383864881 ) ) ;
#3247 = CARTESIAN_POINT ( 'NONE',  ( -19.78986055221011142, 192.9909756271985657, -150.9768110579142615 ) ) ;
#3248 = CARTESIAN_POINT ( 'NONE',  ( 27.29701240508728333, 150.7371879243715682, -155.4216176677273324 ) ) ;
#3249 = CARTESIAN_POINT ( 'NONE',  ( 11.35560995543153240, 172.4698364755249713, -180.1015395448326615 ) ) ;
#3250 = ORIENTED_EDGE ( 'NONE', *, *, #1939, .F. ) ;
#3251 = CARTESIAN_POINT ( 'NONE',  ( -26.42428451910001286, 145.8830348205945882, -141.9962103331005778 ) ) ;
#3252 = CARTESIAN_POINT ( 'NONE',  ( -10.64412116332021974, 163.4458300961371719, -180.1120836265112359 ) ) ;
#3253 = EDGE_CURVE ( 'NONE', #36, #2058, #2676, .T. ) ;
#3254 = ORIENTED_EDGE ( 'NONE', *, *, #2001, .T. ) ;
#3255 = CARTESIAN_POINT ( 'NONE',  ( -19.68834515495213466, 160.5944405589895609, -151.2435998208009664 ) ) ;
#3256 = EDGE_CURVE ( 'NONE', #1331, #3105, #3242, .T. ) ;
#3257 = ORIENTED_EDGE ( 'NONE', *, *, #2090, .F. ) ;
#3258 = ORIENTED_EDGE ( 'NONE', *, *, #615, .F. ) ;
#3259 = DIRECTION ( 'NONE',  ( -0.004645884459284544722, 0.3522282340390547328, 0.9359026054581319753 ) ) ;
#3260 = VECTOR ( 'NONE', #1963, 1000.000000000000227 ) ;
#3261 = LINE ( 'NONE', #3030, #2428 ) ;
#3262 = AXIS2_PLACEMENT_3D ( 'NONE', #2366, #1335, #44 ) ;
#3263 = FACE_OUTER_BOUND ( 'NONE', #202, .T. ) ;
#3264 = CARTESIAN_POINT ( 'NONE',  ( 0.2420313156291974133, 164.7200685162958393, -157.0704851531207851 ) ) ;
#3265 = CYLINDRICAL_SURFACE ( 'NONE', #2364, 1.599999999999991207 ) ;
#3266 = ORIENTED_EDGE ( 'NONE', *, *, #1641, .F. ) ;
#3267 = CARTESIAN_POINT ( 'NONE',  ( -30.28487491427254596, 147.8827085732946216, -142.0370662134176882 ) ) ;
#3268 = CARTESIAN_POINT ( 'NONE',  ( 19.86538294025915974, 161.0760443689615613, -151.5695747856090634 ) ) ;
#3269 = ORIENTED_EDGE ( 'NONE', *, *, #3083, .T. ) ;
#3270 = AXIS2_PLACEMENT_3D ( 'NONE', #1169, #2450, #318 ) ;
#3271 = LINE ( 'NONE', #1914, #1079 ) ;
#3272 = ADVANCED_FACE ( 'NONE', ( #1416 ), #2432, .F. ) ;
#3273 = DIRECTION ( 'NONE',  ( -0.004944046975061859930, 0.01088478573707840798, 0.9999285363659576875 ) ) ;
#3274 = ORIENTED_EDGE ( 'NONE', *, *, #548, .T. ) ;
#3275 = ORIENTED_EDGE ( 'NONE', *, *, #1587, .F. ) ;
#3276 = AXIS2_PLACEMENT_3D ( 'NONE', #2387, #2897, #1567 ) ;
#3277 = EDGE_CURVE ( 'NONE', #277, #1011, #95, .T. ) ;
#3278 = CARTESIAN_POINT ( 'NONE',  ( -30.63607423507804484, 151.1583142083996449, -155.2510539607627891 ) ) ;
#3279 = AXIS2_PLACEMENT_3D ( 'NONE', #2180, #1911, #2987 ) ;
#3280 = DIRECTION ( 'NONE',  ( -0.004645884459284519569, 0.3522282340390607835, 0.9359026054581296439 ) ) ;
#3281 = VECTOR ( 'NONE', #3291, 1000.000000000000000 ) ;
#3282 = CARTESIAN_POINT ( 'NONE',  ( 7.137274229311691087, 164.8349587668448635, -155.4118674685425958 ) ) ;
#3283 = CARTESIAN_POINT ( 'NONE',  ( 28.28618605228480476, 150.7332921927698806, -155.7794982261164591 ) ) ;
#3284 = CARTESIAN_POINT ( 'NONE',  ( 42.16070873653652029, 145.9013635851270294, -140.3124422613132651 ) ) ;
#3285 = AXIS2_PLACEMENT_3D ( 'NONE', #899, #1946, #2754 ) ;
#3286 = CARTESIAN_POINT ( 'NONE',  ( -10.62434497541998724, 162.4756612582879711, -184.1017108854428272 ) ) ;
#3287 = CARTESIAN_POINT ( 'NONE',  ( 27.35666594620551351, 150.4284607190753604, -183.7827769945101863 ) ) ;
#3288 = ORIENTED_EDGE ( 'NONE', *, *, #1725, .F. ) ;
#3289 = CARTESIAN_POINT ( 'NONE',  ( -19.54115597837472151, 160.8724624011324238, -151.5869394039245037 ) ) ;
#3290 = CC_DESIGN_APPROVAL ( #2863, ( #1562 ) ) ;
#3291 = DIRECTION ( 'NONE',  ( -0.004645884459284542987, 0.3522282340390547328, 0.9359026054581319753 ) ) ;
#3292 = ORIENTED_EDGE ( 'NONE', *, *, #2327, .F. ) ;
#3293 = PRODUCT_RELATED_PRODUCT_CATEGORY ( 'detail', '', ( #2348 ) ) ;
#3294 = ORIENTED_EDGE ( 'NONE', *, *, #1301, .F. ) ;
#3295 = VECTOR ( 'NONE', #2571, 1000.000000000000114 ) ;
#3296 = CARTESIAN_POINT ( 'NONE',  ( -30.79592829046728752, 150.8819900684879087, -155.5344988638942993 ) ) ;
#3297 = DIRECTION ( 'NONE',  ( 0.000000000000000000, -0.9999407575168363094, 0.01088491877120073038 ) ) ;
#3298 = EDGE_CURVE ( 'NONE', #3375, #1331, #155, .T. ) ;
#3299 = DIRECTION ( 'NONE',  ( -0.9999877781250672282, -5.381554972414444576E-05, -0.004943754077442182732 ) ) ;
#3300 =( BOUNDED_CURVE ( )  B_SPLINE_CURVE ( 3, ( #1908, #1632, #49, #1094 ),
 .UNSPECIFIED., .F., .T. ) 
 B_SPLINE_CURVE_WITH_KNOTS ( ( 4, 4 ),
 ( 3.141592653589790007, 4.707444913267695874 ),
 .UNSPECIFIED. ) 
 CURVE ( )  GEOMETRIC_REPRESENTATION_ITEM ( )  RATIONAL_B_SPLINE_CURVE ( ( 1.000000000000000000, 0.8059017403685360126, 0.8059017403685360126, 1.000000000000000000 ) ) 
 REPRESENTATION_ITEM ( '' )  );
#3301 = CARTESIAN_POINT ( 'NONE',  ( 27.56048855125027686, 150.7396434959946987, -155.1960371005629611 ) ) ;
#3302 = DIRECTION ( 'NONE',  ( -0.004944046975062572034, 0.01088478573707097642, 0.9999285363659576875 ) ) ;
#3303 = EDGE_CURVE ( 'NONE', #3190, #1966, #2449, .T. ) ;
#3304 = CARTESIAN_POINT ( 'NONE',  ( -10.62361869821807225, 162.4740622905256657, -184.2485997202696240 ) ) ;
#3305 = LINE ( 'NONE', #1127, #2949 ) ;
#3306 = ORIENTED_EDGE ( 'NONE', *, *, #658, .T. ) ;
#3307 = CARTESIAN_POINT ( 'NONE',  ( -18.35494003899860971, 163.0517935204614730, -152.5596689293179793 ) ) ;
#3308 = DIRECTION ( 'NONE',  ( -0.004645884459284543855, 0.3522282340390547328, 0.9359026054581319753 ) ) ;
#3309 = ORIENTED_EDGE ( 'NONE', *, *, #1666, .F. ) ;
#3310 = ORIENTED_EDGE ( 'NONE', *, *, #1370, .F. ) ;
#3311 = DIRECTION ( 'NONE',  ( 0.000000000000000000, -0.9999407575168364204, 0.01088491877119371690 ) ) ;
#3312 = PLANE ( 'NONE',  #1428 ) ;
#3313 = EDGE_CURVE ( 'NONE', #1861, #2272, #3335, .T. ) ;
#3314 = DIRECTION ( 'NONE',  ( 0.000000000000000000, 0.9999407575168364204, -0.01088491877119459640 ) ) ;
#3315 = CARTESIAN_POINT ( 'NONE',  ( -26.73983978811384787, 150.7210436764928829, -156.9047055796949337 ) ) ;
#3316 = AXIS2_PLACEMENT_3D ( 'NONE', #1358, #550, #2396 ) ;
#3317 = CARTESIAN_POINT ( 'NONE',  ( 26.09647187232394927, 145.8793585805359498, -142.3339273474675224 ) ) ;
#3318 = EDGE_CURVE ( 'NONE', #328, #2588, #1825, .T. ) ;
#3319 = CARTESIAN_POINT ( 'NONE',  ( 19.99677363533207952, 160.8237918742262877, -151.3383526400588437 ) ) ;
#3320 = VECTOR ( 'NONE', #1649, 1000.000000000000114 ) ;
#3321 = ORIENTED_EDGE ( 'NONE', *, *, #259, .T. ) ;
#3322 = CARTESIAN_POINT ( 'NONE',  ( -19.78986055221011497, 160.4090180418261014, -150.6221380844833675 ) ) ;
#3323 = CARTESIAN_POINT ( 'NONE',  ( -19.78986055221010787, 194.9908571422322154, -150.9985808954566835 ) ) ;
#3324 = ORIENTED_EDGE ( 'NONE', *, *, #919, .F. ) ;
#3325 = ORIENTED_EDGE ( 'NONE', *, *, #1001, .T. ) ;
#3326 = FACE_OUTER_BOUND ( 'NONE', #1515, .T. ) ;
#3327 = DIRECTION ( 'NONE',  ( 0.004944046975061859930, -0.01088478573707893360, -0.9999285363659575765 ) ) ;
#3328 = ORIENTED_EDGE ( 'NONE', *, *, #3216, .T. ) ;
#3329 = DIRECTION ( 'NONE',  ( 0.004645884459282796988, -0.3522282340390547328, -0.9359026054581319753 ) ) ;
#3330 = CIRCLE ( 'NONE', #3276, 33.00000000000001421 ) ;
#3331 = CYLINDRICAL_SURFACE ( 'NONE', #273, 1.599999999999991207 ) ;
#3332 = DIRECTION ( 'NONE',  ( 1.800672583906227835E-17, 0.9999407575168364204, -0.01088491877119480977 ) ) ;
#3333 = CARTESIAN_POINT ( 'NONE',  ( 9.355634399181383287, 170.4698473293918539, -180.0896572154451576 ) ) ;
#3334 = ADVANCED_FACE ( 'NONE', ( #891 ), #75, .T. ) ;
#3335 = B_SPLINE_CURVE_WITH_KNOTS ( 'NONE', 3,
 ( #554, #1137, #2187, #60, #3278, #2996, #3296, #1156, #1105, #1120 ),
 .UNSPECIFIED., .F., .F.,
 ( 4, 2, 2, 2, 4 ),
 ( 0.000000000000000000, 0.0004222752877453360269, 0.0008445505754906720538, 0.001266825863236008135, 0.001689101150981344108 ),
 .UNSPECIFIED. ) ;
#3336 = CIRCLE ( 'NONE', #2489, 4.000000000000008882 ) ;
#3337 = CARTESIAN_POINT ( 'NONE',  ( 26.10297869416962513, 186.2902087603414145, -180.1366697652749167 ) ) ;
#3338 = CARTESIAN_POINT ( 'NONE',  ( 19.42275644623422792, 161.9089377877481297, -152.0407886213308188 ) ) ;
#3339 = AXIS2_PLACEMENT_3D ( 'NONE', #1897, #1342, #831 ) ;
#3340 = VERTEX_POINT ( 'NONE', #591 ) ;
#3341 = EDGE_CURVE ( 'NONE', #1539, #2686, #1669, .T. ) ;
#3342 = DIRECTION ( 'NONE',  ( -0.004944046975061859063, 0.01088478573707893186, 0.9999285363659575765 ) ) ;
#3343 = CARTESIAN_POINT ( 'NONE',  ( 0.2420313156292075718, 132.7219642757570739, -156.7221677524425445 ) ) ;
#3344 = DIRECTION ( 'NONE',  ( -0.004944046975061859930, 0.01088478573707841665, 0.9999285363659575765 ) ) ;
#3345 = ORIENTED_EDGE ( 'NONE', *, *, #2629, .F. ) ;
#3346 = EDGE_CURVE ( 'NONE', #1659, #448, #2465, .T. ) ;
#3347 = AXIS2_PLACEMENT_3D ( 'NONE', #397, #1199, #2256 ) ;
#3348 = ORIENTED_EDGE ( 'NONE', *, *, #2893, .F. ) ;
#3349 = PERSON_AND_ORGANIZATION ( #2362, #2108 ) ;
#3350 = CARTESIAN_POINT ( 'NONE',  ( -28.60697040228388488, 150.7302304190054087, -156.0607674245140970 ) ) ;
#3351 = VERTEX_POINT ( 'NONE', #1904 ) ;
#3352 = AXIS2_PLACEMENT_3D ( 'NONE', #3161, #525, #756 ) ;
#3353 = FACE_OUTER_BOUND ( 'NONE', #2569, .T. ) ;
#3354 = CARTESIAN_POINT ( 'NONE',  ( 8.905852282892286809, 165.8280189824301374, -151.0698545796411167 ) ) ;
#3355 = CARTESIAN_POINT ( 'NONE',  ( -17.78988499595997652, 192.9792009289104726, -152.9669126958925176 ) ) ;
#3356 = VECTOR ( 'NONE', #2745, 1000.000000000000227 ) ;
#3357 = FACE_OUTER_BOUND ( 'NONE', #2018, .T. ) ;
#3358 = DIRECTION ( 'NONE',  ( 0.004944046975061859063, -0.01088478573707841839, -0.9999285363659575765 ) ) ;
#3359 = ORIENTED_EDGE ( 'NONE', *, *, #123, .T. ) ;
#3360 = CARTESIAN_POINT ( 'NONE',  ( 0.2197831042413066482, 132.7709458115736538, -152.2224893387957536 ) ) ;
#3361 = DIRECTION ( 'NONE',  ( 0.004944046975061859063, -0.01088478573707840624, -0.9999285363659575765 ) ) ;
#3362 = DIRECTION ( 'NONE',  ( 0.000000000000000000, -0.9999407575168363094, 0.01088491877119466926 ) ) ;
#3363 = EDGE_CURVE ( 'NONE', #621, #1129, #1693, .T. ) ;
#3364 = ORIENTED_EDGE ( 'NONE', *, *, #1587, .T. ) ;
#3365 = ORIENTED_EDGE ( 'NONE', *, *, #2132, .F. ) ;
#3366 = EDGE_CURVE ( 'NONE', #1177, #364, #210, .T. ) ;
#3367 = DATE_AND_TIME ( #451, #3179 ) ;
#3368 = CARTESIAN_POINT ( 'NONE',  ( 26.47142055300187735, 151.1723303228193629, -156.2609900299185597 ) ) ;
#3369 = EDGE_LOOP ( 'NONE', ( #3292, #562, #1710, #1574 ) ) ;
#3370 = DIRECTION ( 'NONE',  ( 0.004645884459284524773, -0.3522282340390552879, -0.9359026054581318643 ) ) ;
#3371 = DIRECTION ( 'NONE',  ( -0.004944046975061859930, 0.01088478573707893707, 0.9999285363659576875 ) ) ;
#3372 = DIRECTION ( 'NONE',  ( 0.004944046975061859930, -0.01088478573707893707, -0.9999285363659576875 ) ) ;
#3373 = DIRECTION ( 'NONE',  ( 0.000000000000000000, -0.9999407575168361983, 0.01088491877119450273 ) ) ;
#3374 = FACE_OUTER_BOUND ( 'NONE', #149, .T. ) ;
#3375 = VERTEX_POINT ( 'NONE', #1435 ) ;
#3376 = DIRECTION ( 'NONE',  ( 1.488985130897903991E-18, 0.9999407575168363094, -0.01088491877119481151 ) ) ;
#3377 = CARTESIAN_POINT ( 'NONE',  ( -12.80174208971738992, 165.4752348705334555, -152.6428775926042078 ) ) ;
#3378 = LINE ( 'NONE', #1791, #3172 ) ;
#3379 = EDGE_LOOP ( 'NONE', ( #2322, #2282, #2864, #1864, #2131 ) ) ;
#3380 = ORIENTED_EDGE ( 'NONE', *, *, #2019, .T. ) ;
#3381 = APPROVAL_STATUS ( 'not_yet_approved' ) ;
#3382 = DIRECTION ( 'NONE',  ( 0.000000000000000000, 0.01088491877119481151, 0.9999407575168361983 ) ) ;
#3383 = ORIENTED_EDGE ( 'NONE', *, *, #2019, .F. ) ;
#3384 = EDGE_CURVE ( 'NONE', #748, #2164, #2166, .T. ) ;
#3385 = DIRECTION ( 'NONE',  ( 0.004944046975061858196, -0.01088478573707893360, -0.9999285363659576875 ) ) ;
#3386 = DIRECTION ( 'NONE',  ( 0.000000000000000000, 0.9999407575168361983, -0.01088491877119453222 ) ) ;
#3387 = VECTOR ( 'NONE', #1328, 1000.000000000000114 ) ;
#3388 = DIRECTION ( 'NONE',  ( 0.000000000000000000, 0.9999407575168363094, -0.01088491877119503355 ) ) ;
#3389 = DIRECTION ( 'NONE',  ( 0.000000000000000000, -0.3522246827390664303, -0.9359154731434692343 ) ) ;
#3390 = LINE ( 'NONE', #181, #98 ) ;
#3391 = VECTOR ( 'NONE', #3344, 1000.000000000000227 ) ;
#3392 = VERTEX_POINT ( 'NONE', #349 ) ;
#3393 = CARTESIAN_POINT ( 'NONE',  ( 6.219709772991966368, 172.7688990055459328, -152.6282235651788710 ) ) ;
#3394 = DIRECTION ( 'NONE',  ( 0.000000000000000000, 0.9999407575168363094, -0.01088491877119485488 ) ) ;
#3395 = ORIENTED_EDGE ( 'NONE', *, *, #984, .T. ) ;
#3396 = ORIENTED_EDGE ( 'NONE', *, *, #2978, .F. ) ;
#3397 = DIRECTION ( 'NONE',  ( -0.9999877781250670061, -5.381554972537443246E-05, -0.004943754077442311969 ) ) ;
#3398 = EDGE_LOOP ( 'NONE', ( #379, #2955, #1740, #1268 ) ) ;
#3399 = CARTESIAN_POINT ( 'NONE',  ( -25.83215278990002872, 145.8773139992216841, -142.5217523768663455 ) ) ;
#3400 = DIRECTION ( 'NONE',  ( -2.364858737308502775E-20, 0.9999407575168364204, -0.01088491877119495722 ) ) ;
#3401 = EDGE_CURVE ( 'NONE', #510, #2809, #3073, .T. ) ;
#3402 = FACE_OUTER_BOUND ( 'NONE', #2660, .T. ) ;
#3403 = DIRECTION ( 'NONE',  ( -1.734723475976814983E-15, 0.9999407575168363094, -0.01088491877120073038 ) ) ;
#3404 = LINE ( 'NONE', #408, #978 ) ;
#3405 = DIRECTION ( 'NONE',  ( 0.000000000000000000, -0.9999407575168361983, 0.01088491877119450273 ) ) ;
#3406 = EDGE_CURVE ( 'NONE', #2654, #2309, #837, .T. ) ;
#3407 = ORIENTED_EDGE ( 'NONE', *, *, #1064, .T. ) ;
#3408 = FACE_OUTER_BOUND ( 'NONE', #3115, .T. ) ;
#3409 = CARTESIAN_POINT ( 'NONE',  ( 0.3755205839557647085, 132.4280750608562016, -183.7202382343005240 ) ) ;
#3410 = ORIENTED_EDGE ( 'NONE', *, *, #3303, .F. ) ;
#3411 = ORIENTED_EDGE ( 'NONE', *, *, #1944, .T. ) ;
#3412 = DIRECTION ( 'NONE',  ( -0.001690963655020537347, -0.9359141350837774098, 0.3522241791704571190 ) ) ;
#3413 = ORIENTED_EDGE ( 'NONE', *, *, #3256, .F. ) ;
#3414 = DIRECTION ( 'NONE',  ( 0.000000000000000000, 0.9999407575168361983, -0.01088491877119720369 ) ) ;
#3415 = DIRECTION ( 'NONE',  ( 0.9999877781250670061, 5.381554972452539374E-05, 0.004943754077442306764 ) ) ;
#3416 = DIRECTION ( 'NONE',  ( 0.9999877781250670061, 5.381554972450341154E-05, 0.004943754077442331918 ) ) ;
#3417 = EDGE_CURVE ( 'NONE', #818, #2826, #3453, .T. ) ;
#3418 = LINE ( 'NONE', #1016, #1976 ) ;
#3419 = CARTESIAN_POINT ( 'NONE',  ( 31.49073124039941618, 150.4286831987908784, -183.7623389425642983 ) ) ;
#3420 = DESIGN_CONTEXT ( 'detailed design', #2159, 'design' ) ;
#3421 = VERTEX_POINT ( 'NONE', #3066 ) ;
#3422 = EDGE_CURVE ( 'NONE', #3392, #3156, #3102, .T. ) ;
#3423 = DIRECTION ( 'NONE',  ( -9.909787885595105557E-17, -0.9999407575168364204, 0.01088491877119481498 ) ) ;
#3424 = CARTESIAN_POINT ( 'NONE',  ( -22.27790079910061749, 191.7302282812212297, -153.3884022552059605 ) ) ;
#3425 = AXIS2_PLACEMENT_3D ( 'NONE', #37, #241, #2961 ) ;
#3426 = ORIENTED_EDGE ( 'NONE', *, *, #2566, .T. ) ;
#3427 = DIRECTION ( 'NONE',  ( 0.000000000000000000, -0.9999407575168363094, 0.01088491877120073038 ) ) ;
#3428 = AXIS2_PLACEMENT_3D ( 'NONE', #439, #2800, #1206 ) ;
#3429 = DIRECTION ( 'NONE',  ( 1.488985130897903991E-18, 0.9999407575168363094, -0.01088491877119481151 ) ) ;
#3430 = EDGE_LOOP ( 'NONE', ( #1879, #3325, #1747, #2059 ) ) ;
#3431 = ORIENTED_EDGE ( 'NONE', *, *, #3401, .F. ) ;
#3432 = CARTESIAN_POINT ( 'NONE',  ( 31.34718047950098452, 150.7426409047925517, -155.6224427860154265 ) ) ;
#3433 = DIRECTION ( 'NONE',  ( 0.004944046975061859063, -0.01088478573707842359, -0.9999285363659575765 ) ) ;
#3434 = CARTESIAN_POINT ( 'NONE',  ( 0.9011391526636679528, 150.4270369829569916, -183.9135682114805377 ) ) ;
#3435 = CARTESIAN_POINT ( 'NONE',  ( -8.423269307339920076, 165.7793347876070129, -150.6243960319015969 ) ) ;
#3436 = CYLINDRICAL_SURFACE ( 'NONE', #770, 0.9999999999999953371 ) ;
#3437 = FACE_OUTER_BOUND ( 'NONE', #549, .T. ) ;
#3438 = ORIENTED_EDGE ( 'NONE', *, *, #548, .F. ) ;
#3439 = VECTOR ( 'NONE', #203, 1000.000000000000114 ) ;
#3440 = CARTESIAN_POINT ( 'NONE',  ( 11.35549011556592447, 163.3139548122927067, -179.9776322476249106 ) ) ;
#3441 = CARTESIAN_POINT ( 'NONE',  ( 31.49073124039941618, 150.4286831987908784, -183.7623389425642983 ) ) ;
#3442 = EDGE_CURVE ( 'NONE', #1119, #2513, #2005, .T. ) ;
#3443 = EDGE_LOOP ( 'NONE', ( #958, #1222, #1024, #3234 ) ) ;
#3444 = CARTESIAN_POINT ( 'NONE',  ( 0.4002408188309498072, 160.9719567971519609, -189.0311895929859816 ) ) ;
#3445 = AXIS2_PLACEMENT_3D ( 'NONE', #2504, #1367, #1418 ) ;
#3446 = ADVANCED_FACE ( 'NONE', ( #3326 ), #434, .T. ) ;
#3447 = AXIS2_PLACEMENT_3D ( 'NONE', #726, #3134, #2883 ) ;
#3448 = CARTESIAN_POINT ( 'NONE',  ( 21.97410643910590267, 0.001182563070863627656, 0.1086359060409351207 ) ) ;
#3449 = EDGE_LOOP ( 'NONE', ( #2034, #1275, #1291, #2565 ) ) ;
#3450 = CARTESIAN_POINT ( 'NONE',  ( 22.89531982412919220, 208.4624383052194503, -188.4971419171457114 ) ) ;
#3451 = CARTESIAN_POINT ( 'NONE',  ( 27.86693046248285910, 150.7320953674943382, -155.8894443265699010 ) ) ;
#3452 = CARTESIAN_POINT ( 'NONE',  ( 8.769648350633453049, 165.7993836586138343, -150.5396056075954903 ) ) ;
#3453 = CIRCLE ( 'NONE', #3347, 1.699999999999989519 ) ;
#3454 = DIRECTION ( 'NONE',  ( 0.9999877781250671172, 5.381554971754143091E-05, 0.004943754077442254723 ) ) ;
#3455 = CARTESIAN_POINT ( 'NONE',  ( 0.3804646309308266083, 132.4171902751191965, -184.7201667706664807 ) ) ;
#3456 = CARTESIAN_POINT ( 'NONE',  ( -25.67664622055297130, 145.3655958826320784, -189.5306287767359379 ) ) ;
#3457 = ORIENTED_EDGE ( 'NONE', *, *, #151, .F. ) ;
ENDSEC;
END-ISO-10303-21;
